created,id,first_name,last_name,email,gender,city
01/10/2023,1,Forrest,Carvil,fcarvil0@wufoo.com,Male,Loei
01/25/2023,2,Elsa,Norley,enorley1@edublogs.org,Female,Palmas
03/27/2023,3,Biddie,Schoenrock,bschoenrock2@whitehouse.gov,Female,Bekwai
01/22/2023,4,Shela,Reinbeck,sreinbeck3@ow.ly,Female,Xianghuaqiao
03/03/2023,5,Joelle,Brindle,jbrindle4@illinois.edu,Female,Ar Rawḑah
01/22/2023,6,Jenica,Moan,jmoan5@dot.gov,Female,København
03/21/2023,7,Griffy,McLauchlin,gmclauchlin6@paginegialle.it,Male,Sena Madureira
01/13/2023,8,Lothaire,De Roeck,lderoeck7@java.com,Male,Hollola
04/07/2023,9,Rem,Gyves,rgyves8@microsoft.com,Male,Bugembe
01/14/2023,10,Ransom,Corre,rcorre9@tinypic.com,Male,Guayabal de Síquima
01/30/2023,11,Dean,Clynman,dclynmana@google.com.hk,Male,Pasirpengarayan
04/06/2023,12,Haven,Ginman,hginmanb@feedburner.com,Male,Bantay
03/18/2023,13,Denis,Janjic,djanjicc@dedecms.com,Male,Wutan
01/07/2023,14,Paige,Whimpenny,pwhimpennyd@telegraph.co.uk,Male,Hirakata
01/09/2023,15,Harley,Kingswood,hkingswoode@google.nl,Female,Isaka
04/14/2023,16,Piotr,Van der Brug,pvanderbrugf@theatlantic.com,Male,Belém
03/18/2023,17,Nerti,Loweth,nlowethg@blog.com,Female,Shakhta
01/19/2023,18,Rose,Frostdicke,rfrostdickeh@1688.com,Female,Kiuola
04/12/2023,19,Franzen,Killwick,fkillwicki@abc.net.au,Male,El Paso
03/01/2023,20,Willamina,Michel,wmichelj@slideshare.net,Female,Paloh
02/09/2023,21,Theodora,Jouannin,tjouannink@hibu.com,Female,Volary
03/29/2023,22,Rob,Halloway,rhallowayl@cbslocal.com,Male,Bandar-e Torkaman
03/01/2023,23,Kassandra,Yeell,kyeellm@youku.com,Female,Klyuchevskiy
03/08/2023,24,Hal,Dashkovich,hdashkovichn@infoseek.co.jp,Genderfluid,Memphis
01/21/2023,25,Ali,Scarsbrook,ascarsbrooko@ustream.tv,Polygender,Tanout
02/05/2023,26,Lennard,Zecchetti,lzecchettip@cpanel.net,Male,Sihe
04/08/2023,27,Lewie,Martello,lmartelloq@theatlantic.com,Male,Bangekdewa
04/08/2023,28,Glyn,Skittreal,gskittrealr@businesswire.com,Male,Luocun
02/12/2023,29,Trumaine,Ennew,tennews@nymag.com,Male,Akouda
03/24/2023,30,Catha,Chillingworth,cchillingwortht@myspace.com,Female,Maracanaú
01/15/2023,31,Elia,Diddams,ediddamsu@netvibes.com,Male,Söderhamn
01/02/2023,32,Hi,Shieber,hshieberv@twitpic.com,Male,Mananum
04/03/2023,33,Kenn,Yankin,kyankinw@zdnet.com,Male,Zürich
02/07/2023,34,Konstance,Yoodall,kyoodallx@reddit.com,Female,Lukou
01/13/2023,35,Gustaf,McIlwrick,gmcilwricky@shop-pro.jp,Male,Angers
03/13/2023,36,Swen,Bolwell,sbolwellz@studiopress.com,Male,Kyzyl-Kyya
02/28/2023,37,Taber,Bortolozzi,tbortolozzi10@desdev.cn,Male,Lazaro Cardenas
03/31/2023,38,Burgess,Crennan,bcrennan11@ezinearticles.com,Male,Odawara
02/10/2023,39,Isaak,Bodd,ibodd12@cam.ac.uk,Male,Cruz Alta
01/17/2023,40,Leyla,Dizlie,ldizlie13@hud.gov,Female,Patani
03/01/2023,41,Dulce,Screen,dscreen14@uol.com.br,Female,Daduo
04/13/2023,42,Charmine,Milliken,cmilliken15@ebay.com,Female,Nanding
01/08/2023,43,Mozelle,Hoble,mhoble16@delicious.com,Female,Labrang
01/17/2023,44,Lazarus,Hallex,lhallex17@intel.com,Male,Seremban
01/02/2023,45,Kaitlynn,Elwill,kelwill18@oakley.com,Female,Maiduguri
02/22/2023,46,Eli,Leeb,eleeb19@cbslocal.com,Male,Ciudian
04/14/2023,47,Sadye,Beckingham,sbeckingham1a@msu.edu,Female,Miguel Hidalgo
03/12/2023,48,Jerrold,Gate,jgate1b@foxnews.com,Male,Ad Dīwānīyah
01/25/2023,49,Kevon,Horrigan,khorrigan1c@youtube.com,Male,Kudusan
02/24/2023,50,Delaney,De Ambrosi,ddeambrosi1d@earthlink.net,Male,Coronel Belisle
03/11/2023,51,Jourdain,Kelmere,jkelmere1e@wp.com,Male,Kyoto
03/22/2023,52,Denys,Egan,degan1f@blogtalkradio.com,Male,Dayanggezhuang
02/18/2023,53,Codie,Clemits,cclemits1g@epa.gov,Female,Sungai Raya
03/16/2023,54,Karlik,Whetnall,kwhetnall1h@cocolog-nifty.com,Male,An Châu
02/08/2023,55,Tamarra,Jacquest,tjacquest1i@bloomberg.com,Female,Khānpur
02/14/2023,56,Isaiah,Creyke,icreyke1j@moonfruit.com,Bigender,Nakonde
02/05/2023,57,Cornie,Ellum,cellum1k@hatena.ne.jp,Male,Tanjung
04/10/2023,58,Sibella,Banford,sbanford1l@cmu.edu,Female,Chengzhai
02/14/2023,59,Eartha,Wrathmall,ewrathmall1m@ox.ac.uk,Female,Ugljevik
01/12/2023,60,Nehemiah,Stoller,nstoller1n@irs.gov,Male,Suita
03/17/2023,61,Ceil,Corpe,ccorpe1o@arstechnica.com,Female,Kolirerek
03/12/2023,62,Karylin,Melloi,kmelloi1p@amazon.co.jp,Female,Klevan’
03/05/2023,63,Gian,Normandale,gnormandale1q@uol.com.br,Male,Demerval Lobão
01/27/2023,64,Averell,Bugbee,abugbee1r@pcworld.com,Male,Lanchkhuti
03/14/2023,65,Norbie,Kohlert,nkohlert1s@ebay.com,Male,Bollène
04/14/2023,66,Wanids,Asple,wasple1t@upenn.edu,Female,Cubará
04/08/2023,67,Roseann,Lepard,rlepard1u@icio.us,Female,Ailibugai
01/06/2023,68,Gerda,Yanshin,gyanshin1v@google.com.hk,Female,Mijiang
01/13/2023,69,Jorgan,Muller,jmuller1w@cocolog-nifty.com,Male,Itaúna
03/21/2023,70,Lazar,Jaquiss,ljaquiss1x@dmoz.org,Male,Vellinge
01/27/2023,71,Tatiania,Brymham,tbrymham1y@quantcast.com,Female,Breves
01/27/2023,72,Ade,Pundy,apundy1z@tinypic.com,Male,Rodez
03/25/2023,73,Allayne,Willshere,awillshere20@google.fr,Male,Labuhanjambu
03/05/2023,74,Brittne,Schankel,bschankel21@goodreads.com,Female,Babakansari
03/28/2023,75,Luise,Connar,lconnar22@wufoo.com,Female,Gandapura
02/05/2023,76,Almeria,Barlie,abarlie23@diigo.com,Female,San Juan Bautista
01/11/2023,77,Doloritas,Ennion,dennion24@tripadvisor.com,Female,Porvoo
04/16/2023,78,Vanya,Langabeer,vlangabeer25@multiply.com,Male,Kowingir
03/13/2023,79,Travus,Killerby,tkillerby26@cmu.edu,Male,Lima Pampa
02/22/2023,80,Courtney,Lambarth,clambarth27@berkeley.edu,Female,Melaka
01/15/2023,81,Hunfredo,Kimberley,hkimberley28@google.it,Male,Kalaxilike
01/20/2023,82,Mallissa,Buxsy,mbuxsy29@tinypic.com,Female,Vrsi
04/04/2023,83,Rhodie,Kenny,rkenny2a@mapquest.com,Female,Bhairāhawā
04/16/2023,84,Luz,Jelley,ljelley2b@usnews.com,Female,Medenychi
01/08/2023,85,Hastings,Cosbee,hcosbee2c@nytimes.com,Male,Massy
02/21/2023,86,Aprilette,Caldaro,acaldaro2d@tinyurl.com,Female,Lubao
03/22/2023,87,Isiahi,Kunzel,ikunzel2e@netscape.com,Male,Bonga
02/11/2023,88,Jane,Walkowski,jwalkowski2f@hao123.com,Female,Bokani
01/03/2023,89,Oates,Alphonso,oalphonso2g@fc2.com,Male,Haoxinying
03/11/2023,90,Steven,Hasley,shasley2h@bbb.org,Male,Sulbiny Górne
02/08/2023,91,Edita,Popelay,epopelay2i@prlog.org,Female,Yangping
04/11/2023,92,Tremaine,Kirwin,tkirwin2j@yellowpages.com,Male,Tokoname
04/09/2023,93,Korey,Yglesia,kyglesia2k@fotki.com,Male,Olival
01/20/2023,94,Obed,Jorio,ojorio2l@jugem.jp,Male,Tanggulangin
03/13/2023,95,Louisa,Frances,lfrances2m@npr.org,Female,Magisterial
04/16/2023,96,Laurella,Glancey,lglancey2n@tripadvisor.com,Female,Kadipaten
01/20/2023,97,Sile,Cops,scops2o@webnode.com,Female,Tyumen
03/24/2023,98,Tedie,Speller,tspeller2p@marriott.com,Male,Monastirákion
02/05/2023,99,Breanne,Hunt,bhunt2q@tamu.edu,Female,Ulaan Khat
04/07/2023,100,Rhetta,Wrist,rwrist2r@sina.com.cn,Non-binary,Sharga
03/25/2023,101,Yale,Lyddiatt,ylyddiatt2s@flavors.me,Genderqueer,Methóni
03/22/2023,102,Lucine,Philcock,lphilcock2t@google.co.uk,Female,Punata
01/26/2023,103,Lev,Bytheway,lbytheway2u@sitemeter.com,Male,Cimaung Kidul
04/16/2023,104,Vonnie,Kermode,vkermode2v@sohu.com,Female,Chivilcoy
01/30/2023,105,Adrian,Uc,auc2w@shinystat.com,Polygender,Xuedian
01/06/2023,106,Felizio,Tremelling,ftremelling2x@pinterest.com,Male,Lincheng
03/18/2023,107,Jacquie,Straw,jstraw2y@example.com,Female,Paris La Défense
04/11/2023,108,Esteban,Couchman,ecouchman2z@etsy.com,Male,Kan’onjichō
02/07/2023,109,Montgomery,Edison,medison30@tinyurl.com,Male,Balauring
03/27/2023,110,Kariotta,Tart,ktart31@wordpress.org,Female,Fada
01/19/2023,111,Doti,Le Marchant,dlemarchant32@deviantart.com,Genderfluid,Biryukove
03/16/2023,112,Porter,Olin,polin33@is.gd,Male,Mojoroto
03/20/2023,113,Cecil,Bierman,cbierman34@buzzfeed.com,Male,Prislonica
03/20/2023,114,Cristi,Chadband,cchadband35@epa.gov,Female,Marevo
02/04/2023,115,Fran,Spriggen,fspriggen36@about.com,Female,Huishi
02/24/2023,116,Josy,Halstead,jhalstead37@prlog.org,Female,Innoshima
03/14/2023,117,Gerhardine,Tree,gtree38@uol.com.br,Female,Binubusan
03/26/2023,118,Drona,Keijser,dkeijser39@pcworld.com,Female,Shreveport
03/17/2023,119,Lucia,O'Luney,loluney3a@miitbeian.gov.cn,Female,Lam Plai Mat
02/17/2023,120,Aurelie,Scade,ascade3b@opensource.org,Female,Akropong
03/09/2023,121,Nelson,Cutajar,ncutajar3c@mail.ru,Male,Sv. Trojica v Slov. Goricah
01/19/2023,122,Letitia,Capponeer,lcapponeer3d@slate.com,Female,Nuevo Chamelecón
01/16/2023,123,Forester,O'Coskerry,focoskerry3e@phoca.cz,Male,Cabiao
01/03/2023,124,Juliette,McPhelimey,jmcphelimey3f@msu.edu,Female,Outeiro
04/02/2023,125,Rorke,Wenban,rwenban3g@europa.eu,Male,Tocoa
02/16/2023,126,Alexio,Lummasana,alummasana3h@bbb.org,Male,Piripiri
02/14/2023,127,Pietrek,Pentland,ppentland3i@businessinsider.com,Male,Borek
03/02/2023,128,Robers,Scarsbrooke,rscarsbrooke3j@is.gd,Male,Lobatse
04/16/2023,129,Kaia,Leathers,kleathers3k@umn.edu,Female,Guadalupe
01/17/2023,130,Velma,Warrack,vwarrack3l@chron.com,Female,Beiguoyuan
01/31/2023,131,Hugo,Crebott,hcrebott3m@geocities.com,Male,Qingshan
01/17/2023,132,Torry,Worman,tworman3n@walmart.com,Male,Bilyayivka
01/03/2023,133,Averil,Lindeman,alindeman3o@kickstarter.com,Female,Warungbuah
02/14/2023,134,Giraud,Haines,ghaines3p@fc2.com,Male,São Gonçalo do Sapucaí
03/19/2023,135,Ashli,Rennie,arennie3q@webnode.com,Female,Porta
01/12/2023,136,Godwin,Tofts,gtofts3r@marriott.com,Male,Zibu
02/22/2023,137,Lorens,Shorbrook,lshorbrook3s@altervista.org,Male,Tene
04/07/2023,138,Malissia,Raddenbury,mraddenbury3t@amazon.com,Female,Jelah
01/01/2023,139,Myca,Youde,myoude3u@diigo.com,Male,Tangub
04/04/2023,140,Olin,Gallafant,ogallafant3v@wordpress.com,Polygender,Ash Shuyūkh
01/14/2023,141,Elfreda,Birkin,ebirkin3w@hatena.ne.jp,Female,Biloxi
01/23/2023,142,Kaylyn,Cappineer,kcappineer3x@tmall.com,Female,Cidolog
03/08/2023,143,Cassandra,Galland,cgalland3y@com.com,Female,Isesaki
04/12/2023,144,Jada,Fynes,jfynes3z@chron.com,Female,Ngroto
02/20/2023,145,Tore,Buttrick,tbuttrick40@google.ru,Male,Molagavita
03/01/2023,146,Tabitha,Dunton,tdunton41@deviantart.com,Female,Metsamor
02/23/2023,147,Salome,Norcott,snorcott42@harvard.edu,Female,Hesi
03/22/2023,148,Trixie,Warlock,twarlock43@nationalgeographic.com,Female,Tando Jām
01/02/2023,149,Chantal,Empleton,cempleton44@princeton.edu,Female,Huanggang
01/02/2023,150,Drusilla,Rubel,drubel45@homestead.com,Female,Várzea
03/18/2023,151,Zea,Gaffer,zgaffer46@indiatimes.com,Bigender,Chalamarca
02/07/2023,152,Starlin,Parkhouse,sparkhouse47@vinaora.com,Female,Cill Airne
01/04/2023,153,Horatius,Rubert,hrubert48@cdbaby.com,Male,Khān Neshīn
02/19/2023,154,Manya,Da Costa,mdacosta49@etsy.com,Female,Atiquizaya
01/08/2023,155,Brigitta,Scahill,bscahill4a@accuweather.com,Female,Baryshivka
02/21/2023,156,Bianca,Barrington,bbarrington4b@spiegel.de,Female,Jinhe
02/17/2023,157,Pace,MacNamara,pmacnamara4c@ox.ac.uk,Male,Gocoton
01/10/2023,158,Elna,Peterson,epeterson4d@weather.com,Female,Carletonville
01/06/2023,159,Lisette,Avramovsky,lavramovsky4e@webmd.com,Female,Weda
01/22/2023,160,Elene,Zealey,ezealey4f@sciencedirect.com,Female,Topolná
01/25/2023,161,Garald,Josifovic,gjosifovic4g@bloglovin.com,Male,Banjar Sedang
02/04/2023,162,Englebert,Benzi,ebenzi4h@webs.com,Male,Gavião
02/02/2023,163,Hewie,Jozwiak,hjozwiak4i@prweb.com,Male,Chifeng
03/19/2023,164,Wilbur,Laughnan,wlaughnan4j@hp.com,Male,Moscow
04/03/2023,165,Skipper,Diemer,sdiemer4k@canalblog.com,Male,Basing
01/14/2023,166,Cathyleen,Gallear,cgallear4l@umn.edu,Female,Divichibazar
02/21/2023,167,Rustin,Gilfoy,rgilfoy4m@yellowpages.com,Male,Troyes
01/07/2023,168,Thorvald,Doumerc,tdoumerc4n@simplemachines.org,Male,Huancapi
02/10/2023,169,Ardath,Plumptre,aplumptre4o@usa.gov,Female,Aserrí
03/04/2023,170,Auria,Passman,apassman4p@sitemeter.com,Female,Raub
02/17/2023,171,Thaine,Birkby,tbirkby4q@sciencedirect.com,Male,Zarechnyy
03/27/2023,172,Felipa,Gramer,fgramer4r@princeton.edu,Female,Yunfu
01/28/2023,173,Leicester,Ensten,lensten4s@bandcamp.com,Male,Chorotis
01/24/2023,174,Catina,Willwood,cwillwood4t@goo.gl,Female,Rudziczka
02/12/2023,175,Vassily,Dillingham,vdillingham4u@buzzfeed.com,Male,Matahuasi
01/17/2023,176,Galina,Daleman,gdaleman4v@delicious.com,Female,Bojonghaur
02/10/2023,177,Lazaro,Cuttell,lcuttell4w@ibm.com,Male,Lewoeleng
02/15/2023,178,Ali,Stoffler,astoffler4x@uiuc.edu,Female,Voinjama
02/21/2023,179,Lara,Bratley,lbratley4y@guardian.co.uk,Female,Malbork
03/19/2023,180,Nikita,Tetford,ntetford4z@alexa.com,Male,Non Suwan
03/31/2023,181,Birch,Whitney,bwhitney50@theglobeandmail.com,Male,Santa Valha
01/01/2023,182,Darbie,Rolland,drolland51@sakura.ne.jp,Female,Longuita
02/21/2023,183,Norbert,Jervois,njervois52@plala.or.jp,Male,Ulaan-Uul
04/11/2023,184,Jocelyn,Teodoro,jteodoro53@alexa.com,Female,Vladislav
03/11/2023,185,Constantia,Hutchence,chutchence54@samsung.com,Female,Aminga
01/24/2023,186,Josi,Stute,jstute55@ifeng.com,Female,Lisboa
01/07/2023,187,Wallie,Smorthit,wsmorthit56@posterous.com,Male,Fradelos
02/18/2023,188,Marven,Gasparro,mgasparro57@time.com,Male,Kabul
02/05/2023,189,Carmine,Gigg,cgigg58@cyberchimps.com,Male,Sumberagung
02/03/2023,190,Ermengarde,Giacoppo,egiacoppo59@berkeley.edu,Female,Ciwaru
04/12/2023,191,Jonas,Halfacree,jhalfacree5a@sphinn.com,Male,Ayagoz
02/27/2023,192,Thomasa,Eliet,teliet5b@soup.io,Female,Acevedo
02/17/2023,193,Jaclyn,Benezeit,jbenezeit5c@youtube.com,Female,Bangekdewa
03/14/2023,194,Cherrita,Mitchely,cmitchely5d@geocities.com,Female,Klang
01/28/2023,195,Joann,Edgeson,jedgeson5e@yahoo.com,Female,Chalcos
01/04/2023,196,Friedrich,Sent,fsent5f@google.pl,Male,Zhichanghe
03/01/2023,197,Emory,Hyatt,ehyatt5g@wikia.com,Male,Namur
03/15/2023,198,Elissa,Lejeune,elejeune5h@unc.edu,Female,Praya
01/02/2023,199,Gabriello,Walthew,gwalthew5i@cbc.ca,Male,San Ricardo
04/02/2023,200,Brynn,Harrold,bharrold5j@yahoo.com,Female,Göteborg
03/22/2023,201,Garvey,Arcase,garcase5k@pbs.org,Male,Wanganui
03/26/2023,202,Jenelle,Oldall,joldall5l@businessweek.com,Female,Néa Filadélfeia
01/24/2023,203,Morly,Margaret,mmargaret5m@google.fr,Male,Wakefield
03/06/2023,204,Myra,Hedley,mhedley5n@cnbc.com,Female,Matsubase
03/20/2023,205,Meyer,Guilfoyle,mguilfoyle5o@chron.com,Male,Jambuir Timur
04/11/2023,206,Orelle,Loreit,oloreit5p@over-blog.com,Female,Jianping
02/17/2023,207,Sandy,Mohammad,smohammad5q@nymag.com,Male,Vårby
01/26/2023,208,Reinwald,Ferrettino,rferrettino5r@nba.com,Male,Shiḩan as Suflá
03/30/2023,209,Elwood,Chatburn,echatburn5s@theatlantic.com,Male,Sorang
03/20/2023,210,Finlay,Britcher,fbritcher5t@163.com,Male,Ladoeiro
03/09/2023,211,Rey,Stairmand,rstairmand5u@phoca.cz,Male,Gainesville
02/24/2023,212,Erik,Bagnal,ebagnal5v@surveymonkey.com,Male,Caohe
02/21/2023,213,Linnie,Ruckman,lruckman5w@last.fm,Female,Xiangfeng
01/20/2023,214,Elberta,Busby,ebusby5x@360.cn,Polygender,Beiyang
04/15/2023,215,Clemmie,Entres,centres5y@mac.com,Male,Shigou
02/15/2023,216,Edward,Greenleaf,egreenleaf5z@yolasite.com,Male,Tirah
01/04/2023,217,Lyn,Klimecki,lklimecki60@sfgate.com,Female,Ādam
03/21/2023,218,Clemens,Duxfield,cduxfield61@uiuc.edu,Male,Sunjia
04/13/2023,219,Elfrida,Linsley,elinsley62@uiuc.edu,Female,Gråbo
03/26/2023,220,Celka,Blaschek,cblaschek63@imgur.com,Female,San Vicente Centenario
03/18/2023,221,Nobe,Pinney,npinney64@vkontakte.ru,Male,Potelych
02/19/2023,222,Weider,Hinckesman,whinckesman65@va.gov,Genderfluid,Jatisari
01/17/2023,223,Sydney,Javes,sjaves66@delicious.com,Male,Rego de Água
02/01/2023,224,Norrie,Rackam,nrackam67@ebay.co.uk,Female,Quezaltepeque
03/08/2023,225,Angel,Shoveller,ashoveller68@ed.gov,Male,Jiaoqi
03/04/2023,226,Ansel,MacNeill,amacneill69@elpais.com,Male,Moijabana
02/04/2023,227,Egon,Menichi,emenichi6a@hatena.ne.jp,Male,Zagórze
03/20/2023,228,Peder,Boame,pboame6b@flickr.com,Male,Shiqian
03/12/2023,229,Malachi,Wasmuth,mwasmuth6c@wikipedia.org,Male,Kaya
03/01/2023,230,Lou,Eam,leam6d@businesswire.com,Male,Mulyorejo
02/08/2023,231,Don,Scripps,dscripps6e@csmonitor.com,Male,La Esmeralda
01/16/2023,232,Webb,Howton,whowton6f@ebay.co.uk,Male,T’ianet’i
03/10/2023,233,Evey,Beake,ebeake6g@mapy.cz,Female,Krasnolesnyy
03/26/2023,234,Tannie,Whitney,twhitney6h@livejournal.com,Male,Siluko
04/04/2023,235,Katuscha,Ellicott,kellicott6i@1688.com,Female,Cacoal
03/15/2023,236,Clarissa,Glason,cglason6j@bluehost.com,Female,Paris 19
02/01/2023,237,Meagan,Witherdon,mwitherdon6k@goodreads.com,Female,Nikulino
04/16/2023,238,Gerrilee,Wycliffe,gwycliffe6l@scientificamerican.com,Female,Cikabuyutan Barat
02/20/2023,239,Vick,O'Sculley,vosculley6m@t.co,Male,Barcelona
02/22/2023,240,Charisse,Flockhart,cflockhart6n@springer.com,Genderqueer,Colombes
01/21/2023,241,Lolly,Kilbane,lkilbane6o@sourceforge.net,Female,Krajan Tambakrejo
01/30/2023,242,Gearard,Matzaitis,gmatzaitis6p@constantcontact.com,Male,Jiashi
04/12/2023,243,Tyson,Yeudall,tyeudall6q@cpanel.net,Male,Oematnunu
01/03/2023,244,Rebe,Brittin,rbrittin6r@uiuc.edu,Female,Banqiao
02/12/2023,245,Robbert,Rhule,rrhule6s@163.com,Male,Barreiro
03/28/2023,246,Alys,Afield,aafield6t@skyrock.com,Female,Mizi
01/16/2023,247,Horton,Shotter,hshotter6u@ezinearticles.com,Male,Piracuruca
01/13/2023,248,Hobart,Thaine,hthaine6v@list-manage.com,Male,Tocumen
03/11/2023,249,Dominic,Lasselle,dlasselle6w@stumbleupon.com,Male,Licheng
03/24/2023,250,Adelaida,Pfleger,apfleger6x@about.me,Female,Saint Croix
01/07/2023,251,Dorey,Brevitt,dbrevitt6y@fc2.com,Female,Ereira
04/08/2023,252,Wyatt,L'oiseau,wloiseau6z@gravatar.com,Male,Killarney
02/23/2023,253,Myriam,Toone,mtoone70@uol.com.br,Female,Mogapinyana
03/01/2023,254,Aldus,Dickinson,adickinson71@wikia.com,Male,Francisco J Mujica
02/26/2023,255,Hewett,Yeatman,hyeatman72@hc360.com,Male,Obigarm
01/04/2023,256,Karole,Caunt,kcaunt73@cam.ac.uk,Female,Abiko
03/30/2023,257,Lorianne,Dicey,ldicey74@tamu.edu,Female,Pakemitan Dua
01/29/2023,258,Dianemarie,Pittford,dpittford75@rediff.com,Female,João Pessoa
01/06/2023,259,Lyell,Gauvain,lgauvain76@ucla.edu,Male,Akim Swedru
04/09/2023,260,Debbi,Ridsdell,dridsdell77@zimbio.com,Genderqueer,Hongjiang
04/04/2023,261,Jacquelyn,Petriello,jpetriello78@hugedomains.com,Female,Bhiria
04/03/2023,262,Ingar,McCartan,imccartan79@infoseek.co.jp,Male,Baru
04/08/2023,263,Suzie,Tortoise,stortoise7a@pinterest.com,Female,Dingbao
03/09/2023,264,Emmett,Shurville,eshurville7b@nih.gov,Male,Caledon
02/26/2023,265,Arabele,Uff,auff7c@un.org,Female,Valka
04/01/2023,266,Brigg,Chaudret,bchaudret7d@ask.com,Male,Linjiang
04/06/2023,267,Jule,Blackledge,jblackledge7e@soundcloud.com,Male,Sasar
04/03/2023,268,Dottie,Hevner,dhevner7f@abc.net.au,Female,Apeldoorn
01/08/2023,269,Felecia,Renals,frenals7g@phpbb.com,Female,Barapas
03/22/2023,270,Carley,Karoly,ckaroly7h@spotify.com,Female,Osveya
03/25/2023,271,Harcourt,Bellis,hbellis7i@theguardian.com,Male,Buniaga
04/07/2023,272,Smitty,Haysom,shaysom7j@scientificamerican.com,Male,Waipare
01/13/2023,273,Patrick,Lavallin,plavallin7k@friendfeed.com,Male,Ilek
02/25/2023,274,Luce,Shufflebotham,lshufflebotham7l@dmoz.org,Female,Daitōchō
04/08/2023,275,Ulysses,Tuttle,ututtle7m@zdnet.com,Male,Sugihan
03/07/2023,276,Lockwood,Purdey,lpurdey7n@economist.com,Male,Nantes
01/19/2023,277,Wynny,Hesey,whesey7o@symantec.com,Female,Jistebnice
01/21/2023,278,Lou,Cool,lcool7p@cyberchimps.com,Male,Duanjia
02/04/2023,279,Lorrin,Prosser,lprosser7q@histats.com,Female,Maofan
01/12/2023,280,Phyllis,Kundert,pkundert7r@parallels.com,Female,Bethlehem
03/02/2023,281,Derick,Stoffers,dstoffers7s@weibo.com,Male,Marystown
03/09/2023,282,Noni,Bingell,nbingell7t@opensource.org,Female,Vidin
03/20/2023,283,Dore,Bonson,dbonson7u@sciencedirect.com,Male,Komoro
03/02/2023,284,Zea,Loyd,zloyd7v@prnewswire.com,Female,Emar
03/25/2023,285,Pierre,Harmer,pharmer7w@homestead.com,Male,Claver
03/21/2023,286,Cinderella,Tordiffe,ctordiffe7x@digg.com,Female,Morropón
02/02/2023,287,Burton,Vaun,bvaun7y@facebook.com,Bigender,Villa Verde
02/21/2023,288,Georgeanne,Lichfield,glichfield7z@google.com.au,Female,Těšetice
03/28/2023,289,Hogan,Dey,hdey80@sina.com.cn,Male,Dniprovka
04/14/2023,290,Barth,Woodington,bwoodington81@com.com,Male,Al Khānkah
04/06/2023,291,Traci,Roderham,troderham82@google.de,Female,Faro
02/07/2023,292,Genia,Levick,glevick83@time.com,Female,Limoges
02/14/2023,293,Penn,Colman,pcolman84@amazon.de,Male,Stockholm
04/13/2023,294,Marie-ann,Reavell,mreavell85@sogou.com,Female,Alverca do Ribatejo
04/16/2023,295,Dilly,Neiland,dneiland86@cafepress.com,Male,Tourcoing
03/10/2023,296,Alyson,Pinniger,apinniger87@nbcnews.com,Female,Santa Cruz
03/22/2023,297,Carroll,Rawdall,crawdall88@europa.eu,Female,Villa General Belgrano
02/13/2023,298,Langsdon,Dawnay,ldawnay89@php.net,Male,Karangpocok
03/02/2023,299,Egor,Duding,eduding8a@rediff.com,Male,Horodyshche
03/01/2023,300,Ryley,Gealy,rgealy8b@redcross.org,Male,Tabonok
04/01/2023,301,Darcee,Zambonini,dzambonini8c@examiner.com,Female,Caper
03/13/2023,302,Rik,Emney,remney8d@google.fr,Male,Vinež
01/16/2023,303,Petronilla,Spraggs,pspraggs8e@house.gov,Female,Shangfang
01/27/2023,304,Marian,Egarr,megarr8f@google.cn,Female,Chikeng
02/12/2023,305,Brandy,Taile,btaile8g@marriott.com,Female,Cergy-Pontoise
04/08/2023,306,Benita,Bentson,bbentson8h@bravesites.com,Female,Zhouji
02/23/2023,307,Conway,Petrovsky,cpetrovsky8i@google.com.hk,Male,Klyetsk
03/18/2023,308,Adolf,Dressel,adressel8j@reddit.com,Male,Prachatice
03/30/2023,309,Adolf,Coulbeck,acoulbeck8k@statcounter.com,Male,Mainit
03/24/2023,310,Gilburt,Fransinelli,gfransinelli8l@unc.edu,Male,Guia
03/20/2023,311,Roman,Maling,rmaling8m@weather.com,Male,Lueng Putu
03/06/2023,312,Radcliffe,Goodrum,rgoodrum8n@fotki.com,Male,Várzea Paulista
04/12/2023,313,Andreas,Groundwater,agroundwater8o@eepurl.com,Male,Midland
02/20/2023,314,Gradeigh,Boshard,gboshard8p@chronoengine.com,Male,Urechcha
02/05/2023,315,Burtie,Amberger,bamberger8q@phpbb.com,Male,Panxi
01/16/2023,316,Booth,Mingo,bmingo8r@noaa.gov,Male,Magallanes
01/30/2023,317,Christoph,McCrone,cmccrone8s@woothemes.com,Male,San
02/10/2023,318,Egan,Clitherow,eclitherow8t@blogs.com,Male,Mizdah
03/22/2023,319,Iain,Noury,inoury8u@unc.edu,Male,Jiaze
03/05/2023,320,Chucho,Polendine,cpolendine8v@ebay.co.uk,Male,Pretoria
02/18/2023,321,Maighdiln,Basley,mbasley8w@msn.com,Female,Emmen
03/18/2023,322,Sawyer,Headon,sheadon8x@moonfruit.com,Male,Lazaro Cardenas
01/14/2023,323,Rorie,Ludgrove,rludgrove8y@scribd.com,Genderfluid,Greenwood
03/07/2023,324,Terra,Gourlay,tgourlay8z@networksolutions.com,Female,Mozdok
04/08/2023,325,Chris,Demanche,cdemanche90@ow.ly,Male,Puyuan
02/06/2023,326,Jefferey,De Brett,jdebrett91@ehow.com,Male,Lokokrangan
01/15/2023,327,Haywood,Baistow,hbaistow92@jimdo.com,Male,Krueng Luak
01/25/2023,328,Lind,Headrick,lheadrick93@1und1.de,Female,Utsjoki
01/23/2023,329,Mylo,Frosdick,mfrosdick94@admin.ch,Male,Quiruvilca
02/14/2023,330,Nobe,Hanfrey,nhanfrey95@hatena.ne.jp,Male,Langtad
03/02/2023,331,Rinaldo,Zavattari,rzavattari96@theglobeandmail.com,Male,Ruixi
01/23/2023,332,Darda,Talby,dtalby97@google.nl,Female,Trondheim
02/21/2023,333,Adriena,Hampson,ahampson98@google.pl,Female,Nangalisan
03/03/2023,334,Ray,Lansberry,rlansberry99@sourceforge.net,Female,Kelo
01/14/2023,335,Sauveur,Rapi,srapi9a@gnu.org,Male,Temyasovo
01/29/2023,336,Caitlin,Pelling,cpelling9b@i2i.jp,Female,Ourovéni
01/19/2023,337,Klara,Airy,kairy9c@oakley.com,Female,Oeleon
03/18/2023,338,Flory,Lightoller,flightoller9d@biblegateway.com,Genderfluid,Millet
03/19/2023,339,Dorena,Castana,dcastana9e@google.co.jp,Female,Uyovu
04/05/2023,340,Teodor,Ashleigh,tashleigh9f@sitemeter.com,Male,Cigadung
01/04/2023,341,Ferdy,Sivewright,fsivewright9g@xinhuanet.com,Male,Gujō
02/19/2023,342,Ernie,McNerlin,emcnerlin9h@hugedomains.com,Male,Pandan
02/21/2023,343,Davine,Breens,dbreens9i@bluehost.com,Female,Pedinó
03/21/2023,344,Cahra,Scad,cscad9j@geocities.jp,Female,Panimbang
03/10/2023,345,Godard,Skeemor,gskeemor9k@typepad.com,Male,Czarnocin
01/18/2023,346,Debbie,Thurman,dthurman9l@webeden.co.uk,Female,Stepanivka
01/13/2023,347,Wernher,Klimashevich,wklimashevich9m@harvard.edu,Male,Camp Thorel
04/05/2023,348,Bo,Presshaugh,bpresshaugh9n@vkontakte.ru,Male,Bardīyah
04/13/2023,349,Glenn,Van der Kruijs,gvanderkruijs9o@topsy.com,Male,San Rafael Petzal
02/03/2023,350,Maison,Fetters,mfetters9p@squidoo.com,Non-binary,Capioví
01/01/2023,351,Ilka,Leyninye,ileyninye9q@goodreads.com,Female,Hägersten
01/25/2023,352,Anatollo,Dougal,adougal9r@hubpages.com,Male,Xiliu
03/26/2023,353,Lauretta,Gilleson,lgilleson9s@cnn.com,Female,Mujur
01/23/2023,354,Cherrita,Branscombe,cbranscombe9t@ehow.com,Female,Malabonot
04/01/2023,355,Eleanore,Quinn,equinn9u@netvibes.com,Female,Ban Na
04/05/2023,356,Karl,Norheny,knorheny9v@jiathis.com,Male,Daliuhao
02/06/2023,357,Marnia,Lambersen,mlambersen9w@nasa.gov,Female,Nikolayevka
04/14/2023,358,Gunar,Skayman,gskayman9x@cloudflare.com,Male,Baruunturuun
01/21/2023,359,Marisa,MacGarvey,mmacgarvey9y@google.co.jp,Female,Diriomo
01/16/2023,360,Natal,Manolov,nmanolov9z@angelfire.com,Male,Bouça
03/29/2023,361,Maggy,Stiegars,mstiegarsa0@house.gov,Female,Segong
02/21/2023,362,Dex,Matschoss,dmatschossa1@seattletimes.com,Male,Guali
03/15/2023,363,Tadio,Perryman,tperrymana2@51.la,Male,Saint Louis
03/21/2023,364,Nixie,Boxall,nboxalla3@barnesandnoble.com,Female,Charenton-le-Pont
01/09/2023,365,Lonny,Adolthine,ladolthinea4@symantec.com,Male,Đạ Tẻh
02/25/2023,366,Garvin,Dedmam,gdedmama5@jigsy.com,Male,Thị Trấn Văn Quan
03/20/2023,367,Noam,Trembath,ntrembatha6@dyndns.org,Male,Sumberjati
04/06/2023,368,Niel,Feilden,nfeildena7@disqus.com,Agender,Águas
02/09/2023,369,Townie,Kesper,tkespera8@google.ru,Male,Cimaragas
03/03/2023,370,Darsie,Salway,dsalwaya9@goo.gl,Female,Torre de Moncorvo
02/11/2023,371,Tristam,Andrichuk,tandrichukaa@cyberchimps.com,Polygender,Taihe
03/31/2023,372,Noby,Machin,nmachinab@prnewswire.com,Male,Laxey
03/09/2023,373,Zorina,Havard,zhavardac@walmart.com,Female,Nuradilovo
03/27/2023,374,Witty,Licas,wlicasad@nydailynews.com,Male,Qaşr Hallāl
03/08/2023,375,Deane,Janse,djanseae@lulu.com,Male,Cruz
03/01/2023,376,Dar,Le Batteur,dlebatteuraf@marriott.com,Male,Magong
01/01/2023,377,Cordy,Back,cbackag@webmd.com,Genderfluid,Belūsovka
02/04/2023,378,Catherina,Calvert,ccalvertah@gov.uk,Female,Aldeia
01/18/2023,379,Remington,Gritskov,rgritskovai@hugedomains.com,Male,Perpignan
04/12/2023,380,Belita,Nisen,bnisenaj@e-recht24.de,Female,Pancoran
02/11/2023,381,Betsey,Matveyev,bmatveyevak@blogspot.com,Female,Łęczyce
03/06/2023,382,Marylynne,Luetchford,mluetchfordal@prnewswire.com,Female,Mel’nikovo
02/06/2023,383,Armando,Gerren,agerrenam@ft.com,Male,Bourg-lès-Valence
01/25/2023,384,Othella,Kitchinghan,okitchinghanan@about.com,Female,Trzebunia
01/23/2023,385,Terrijo,Haugg,thauggao@census.gov,Genderfluid,Suzdal’
01/10/2023,386,Allx,Royce,aroyceap@weebly.com,Female,Falköping
02/22/2023,387,Kynthia,Trusse,ktrusseaq@tripadvisor.com,Female,Sendangagung
03/28/2023,388,Rayshell,Maxworthy,rmaxworthyar@intel.com,Female,Sabnova
01/12/2023,389,Marlee,Prujean,mprujeanas@japanpost.jp,Female,Cañuelas
03/04/2023,390,Una,Ferran,uferranat@odnoklassniki.ru,Bigender,Myadzyel
01/20/2023,391,Noble,McCurtin,nmccurtinau@marriott.com,Male,Eshan
03/14/2023,392,Zolly,Orford,zorfordav@spotify.com,Male,Palmira
02/21/2023,393,Kelsey,Troppmann,ktroppmannaw@cocolog-nifty.com,Male,Yong’an
03/29/2023,394,Far,Keogh,fkeoghax@nationalgeographic.com,Male,Abangay
01/11/2023,395,Cyril,Dorling,cdorlingay@blog.com,Male,Ceuta
02/03/2023,396,Tabby,Gergely,tgergelyaz@moonfruit.com,Female,Täby
04/16/2023,397,Herbie,Message,hmessageb0@a8.net,Male,Kalandagan
03/24/2023,398,Judah,Gerrens,jgerrensb1@goo.ne.jp,Male,Biao
01/11/2023,399,Paulie,Trebbett,ptrebbettb2@wikipedia.org,Female,Edissiya
03/11/2023,400,Tailor,Boyall,tboyallb3@webs.com,Male,Kolmården
04/06/2023,401,Quill,Ramme,qrammeb4@house.gov,Male,Chateaubelair
04/02/2023,402,Tamarra,Girardey,tgirardeyb5@tripadvisor.com,Female,Cajabamba
01/15/2023,403,Glendon,Thonger,gthongerb6@nhs.uk,Male,Petropavlovsk
01/17/2023,404,Waylin,Marians,wmariansb7@mozilla.com,Male,Bugarama
02/01/2023,405,Donni,Dumigan,ddumiganb8@csmonitor.com,Female,Gatak
02/11/2023,406,Vern,Ollin,vollinb9@msn.com,Agender,Linquan
03/18/2023,407,Olvan,Marzelle,omarzelleba@nyu.edu,Genderqueer,Kudamatsu
03/12/2023,408,Benedick,Valentino,bvalentinobb@ucla.edu,Male,Hatogaya-honchō
01/24/2023,409,Ashia,Jaqueme,ajaquemebc@hao123.com,Female,Shibi
02/13/2023,410,Patty,Signori,psignoribd@timesonline.co.uk,Female,Sumberwaru
03/11/2023,411,Larisa,Heller,lhellerbe@smh.com.au,Female,Guadalupe
01/05/2023,412,Shaylynn,Cottill,scottillbf@taobao.com,Female,Tõrva
01/05/2023,413,Jeni,Maton,jmatonbg@state.gov,Female,Karawatung
03/05/2023,414,Jemmie,Speachley,jspeachleybh@yandex.ru,Female,Zyukayka
04/01/2023,415,Trevar,Verna,tvernabi@canalblog.com,Genderqueer,Dammarie-les-Lys
01/29/2023,416,Brian,De Michele,bdemichelebj@cdbaby.com,Male,Catamayo
01/01/2023,417,Griz,Heibel,gheibelbk@unicef.org,Male,Brea Pozo
03/06/2023,418,Worthy,Dummer,wdummerbl@loc.gov,Male,Bělá pod Bezdězem
03/21/2023,419,Herve,Fotheringham,hfotheringhambm@1und1.de,Male,Huaqiu
03/27/2023,420,Upton,Calafato,ucalafatobn@canalblog.com,Male,Terny
02/28/2023,421,Joela,Panther,jpantherbo@reference.com,Female,Sneek
03/08/2023,422,Nataniel,Davis,ndavisbp@census.gov,Male,Taoyuan
04/10/2023,423,Dottie,Donati,ddonatibq@privacy.gov.au,Genderfluid,Bitanjuan
03/13/2023,424,Bartie,Ramalhete,bramalhetebr@slideshare.net,Agender,Artsvaberd
03/24/2023,425,Cad,Gounin,cgouninbs@w3.org,Male,San Antonio
03/01/2023,426,Rabi,Killingback,rkillingbackbt@artisteer.com,Male,Cayur
01/08/2023,427,Tedra,Tuther,ttutherbu@reference.com,Female,Vasylkiv
01/24/2023,428,Rodrigo,Coley,rcoleybv@marketwatch.com,Male,Luoyang
01/01/2023,429,Daniel,Pellingar,dpellingarbw@taobao.com,Male,Yiqi
01/05/2023,430,Viki,Riba,vribabx@microsoft.com,Non-binary,Pulosari
01/27/2023,431,Rachel,Conwell,rconwellby@goo.ne.jp,Female,Wlingi
02/11/2023,432,Connie,Hampshaw,champshawbz@ning.com,Male,Nagbukel
02/01/2023,433,Karissa,Wiggam,kwiggamc0@plala.or.jp,Female,Luoshui
02/11/2023,434,Terra,Scoyles,tscoylesc1@abc.net.au,Female,Siquanpu
01/05/2023,435,Suki,Schouthede,sschouthedec2@prlog.org,Female,Arroio do Meio
03/30/2023,436,Franklin,Kestle,fkestlec3@marketwatch.com,Male,Planaltina
03/17/2023,437,Malachi,Yielding,myieldingc4@wisc.edu,Male,Eláteia
01/16/2023,438,Hettie,Caistor,hcaistorc5@usnews.com,Female,Zalţan
03/02/2023,439,Catharine,Houdhury,choudhuryc6@sina.com.cn,Female,Holoriang
04/06/2023,440,Stephie,McGowran,smcgowranc7@i2i.jp,Female,Yuxarı Aran
02/07/2023,441,Caspar,Seager,cseagerc8@google.ca,Male,Shawan
01/27/2023,442,Tabby,Radolf,tradolfc9@newyorker.com,Female,Przecław
03/01/2023,443,Tallou,Yetton,tyettonca@nature.com,Genderqueer,Yegorlykskaya
02/11/2023,444,Ives,Filewood,ifilewoodcb@narod.ru,Male,Kulautuva
02/02/2023,445,Reeta,Seckom,rseckomcc@nasa.gov,Female,Oke Ila
02/17/2023,446,Mona,Trask,mtraskcd@e-recht24.de,Polygender,Xiema
02/03/2023,447,Javier,McPhillimey,jmcphillimeyce@oracle.com,Male,Mulanje
01/18/2023,448,Timoteo,Marian,tmariancf@163.com,Male,Sokołów Podlaski
02/19/2023,449,Reagen,Yallop,ryallopcg@latimes.com,Male,Shuanglu
01/23/2023,450,Thorpe,Stuttard,tstuttardch@xinhuanet.com,Male,Padangbai
03/12/2023,451,Marlene,Quaintance,mquaintanceci@macromedia.com,Female,Koryukivka
01/28/2023,452,Ragnar,Morgan,rmorgancj@myspace.com,Male,Dzerzhinsk
04/13/2023,453,Kass,Pointon,kpointonck@ucoz.ru,Female,Çobansığnaq
03/14/2023,454,Elora,Karlicek,ekarlicekcl@ning.com,Polygender,Saint-Jean-de-Monts
04/09/2023,455,Zondra,Rosten,zrostencm@slideshare.net,Female,Ronglong
03/22/2023,456,Amos,Peile,apeilecn@booking.com,Male,Budva
03/17/2023,457,Mora,Cianni,mciannico@walmart.com,Female,Umpak
02/08/2023,458,Fulvia,Vivash,fvivashcp@ow.ly,Female,Mrozy
03/25/2023,459,Christophorus,Sherbrook,csherbrookcq@about.com,Agender,Salamina
01/06/2023,460,Any,Hurdle,ahurdlecr@bandcamp.com,Male,Sartana
01/05/2023,461,Aili,Haddy,ahaddycs@seattletimes.com,Female,Krosno
03/01/2023,462,Dante,Vasiltsov,dvasiltsovct@symantec.com,Male,Takanabe
03/26/2023,463,Haydon,Tofpik,htofpikcu@elpais.com,Male,Lanshan
02/01/2023,464,Lea,Vaughan-Hughes,lvaughanhughescv@uiuc.edu,Female,Cimalati
01/02/2023,465,Gaspard,MacAlees,gmacaleescw@netscape.com,Male,Harhorin
04/14/2023,466,Kelsy,Rolse,krolsecx@prweb.com,Female,Wieczfnia Kościelna
02/25/2023,467,Verile,Wondraschek,vwondraschekcy@bravesites.com,Female,Estela
01/16/2023,468,Callean,Rembrandt,crembrandtcz@house.gov,Male,Pau
04/03/2023,469,Mindy,Alvar,malvard0@si.edu,Female,Beloostrov
01/20/2023,470,Ulrich,Sephton,usephtond1@theatlantic.com,Male,Wissembourg
04/16/2023,471,Minor,Oddey,moddeyd2@shareasale.com,Genderfluid,Taiping
03/18/2023,472,Rowney,Sumner,rsumnerd3@joomla.org,Male,Shymkent
03/22/2023,473,Gerhardine,Anney,ganneyd4@addthis.com,Female,Qarshi
02/24/2023,474,Lucille,Kesper,lkesperd5@ning.com,Female,São Francisco do Conde
02/27/2023,475,Alexandra,Purry,apurryd6@irs.gov,Non-binary,Sadabe
01/31/2023,476,Catie,Deinhardt,cdeinhardtd7@usnews.com,Bigender,Rochester
02/26/2023,477,Gannie,Kibbel,gkibbeld8@slashdot.org,Male,Arsen’yev
03/06/2023,478,Tan,Keeltagh,tkeeltaghd9@yellowbook.com,Male,Pinggirsari
04/11/2023,479,Ogdan,MacGarrity,omacgarrityda@smugmug.com,Male,Naguilian
03/26/2023,480,Bernette,Boow,bboowdb@unesco.org,Female,Gjegjan
04/07/2023,481,Frederica,Klimpt,fklimptdc@prweb.com,Female,Podebłocie
04/07/2023,482,Ricca,Smee,rsmeedd@lulu.com,Female,Suwa
02/26/2023,483,Glenden,Piggford,gpiggfordde@eventbrite.com,Male,Sallanches
03/30/2023,484,Symon,Gunthorpe,sgunthorpedf@sina.com.cn,Male,Mileb
03/22/2023,485,Babara,Readwing,breadwingdg@squidoo.com,Female,Antou
01/02/2023,486,Derrik,Hovington,dhovingtondh@oakley.com,Male,Albacete
04/15/2023,487,Victoria,Geaney,vgeaneydi@tamu.edu,Female,Jingcheng
01/17/2023,488,Ives,Maxworthy,imaxworthydj@ebay.co.uk,Male,Majur
01/03/2023,489,Jozef,McCudden,jmccuddendk@google.co.uk,Male,Atengmelang
02/20/2023,490,Shantee,Duff,sduffdl@seesaa.net,Genderfluid,Guanhães
03/11/2023,491,Olva,MacWhirter,omacwhirterdm@fda.gov,Female,Uritsk
03/28/2023,492,Roobbie,Ledgerton,rledgertondn@ted.com,Genderqueer,Leżajsk
01/28/2023,493,Raul,Hoyte,rhoytedo@whitehouse.gov,Male,Stockholm
04/05/2023,494,Nicolina,Cardozo,ncardozodp@bbc.co.uk,Female,Xinjie
03/22/2023,495,Nanci,Farran,nfarrandq@domainmarket.com,Genderfluid,Drayton Valley
02/24/2023,496,Dewey,Pleaden,dpleadendr@chicagotribune.com,Male,Shanshu
03/06/2023,497,Roberta,Varker,rvarkerds@sitemeter.com,Female,Trompsburg
01/29/2023,498,Jasmin,Cousens,jcousensdt@marriott.com,Female,Boshi
01/01/2023,499,Nadia,Vedekhov,nvedekhovdu@yahoo.com,Female,Lugulu
02/01/2023,500,Ethe,Latour,elatourdv@buzzfeed.com,Male,Tierra y Libertad
01/17/2023,501,Rancell,Goodricke,rgoodrickedw@hhs.gov,Male,Pedrulheira
02/05/2023,502,Wolfie,Kineton,wkinetondx@joomla.org,Male,Pataruman
02/28/2023,503,Tadio,Pratley,tpratleydy@google.ca,Male,Xekar
04/04/2023,504,Sheryl,Shewen,sshewendz@opensource.org,Female,Quinta da Courela
01/16/2023,505,Husein,Cisland,hcislande0@marriott.com,Male,Thị Trấn Văn Quan
03/21/2023,506,Trefor,Showler,tshowlere1@imgur.com,Male,Shreveport
04/02/2023,507,Elroy,Fielder,efieldere2@freewebs.com,Male,Sikasso
02/06/2023,508,Giuseppe,Kochl,gkochle3@yahoo.co.jp,Male,Quintã
01/12/2023,509,Kaiser,Terrazzo,kterrazzoe4@printfriendly.com,Male,Alexandria
03/31/2023,510,Allie,Labrenz,alabrenze5@prweb.com,Male,Shuangyang
02/24/2023,511,Grove,Schiell,gschielle6@t-online.de,Male,Volodars’k-Volyns’kyy
01/24/2023,512,Joanne,Connaughton,jconnaughtone7@hexun.com,Female,Shar
01/18/2023,513,Beth,Boule,bboulee8@dedecms.com,Female,Wenling
02/08/2023,514,Brinn,Gumey,bgumeye9@amazonaws.com,Female,Taxisco
01/13/2023,515,Amalia,Caulliere,acaulliereea@google.com.hk,Female,Bratsigovo
02/27/2023,516,Port,Cardinal,pcardinaleb@livejournal.com,Male,Amargosa
02/05/2023,517,Rhetta,Gerram,rgerramec@mit.edu,Female,Andoany
01/11/2023,518,Avictor,Coling,acolinged@un.org,Non-binary,Springfield
04/12/2023,519,Clarance,Mabbett,cmabbettee@who.int,Male,Sanxi
02/25/2023,520,Sybyl,Ebbetts,sebbettsef@ebay.com,Female,Bedinje
02/12/2023,521,Bert,Eddicott,beddicotteg@imageshack.us,Male,Porto-Novo
01/25/2023,522,Homerus,Matton,hmattoneh@liveinternet.ru,Male,El Hamma
01/22/2023,523,Chloe,Gutans,cgutansei@amazon.co.jp,Female,Pantano do Sul
03/29/2023,524,Cam,Delamar,cdelamarej@hud.gov,Female,Pericik
02/11/2023,525,Orlan,Leverington,oleveringtonek@earthlink.net,Genderqueer,Basqal
01/20/2023,526,Suellen,Abbati,sabbatiel@studiopress.com,Female,Xianhe
02/14/2023,527,Thacher,Braisted,tbraistedem@yellowpages.com,Male,Richmond
01/12/2023,528,Byron,Downham,bdownhamen@ibm.com,Male,Sidirókastro
02/01/2023,529,Dur,Tures,dtureseo@cnn.com,Male,Nahura
01/31/2023,530,Daffy,Menault,dmenaultep@google.com.hk,Female,Unión de Reyes
01/22/2023,531,Donna,Grumbridge,dgrumbridgeeq@jimdo.com,Bigender,Saharna
02/24/2023,532,Herby,Conaghy,hconaghyer@harvard.edu,Male,Itaparica
02/23/2023,533,Daphna,Futter,dfutteres@hatena.ne.jp,Female,Nova Odessa
02/28/2023,534,Jessamine,O'Kieran,jokieranet@smh.com.au,Female,Akouda
03/01/2023,535,Joice,Spilisy,jspilisyeu@theatlantic.com,Female,Huangdao
01/14/2023,536,Cathi,Braham,cbrahamev@liveinternet.ru,Female,Bonnyville
04/07/2023,537,Mora,Ballister,mballisterew@paypal.com,Female,Raman
02/13/2023,538,Petronilla,Spellman,pspellmanex@posterous.com,Female,Ibarra
02/07/2023,539,Dionis,Daughton,ddaughtoney@purevolume.com,Female,Pedreira
02/01/2023,540,Misha,Marcome,mmarcomeez@reference.com,Female,Germiston
02/08/2023,541,Wernher,Aveson,wavesonf0@sciencedirect.com,Male,Karavan
03/19/2023,542,Berna,Welman,bwelmanf1@topsy.com,Female,Tanggulangin
04/02/2023,543,Truman,Cosh,tcoshf2@about.com,Male,Nkayi
03/26/2023,544,Odey,Creasy,ocreasyf3@theguardian.com,Male,Balneário Camboriú
01/23/2023,545,Kerstin,Geck,kgeckf4@topsy.com,Female,Skalbmierz
02/05/2023,546,Mellisa,Andrew,mandrewf5@bizjournals.com,Female,Mpigi
01/13/2023,547,Ardith,Guidera,aguideraf6@csmonitor.com,Female,Tây Ninh
01/13/2023,548,Elle,Gaskins,egaskinsf7@exblog.jp,Female,Aiguo
04/08/2023,549,Nikita,Martindale,nmartindalef8@trellian.com,Male,Shepetivka
02/25/2023,550,Rosemarie,Dmitrienko,rdmitrienkof9@go.com,Female,Gorno-Altaysk
03/26/2023,551,Huey,Schrader,hschraderfa@imdb.com,Male,Zafarwāl
03/15/2023,552,Danica,Bunney,dbunneyfb@dell.com,Polygender,Souran
01/05/2023,553,Annabal,McGeechan,amcgeechanfc@shinystat.com,Female,Soledad
03/20/2023,554,Ranee,Longmore,rlongmorefd@usnews.com,Female,Panggungasri
01/30/2023,555,Karel,Callow,kcallowfe@livejournal.com,Male,Xinpeicun
02/14/2023,556,Giuseppe,Cornfoot,gcornfootff@liveinternet.ru,Male,Binitayan
02/17/2023,557,Rudolph,Lysaght,rlysaghtfg@phoca.cz,Male,Pergan
02/10/2023,558,Larissa,Bartrum,lbartrumfh@prlog.org,Female,Ambatolaona
03/18/2023,559,Maritsa,Andrzejowski,mandrzejowskifi@berkeley.edu,Female,Tamaulipas
01/28/2023,560,Danica,Reavell,dreavellfj@java.com,Female,Velké Hoštice
04/04/2023,561,Corenda,Sillis,csillisfk@illinois.edu,Female,Santa Rosa
01/05/2023,562,Timothea,Ximenez,tximenezfl@discuz.net,Female,Stará Ves nad Ondřejnicí
01/12/2023,563,Clementina,Springle,cspringlefm@devhub.com,Female,Huancheng
03/05/2023,564,Bordy,Garmey,bgarmeyfn@bloglines.com,Male,Jambangan
02/05/2023,565,Milty,Sodor,msodorfo@dailymotion.com,Genderqueer,Maddela
03/16/2023,566,Calli,Poizer,cpoizerfp@trellian.com,Female,Świętajno
01/15/2023,567,Mikol,Adnett,madnettfq@tumblr.com,Male,Niyang
04/02/2023,568,Donny,Heamus,dheamusfr@weather.com,Male,Solnechnyy
03/28/2023,569,Jewel,Molyneaux,jmolyneauxfs@telegraph.co.uk,Female,Wunat
01/31/2023,570,Giovanni,Whitters,gwhittersft@aol.com,Male,Lagunas
03/06/2023,571,Devonna,Egell,degellfu@rediff.com,Female,Évreux
01/10/2023,572,Sylas,Beacom,sbeacomfv@gravatar.com,Male,Caballococha
03/05/2023,573,Celinda,Colquitt,ccolquittfw@creativecommons.org,Female,Bayt ‘Adhāqah
02/27/2023,574,Maxy,Dovydenas,mdovydenasfx@google.de,Female,Niquelândia
04/12/2023,575,Kirbee,Listone,klistonefy@acquirethisname.com,Female,Kaduranca
01/15/2023,576,Malory,Paroni,mparonifz@gov.uk,Female,Melville
03/02/2023,577,Maryanne,Lillyman,mlillymang0@gizmodo.com,Female,Chesapeake
01/22/2023,578,Emelia,MacAlinden,emacalindeng1@moonfruit.com,Female,Chengshan
03/31/2023,579,Andrej,Schubart,aschubartg2@alexa.com,Male,La Ceja
02/04/2023,580,Elia,McKeaveney,emckeaveneyg3@weather.com,Male,Gbarnga
01/06/2023,581,Sly,Brownill,sbrownillg4@oaic.gov.au,Male,Quinuabamba
03/22/2023,582,Reube,Nertney,rnertneyg5@uiuc.edu,Male,Kedawung
01/03/2023,583,Giulio,Spadotto,gspadottog6@php.net,Male,Mantes-la-Jolie
02/14/2023,584,Lief,Clive,lcliveg7@fema.gov,Polygender,Kedungwungu
01/26/2023,585,Thaddeus,Simyson,tsimysong8@icq.com,Male,Korop
01/17/2023,586,Heidi,Andreotti,handreottig9@tinypic.com,Female,Novotroitskaya
03/19/2023,587,Lukas,McIlenna,lmcilennaga@hatena.ne.jp,Male,Shabo
03/01/2023,588,Micky,Guilbert,mguilbertgb@google.it,Female,Cimuncang
01/29/2023,589,Bibi,Alldre,balldregc@pagesperso-orange.fr,Female,La Paz Centro
04/03/2023,590,Stephan,Dibb,sdibbgd@slate.com,Male,Saint Petersburg
01/08/2023,591,Marcy,Collomosse,mcollomossege@instagram.com,Female,Czerniewice
02/15/2023,592,Andria,Snoxell,asnoxellgf@amazon.com,Female,Orahovac
01/02/2023,593,Lesly,Pentland,lpentlandgg@intel.com,Female,Taroudant
01/29/2023,594,Richardo,Espine,respinegh@smh.com.au,Male,Breia
03/29/2023,595,Brittney,Dat,bdatgi@google.ru,Female,Monaragala
03/24/2023,596,Clemmie,Dollard,cdollardgj@webnode.com,Male,Hwawŏn
04/12/2023,597,Mela,Tremayle,mtremaylegk@google.cn,Female,Tarnowiec
02/05/2023,598,Judas,Jeremiah,jjeremiahgl@sina.com.cn,Male,Reriz
02/12/2023,599,Kippie,Moggan,kmoggangm@hubpages.com,Agender,Sukaraharja
01/29/2023,600,Gae,Ayce,gaycegn@bbc.co.uk,Female,Burunday
02/17/2023,601,Lou,Sweetsur,lsweetsurgo@example.com,Non-binary,Zhichu
04/12/2023,602,Jerald,McGriele,jmcgrielegp@businessinsider.com,Male,Kunwi
03/16/2023,603,Antonin,Dougal,adougalgq@uiuc.edu,Male,Kota Kinabalu
02/07/2023,604,Domenic,Vorley,dvorleygr@mozilla.com,Male,Longotea
01/31/2023,605,Philis,Tebbit,ptebbitgs@barnesandnoble.com,Female,Morohongō
02/14/2023,606,Saidee,Goodlett,sgoodlettgt@ftc.gov,Female,Adstock
01/29/2023,607,Jennilee,Signori,jsignorigu@posterous.com,Female,Qādirpur Rān
04/12/2023,608,Todd,Caesmans,tcaesmansgv@comsenz.com,Male,Atafu Village
02/28/2023,609,Urbanus,Ramm,urammgw@ovh.net,Male,Västerås
02/05/2023,610,Chester,Reyna,creynagx@hao123.com,Non-binary,Wawa
01/08/2023,611,Velvet,Peniman,vpenimangy@example.com,Female,New York City
04/13/2023,612,Christie,Kirkland,ckirklandgz@ovh.net,Male,Rancabuaya
03/27/2023,613,Sigismundo,Acres,sacresh0@phpbb.com,Male,Chernigovka
04/07/2023,614,Dana,Cathro,dcathroh1@vimeo.com,Genderqueer,Itapaci
01/29/2023,615,Art,Estabrook,aestabrookh2@gizmodo.com,Male,Grand Rapids
02/02/2023,616,Everard,Gooderidge,egooderidgeh3@prweb.com,Male,Galyugayevskaya
03/18/2023,617,Bekki,Victor,bvictorh4@free.fr,Female,Qulsary
01/11/2023,618,Nesta,Domenicone,ndomeniconeh5@europa.eu,Bigender,Aurora
01/31/2023,619,Caspar,Penylton,cpenyltonh6@cornell.edu,Male,Busalangga
01/04/2023,620,Loraine,Snoxell,lsnoxellh7@weebly.com,Female,Ýpsonas
03/01/2023,621,Oona,Tudbald,otudbaldh8@twitter.com,Female,Zhugentan
01/31/2023,622,Loy,Brigstock,lbrigstockh9@nydailynews.com,Male,Dahuang
01/21/2023,623,Billie,Storrar,bstorrarha@photobucket.com,Male,Ōtsuki
02/18/2023,624,Joya,Paulucci,jpauluccihb@comsenz.com,Female,Ban Chalong
03/26/2023,625,Amitie,Kehri,akehrihc@msu.edu,Female,Lamongan
01/30/2023,626,Carmina,Tebbet,ctebbethd@deviantart.com,Polygender,Sadská
01/14/2023,627,Millie,Prazer,mprazerhe@is.gd,Female,Värnamo
04/10/2023,628,Valentia,Matyushonok,vmatyushonokhf@salon.com,Female,Dangchang Chengguanzhen
04/16/2023,629,Natal,Grimbaldeston,ngrimbaldestonhg@furl.net,Male,Bordeaux
03/13/2023,630,Ozzy,Quarlis,oquarlishh@hud.gov,Male,Funabashi
03/26/2023,631,Cyndia,Toke,ctokehi@shutterfly.com,Female,Dacheng
04/16/2023,632,Davita,Jekyll,djekyllhj@51.la,Female,Baryshivka
03/23/2023,633,Dominga,Aiskrigg,daiskrigghk@xinhuanet.com,Female,Nhà Bàng
01/17/2023,634,Melonie,Frostdyke,mfrostdykehl@jiathis.com,Female,Hongxi
03/03/2023,635,Madelle,Poley,mpoleyhm@taobao.com,Female,Ono
03/24/2023,636,Anthia,Cammidge,acammidgehn@ft.com,Agender,Nantian
03/04/2023,637,Brantley,Cowie,bcowieho@livejournal.com,Male,Samboan
02/25/2023,638,Darwin,Bentje,dbentjehp@flickr.com,Male,Rancabolang
01/22/2023,639,Jasmin,Johnstone,jjohnstonehq@aboutads.info,Female,Lapid
01/10/2023,640,Elsinore,Twine,etwinehr@angelfire.com,Female,Putun
01/27/2023,641,Brent,Iannini,bianninihs@alexa.com,Male,Kedungsinggil
01/29/2023,642,Ann,De Metz,ademetzht@si.edu,Female,San Miguel
03/22/2023,643,Shelton,Wanek,swanekhu@walmart.com,Male,Cestas
03/29/2023,644,Koral,Crapper,kcrapperhv@delicious.com,Female,Bytkiv
03/07/2023,645,Sheeree,Burchnall,sburchnallhw@google.it,Female,Chengbei
01/24/2023,646,Andonis,Tweedell,atweedellhx@comcast.net,Male,Sidu
01/13/2023,647,Reyna,Livett,rlivetthy@unc.edu,Female,Paris La Défense
01/08/2023,648,Ammamaria,Erwin,aerwinhz@lycos.com,Female,La Roche-sur-Yon
02/10/2023,649,Dodi,Colls,dcollsi0@ed.gov,Female,Roa
01/07/2023,650,Jesse,Dubose,jdubosei1@ocn.ne.jp,Male,Valinhos
03/16/2023,651,Joelie,Ickovits,jickovitsi2@ed.gov,Female,Thị Trấn Lâm
02/02/2023,652,Ulrika,Demageard,udemageardi3@etsy.com,Female,Bilüü
03/04/2023,653,Ardith,Deware,adewarei4@mac.com,Female,Strání
03/05/2023,654,Vickie,Lidgard,vlidgardi5@ucsd.edu,Female,Nangaroro
01/30/2023,655,Carry,Angeau,cangeaui6@lulu.com,Female,Ash Shuqayrah
02/19/2023,656,Joanna,Pizzey,jpizzeyi7@google.com.au,Female,Luzern
03/01/2023,657,Hedy,Ketteridge,hketteridgei8@sun.com,Female,Haz-Zebbug
01/29/2023,658,Sherwood,Sallarie,ssallariei9@mayoclinic.com,Male,Gaoqiao
03/31/2023,659,Nadine,Waker,nwakeria@sakura.ne.jp,Female,Lille
01/03/2023,660,Barby,Ambage,bambageib@sohu.com,Female,Curvelo
04/08/2023,661,Nathanil,Jiruch,njiruchic@blogspot.com,Male,Caacupé
01/01/2023,662,Zandra,Woehler,zwoehlerid@posterous.com,Female,Narowlya
02/06/2023,663,Maddi,Houlton,mhoultonie@japanpost.jp,Female,Kokar
04/08/2023,664,Hugh,Brayson,hbraysonif@hc360.com,Male,Saidpur
03/11/2023,665,Karol,Whithorn,kwhithornig@shareasale.com,Female,Tagbina
04/11/2023,666,Rafaelia,Holdey,rholdeyih@paypal.com,Female,Charlotte
02/12/2023,667,Lindsay,O'Dee,lodeeii@google.ru,Male,Lolodorf
04/01/2023,668,Tobie,Orneblow,torneblowij@yahoo.com,Male,Kuala Terengganu
01/19/2023,669,Orelee,Struan,ostruanik@linkedin.com,Female,Baiba
03/20/2023,670,Danella,Bursell,dbursellil@plala.or.jp,Female,Shazhouba
03/13/2023,671,Amerigo,Ker,akerim@businessinsider.com,Male,Kowala
04/16/2023,672,Kerry,Stagge,kstaggein@patch.com,Female,La Sarrosa
03/21/2023,673,Torre,Bemwell,tbemwellio@eventbrite.com,Male,Palu
02/09/2023,674,Linus,Dockree,ldockreeip@bizjournals.com,Male,Shiquan
03/05/2023,675,Konstance,Knuckles,kknucklesiq@hhs.gov,Female,Springfield
02/08/2023,676,Siobhan,Ioselev,sioselevir@tripod.com,Female,Wuyao
02/07/2023,677,Colman,Skentelbury,cskentelburyis@tmall.com,Genderfluid,Jiezi
02/27/2023,678,Matilde,Vedntyev,mvedntyevit@home.pl,Female,Rakitovo
03/30/2023,679,Haley,Bradnam,hbradnamiu@dailymotion.com,Male,Kanada
04/15/2023,680,Steffane,Mutch,smutchiv@imageshack.us,Female,Vithkuq
01/12/2023,681,Michaeline,Perview,mperviewiw@nsw.gov.au,Female,Kungshamn
01/29/2023,682,Felisha,Lindsley,flindsleyix@telegraph.co.uk,Female,Chencai
03/07/2023,683,Elmore,Berks,eberksiy@blogtalkradio.com,Male,Lancaster
01/19/2023,684,Caty,Cheney,ccheneyiz@live.com,Female,Vale de Touros
03/19/2023,685,Georas,Posvner,gposvnerj0@taobao.com,Male,Särevere
02/19/2023,686,Kelwin,Cuddihy,kcuddihyj1@army.mil,Male,Gobernador Ingeniero Valentín Virasoro
04/09/2023,687,Ulrick,Glinde,uglindej2@scribd.com,Male,Marseille
01/15/2023,688,Ray,Skeete,rskeetej3@nsw.gov.au,Female,Zhangshui
01/12/2023,689,Zoe,Howood,zhowoodj4@amazonaws.com,Female,Monterrey
04/16/2023,690,Abbie,Cullin,acullinj5@nytimes.com,Female,Cluses
02/20/2023,691,Tristam,Colecrough,tcolecroughj6@pen.io,Male,Jihuluntu Sumu
03/18/2023,692,Karine,Hadeke,khadekej7@blogs.com,Female,Zharrëz
01/04/2023,693,Tedd,Androck,tandrockj8@icq.com,Male,Żyrardów
04/10/2023,694,Maximilien,Eldon,meldonj9@4shared.com,Male,De la Paz
03/26/2023,695,Alex,Antoni,aantonija@washington.edu,Male,Vân Tùng
03/24/2023,696,Babb,Laden,bladenjb@webs.com,Female,El Triunfo de la Cruz
03/29/2023,697,Demetrius,Elnaugh,delnaughjc@cbslocal.com,Genderqueer,Zoumaling
01/24/2023,698,Hermann,Geane,hgeanejd@army.mil,Male,Zhongdong
02/19/2023,699,Tad,Coskerry,tcoskerryje@blogger.com,Male,Juntang
01/31/2023,700,Clive,Jennison,cjennisonjf@reference.com,Male,Kakaek
01/16/2023,701,Eolanda,Bettis,ebettisjg@google.com.au,Female,Asembagus
03/22/2023,702,Ebeneser,Mannooch,emannoochjh@timesonline.co.uk,Male,Krajan Pundungsari
03/21/2023,703,Gates,Zucker,gzuckerji@bbb.org,Female,København
01/26/2023,704,Eba,Skeemer,eskeemerjj@nasa.gov,Female,Saryg-Sep
01/12/2023,705,Barbee,O' Markey,bomarkeyjk@cyberchimps.com,Female,Novo Aripuanã
03/21/2023,706,Corey,Sparham,csparhamjl@list-manage.com,Male,Memphis
01/29/2023,707,Gunilla,Dowty,gdowtyjm@barnesandnoble.com,Female,Pringsewu
03/28/2023,708,Rozamond,Clemens,rclemensjn@hostgator.com,Female,Seixas
03/19/2023,709,Chrissy,Missington,cmissingtonjo@economist.com,Non-binary,Chorotis
04/12/2023,710,Harmony,Seeking,hseekingjp@smugmug.com,Female,Ryazhsk
04/07/2023,711,Stephen,Blackaller,sblackallerjq@blog.com,Male,Huwei
03/18/2023,712,Lira,Keough,lkeoughjr@cmu.edu,Female,Ban Chang
01/15/2023,713,Tawnya,Matthews,tmatthewsjs@nyu.edu,Female,Taganskiy
01/08/2023,714,Emlynne,Beeken,ebeekenjt@pinterest.com,Female,Maanĭt
02/28/2023,715,Kacy,Liffey,kliffeyju@tripadvisor.com,Female,Privlaka
04/05/2023,716,Joey,Kinchley,jkinchleyjv@alexa.com,Female,Citambal
01/29/2023,717,Had,Schultze,hschultzejw@businessinsider.com,Male,Shengze
02/12/2023,718,Ramsay,Agastina,ragastinajx@slate.com,Male,Ovidiopol’
04/01/2023,719,Wendie,Crankhorn,wcrankhornjy@narod.ru,Genderqueer,Baishi
01/05/2023,720,Eleanor,Grgic,egrgicjz@a8.net,Female,Viļāni
01/16/2023,721,Walt,Rogerot,wrogerotk0@marketwatch.com,Male,Paraiso
03/30/2023,722,Ivett,Cabral,icabralk1@printfriendly.com,Female,Talisay
01/02/2023,723,Judie,Urion,jurionk2@opera.com,Female,Neofbaun
02/21/2023,724,Wally,Wasielewski,wwasielewskik3@ameblo.jp,Female,Mabuhay
01/14/2023,725,Verla,Lowdes,vlowdesk4@people.com.cn,Female,Šuto Orizare
03/27/2023,726,Jodee,Pencost,jpencostk5@columbia.edu,Female,Lenešice
02/11/2023,727,Perren,Cady,pcadyk6@joomla.org,Male,Guojiazhuang
04/13/2023,728,Dennie,Cowie,dcowiek7@cbsnews.com,Female,Kishi
03/18/2023,729,Hannis,Howen,hhowenk8@google.pl,Genderfluid,Shenshan
04/04/2023,730,Cesya,Wishart,cwishartk9@techcrunch.com,Female,Haiyangsuo
04/02/2023,731,Fitz,Ewers,fewerska@latimes.com,Male,Huxiaoqiao
04/13/2023,732,Isacco,Mossman,imossmankb@narod.ru,Male,Nanganga
02/20/2023,733,Dennis,McCart,dmccartkc@wired.com,Male,Ximapo
02/08/2023,734,Pierce,Jurek,pjurekkd@msu.edu,Male,Dolgoderevenskoye
03/06/2023,735,Sacha,Treadway,streadwayke@jimdo.com,Female,Oxford
01/12/2023,736,Dasie,Grealish,dgrealishkf@hexun.com,Female,Yermolayevo
04/02/2023,737,Rayner,Bowman,rbowmankg@newsvine.com,Male,Liushun
03/04/2023,738,Thom,Hebble,thebblekh@123-reg.co.uk,Male,Yaogou
03/17/2023,739,Germain,Lamport,glamportki@cocolog-nifty.com,Female,Donostia-San Sebastian
01/15/2023,740,Sergei,Kinzel,skinzelkj@netlog.com,Male,Hidalgo
03/27/2023,741,Che,Casel,ccaselkk@fc2.com,Male,Daloa
01/09/2023,742,Rica,Mabbott,rmabbottkl@china.com.cn,Female,Marks
04/02/2023,743,Lowell,Brockton,lbrocktonkm@facebook.com,Male,Cáchira
03/25/2023,744,Tammy,Deere,tdeerekn@ning.com,Genderqueer,Arshaluys
02/01/2023,745,Kenyon,Pickvance,kpickvanceko@photobucket.com,Male,Youhao
02/22/2023,746,Jervis,Rushton,jrushtonkp@omniture.com,Genderfluid,Banjar Tengah
03/05/2023,747,Andria,Congrave,acongravekq@geocities.com,Female,Leon
02/25/2023,748,Viola,Skaid,vskaidkr@rakuten.co.jp,Female,San Diego
01/02/2023,749,Malchy,Pumfrey,mpumfreyks@sitemeter.com,Male,Wawu
01/03/2023,750,Rabi,Creebo,rcreebokt@over-blog.com,Male,Mudian
04/11/2023,751,Row,MacGlory,rmacgloryku@zdnet.com,Female,Västerås
03/21/2023,752,Domenic,Kohtler,dkohtlerkv@ft.com,Genderqueer,Dajin
02/27/2023,753,Garret,Stoke,gstokekw@mapy.cz,Male,Nantian
03/25/2023,754,Clim,Hubery,chuberykx@nifty.com,Male,Arbais
04/01/2023,755,Jerry,Gilliver,jgilliverky@miibeian.gov.cn,Female,Portariá
01/23/2023,756,Ced,Ankrett,cankrettkz@state.gov,Polygender,Semënovskoye
03/06/2023,757,Stefanie,Twelvetrees,stwelvetreesl0@dell.com,Female,Siukh
04/03/2023,758,Melany,Muggleton,mmuggletonl1@histats.com,Female,Bautista
01/02/2023,759,Leila,Riseam,lriseaml2@cnet.com,Female,Yihe
03/04/2023,760,Stanislaus,Founds,sfoundsl3@moonfruit.com,Male,Calvário
01/24/2023,761,Astrid,Signore,asignorel4@ycombinator.com,Female,Liaonan
02/10/2023,762,Link,Ramsted,lramstedl5@chicagotribune.com,Male,Peuhaq
04/06/2023,763,Shaylynn,MacKaig,smackaigl6@posterous.com,Female,Cikabuyutan Barat
01/14/2023,764,Land,Bouldon,lbouldonl7@merriam-webster.com,Male,Pandi
01/04/2023,765,Arabela,Trembath,atrembathl8@furl.net,Female,Stockholm
01/23/2023,766,Krisha,Dussy,kdussyl9@scientificamerican.com,Male,Jaunpiebalga
03/23/2023,767,Peyter,Creevy,pcreevyla@smugmug.com,Male,Lyalichi
01/28/2023,768,Imelda,Breazeall,ibreazealllb@mayoclinic.com,Female,Ishii
02/14/2023,769,Giffy,Mazillius,gmazilliuslc@acquirethisname.com,Male,Yangon
01/18/2023,770,Clint,Nowell,cnowellld@fastcompany.com,Male,Isugod
04/09/2023,771,Jehu,Filippone,jfilipponele@yale.edu,Male,Nagarakembang
02/07/2023,772,Emylee,Setchfield,esetchfieldlf@unicef.org,Female,Chirongui
01/19/2023,773,Joyous,Kuhle,jkuhlelg@purevolume.com,Female,Mueang Nonthaburi
02/18/2023,774,Ram,Ausello,rausellolh@parallels.com,Male,Akhmīm
03/28/2023,775,Brandie,Lobe,blobeli@twitpic.com,Female,Preobrazheniye
02/21/2023,776,Laney,Rupert,lrupertlj@comcast.net,Male,Dzorastan
02/24/2023,777,Alasteir,Gumm,agummlk@dmoz.org,Male,Longhuashan
02/15/2023,778,Dee,Ottewell,dottewellll@bizjournals.com,Genderfluid,Gornyye Klyuchi
03/14/2023,779,Burk,Dulson,bdulsonlm@yellowpages.com,Male,El Valle del Espíritu Santo
03/19/2023,780,Kylila,Eleshenar,keleshenarln@discuz.net,Female,Las Palmas
02/14/2023,781,Bren,Braidon,bbraidonlo@simplemachines.org,Female,Kout na Šumavě
04/10/2023,782,Archy,Langman,alangmanlp@amazon.de,Male,Ribeirão Preto
02/07/2023,783,Adey,Insull,ainsulllq@berkeley.edu,Female,Dongying
01/26/2023,784,Aimil,Dufaire,adufairelr@tumblr.com,Female,Lancaster
01/11/2023,785,Ellette,Gierck,egierckls@un.org,Female,Wangjiaping
03/26/2023,786,Aundrea,Rosindill,arosindilllt@oakley.com,Female,Meghrashen
03/25/2023,787,Obadias,Wrightham,owrighthamlu@un.org,Male,Décines-Charpieu
01/24/2023,788,Roseanne,Shuxsmith,rshuxsmithlv@cbsnews.com,Female,Santa Maria
02/19/2023,789,Vickie,Lerwill,vlerwilllw@mac.com,Female,Lasi Dua
02/19/2023,790,Christa,Redbourn,credbournlx@ycombinator.com,Female,Adassil
04/01/2023,791,Onfroi,Linnitt,olinnittly@123-reg.co.uk,Male,Ifanadiana
01/29/2023,792,Maximilian,Shere,msherelz@stumbleupon.com,Male,Courtaboeuf
04/03/2023,793,Nesta,Kitto,nkittom0@usnews.com,Female,Chernyanka
03/28/2023,794,Faun,Izakson,fizaksonm1@umn.edu,Female,Srinagarindra
01/06/2023,795,Anthony,Crippes,acrippesm2@shop-pro.jp,Male,Stamford
01/11/2023,796,Renaud,Bradberry,rbradberrym3@hatena.ne.jp,Male,Krajan Sumurtawang
01/02/2023,797,Hobie,Gillion,hgillionm4@facebook.com,Male,Sikka
01/19/2023,798,Rachelle,Renols,rrenolsm5@ucoz.ru,Female,Jichang
03/04/2023,799,Brendan,McAsgill,bmcasgillm6@unc.edu,Male,Văn Giang
02/06/2023,800,Llewellyn,Maffiotti,lmaffiottim7@t-online.de,Male,Lututów
04/02/2023,801,Cassandre,Shone,cshonem8@tmall.com,Female,Cantapoy
01/02/2023,802,Barclay,Brownsill,bbrownsillm9@google.co.uk,Male,Florentino Ameghino
02/02/2023,803,Ernaline,Sabben,esabbenma@ucla.edu,Female,Parksville
02/16/2023,804,Dannie,Petrosian,dpetrosianmb@blogspot.com,Female,Cairima
03/09/2023,805,Moyna,Gansbuhler,mgansbuhlermc@liveinternet.ru,Female,Huancheng
03/03/2023,806,Camey,Traill,ctraillmd@theguardian.com,Male,Santa Fe
03/01/2023,807,Alexei,Baxstar,abaxstarme@businesswire.com,Male,Belverde
02/24/2023,808,Davy,Denning,ddenningmf@hud.gov,Male,Lubumbashi
01/07/2023,809,Wini,Kid,wkidmg@baidu.com,Female,Xiaomei
01/01/2023,810,Shirlee,Orteau,sorteaumh@sciencedirect.com,Female,Ivatsevichy
03/03/2023,811,Hogan,Hovy,hhovymi@mit.edu,Male,Caen
02/24/2023,812,Verne,Reedie,vreediemj@buzzfeed.com,Genderqueer,Parikkala
01/25/2023,813,Ximenez,Jalland,xjallandmk@github.com,Polygender,Cruz das Almas
01/28/2023,814,Kele,Barkworth,kbarkworthml@prlog.org,Male,Kalianget
03/05/2023,815,Daisie,Denford,ddenfordmm@twitter.com,Agender,Ubon Ratchathani
02/26/2023,816,Delly,Hanbridge,dhanbridgemn@jigsy.com,Female,Ervedosa do Douro
02/20/2023,817,Pat,Worsom,pworsommo@google.com,Bigender,Río Colorado
04/08/2023,818,Marleah,Schleicher,mschleichermp@163.com,Female,Privolzhsk
03/24/2023,819,Prudy,Spedroni,pspedronimq@fema.gov,Female,Anning
04/12/2023,820,Ange,Kretchmer,akretchmermr@jimdo.com,Male,20 de Noviembre
03/14/2023,821,Drugi,McNally,dmcnallyms@odnoklassniki.ru,Male,Sungai
02/26/2023,822,Goddart,Downey,gdowneymt@wikispaces.com,Male,Abade de Vermoim
04/11/2023,823,Ennis,Bragge,ebraggemu@columbia.edu,Male,Sanhe
02/03/2023,824,Nikola,Lettington,nlettingtonmv@naver.com,Male,Sukamulia
04/09/2023,825,Dionis,Autrie,dautriemw@disqus.com,Female,Fuchang
02/11/2023,826,Elsie,Threadkell,ethreadkellmx@gravatar.com,Female,Morteros
04/13/2023,827,Sly,Gosswell,sgosswellmy@feedburner.com,Male,Mengxi
03/27/2023,828,Mari,Bravington,mbravingtonmz@google.it,Female,Neftobod
01/27/2023,829,Boonie,Zebedee,bzebedeen0@google.co.jp,Male,Tsingoni
04/13/2023,830,Roxine,Garci,rgarcin1@businessinsider.com,Female,Guadalupe Victoria
01/17/2023,831,Jamie,Dibdall,jdibdalln2@hc360.com,Female,Potosí
04/05/2023,832,Elisabetta,Tee,eteen3@moonfruit.com,Female,Kościerzyna
01/20/2023,833,Flore,Isham,fishamn4@senate.gov,Genderfluid,Guangsheng
03/04/2023,834,Larisa,Lincey,llinceyn5@wordpress.org,Female,Benito Juarez
03/08/2023,835,Abie,Tettley,atettleyn6@usa.gov,Male,Lüxiang
03/04/2023,836,Abbey,Wimsett,awimsettn7@smh.com.au,Female,Zhitan
03/29/2023,837,Turner,Bofield,tbofieldn8@google.com.hk,Male,Sembakung
03/13/2023,838,Worden,Carwithen,wcarwithenn9@meetup.com,Male,Toulouse
02/12/2023,839,Gabrielle,Ollivier,gollivierna@amazon.com,Female,Siaton
03/20/2023,840,Giacinta,Samms,gsammsnb@nasa.gov,Female,Washington
03/17/2023,841,Conn,Richten,crichtennc@flavors.me,Male,Cordeiro
03/19/2023,842,Selma,Tulleth,stullethnd@yolasite.com,Female,Parchal
01/15/2023,843,Agretha,Hartfleet,ahartfleetne@arstechnica.com,Female,Kolpny
02/14/2023,844,Eveline,Jaszczak,ejaszczaknf@mysql.com,Female,Houten
03/11/2023,845,Orbadiah,Froome,ofroomeng@issuu.com,Male,Foča
01/10/2023,846,Damian,Sacco,dsacconh@youtube.com,Genderqueer,Sihe
02/20/2023,847,Kamilah,Wilshire,kwilshireni@statcounter.com,Female,Selce
01/13/2023,848,Carlos,Sterrick,csterricknj@deliciousdays.com,Male,Erie
03/15/2023,849,Thomas,Managh,tmanaghnk@nsw.gov.au,Male,Sarkand
01/10/2023,850,Kendell,Veldens,kveldensnl@google.cn,Male,Oslo
01/30/2023,851,Afton,Worsfold,aworsfoldnm@comsenz.com,Female,Fatufeto
04/15/2023,852,Gilbert,Bassano,gbassanonn@google.nl,Male,Kanália
03/28/2023,853,Jamie,Blissitt,jblissittno@independent.co.uk,Female,Cana Chapetón
02/27/2023,854,Elga,Bolte,eboltenp@acquirethisname.com,Female,Cosne-Cours-sur-Loire
04/07/2023,855,Rice,Orwin,rorwinnq@sfgate.com,Male,Bulianhe
02/21/2023,856,Kincaid,Anderton,kandertonnr@redcross.org,Male,Sydney
04/08/2023,857,Lucinda,Mohammad,lmohammadns@dmoz.org,Female,Sarapul
03/23/2023,858,Jeanette,Godrich,jgodrichnt@twitter.com,Female,Zabierzów
02/01/2023,859,Caren,McGeever,cmcgeevernu@independent.co.uk,Female,Bonabéri
01/26/2023,860,Mitchel,Fountian,mfountiannv@cisco.com,Male,Bonn
04/03/2023,861,Peta,Kennett,pkennettnw@census.gov,Female,Togu
02/03/2023,862,Chase,Bras,cbrasnx@cdc.gov,Male,Rybí
01/18/2023,863,Chrysler,Jiroutek,cjiroutekny@weebly.com,Female,Veselynove
04/03/2023,864,Ursulina,Robe,urobenz@forbes.com,Female,Khallat Ḩamāmah
02/11/2023,865,Devan,Drewes,ddreweso0@booking.com,Female,Město Albrechtice
02/07/2023,866,Joscelin,Bothen,jbotheno1@barnesandnoble.com,Female,Al Qaryatayn
03/04/2023,867,Erastus,Durran,edurrano2@github.com,Male,Krasnyy Oktyabr’
03/30/2023,868,Aubine,Andrzejowski,aandrzejowskio3@hhs.gov,Female,Bonebone
04/03/2023,869,Reece,Dagwell,rdagwello4@apache.org,Male,Frakulla e Madhe
03/29/2023,870,Rosalinde,Lecordier,rlecordiero5@exblog.jp,Female,Lincheng
03/08/2023,871,Everard,Gosart,egosarto6@epa.gov,Male,Sułkowice
04/04/2023,872,Valery,Cooke,vcookeo7@narod.ru,Female,Niebylec
01/23/2023,873,Bernarr,Pryer,bpryero8@webeden.co.uk,Male,Kajuru
01/22/2023,874,Joete,Wardle,jwardleo9@ovh.net,Female,Mzuzu
01/30/2023,875,Paquito,Blowne,pblowneoa@house.gov,Male,Quebrada Canoa
02/08/2023,876,Chaunce,Minchinden,cminchindenob@cbsnews.com,Male,Petrikov
03/04/2023,877,Wileen,Stearns,wstearnsoc@google.ru,Female,Hexi
02/04/2023,878,Grant,Moysey,gmoyseyod@1688.com,Agender,Josefina
01/14/2023,879,Dur,Burl,dburloe@nsw.gov.au,Male,Santo Domingo
03/28/2023,880,Nicolais,O'Kynsillaghe,nokynsillagheof@businesswire.com,Male,Chenjiatan
04/16/2023,881,Chanda,Sigward,csigwardog@nih.gov,Female,Verbilki
02/22/2023,882,Hermy,Laffin,hlaffinoh@cyberchimps.com,Male,Kadupinang
02/07/2023,883,Elysee,Sibbald,esibbaldoi@quantcast.com,Female,Sukhobuzimskoye
01/13/2023,884,Gaspar,Jurca,gjurcaoj@redcross.org,Male,Olivia
03/06/2023,885,Hermie,Adess,hadessok@amazon.de,Male,Zarechnyy
04/09/2023,886,Paule,Wolfarth,pwolfarthol@cloudflare.com,Non-binary,Grästorp
02/09/2023,887,Micki,Swarbrick,mswarbrickom@upenn.edu,Female,Naḩḩālīn
03/10/2023,888,Bale,Sickling,bsicklingon@infoseek.co.jp,Male,Angra do Heroísmo
01/31/2023,889,Thebault,Stanfield,tstanfieldoo@whitehouse.gov,Male,Plácido de Castro
02/11/2023,890,Lion,Howlings,lhowlingsop@loc.gov,Male,Kosonsoy
02/18/2023,891,Sayre,Burcher,sburcheroq@hostgator.com,Bigender,Laohugang
03/16/2023,892,Charita,Witcombe,cwitcombeor@blogtalkradio.com,Female,Fagatogo
01/12/2023,893,Tammy,Whittles,twhittlesos@dell.com,Male,Huité
03/25/2023,894,Dianemarie,Hudd,dhuddot@mozilla.org,Female,Omsukchan
03/05/2023,895,Aube,Morin,amorinou@ustream.tv,Male,Nice
01/21/2023,896,Kenton,Scarse,kscarseov@unblog.fr,Male,Pagsabangan
03/06/2023,897,Maxwell,Calam,mcalamow@alibaba.com,Male,Indang
03/30/2023,898,Von,Delahunt,vdelahuntox@elpais.com,Male,Cruz del Eje
03/19/2023,899,Jeremiah,Winters,jwintersoy@cloudflare.com,Genderfluid,Ibiá
02/24/2023,900,Pier,Welchman,pwelchmanoz@wordpress.org,Female,Novorossiysk
02/20/2023,901,Val,Oddie,voddiep0@gnu.org,Male,Nikol’sk
03/29/2023,902,Boyd,Hartright,bhartrightp1@fastcompany.com,Male,Belica
02/24/2023,903,Willa,Oxborrow,woxborrowp2@mail.ru,Agender,Byala
03/25/2023,904,Donnie,Hamsher,dhamsherp3@quantcast.com,Male,Karagay
04/10/2023,905,Arley,Briston,abristonp4@goodreads.com,Male,Onguday
02/16/2023,906,Elden,Chevers,echeversp5@home.pl,Male,Zhongjiapu
01/06/2023,907,Cherlyn,Pietrzak,cpietrzakp6@hibu.com,Female,Fangxian
02/17/2023,908,Clem,Mixworthy,cmixworthyp7@nature.com,Male,Al Mushannaf
03/26/2023,909,Frank,Emloch,femlochp8@umich.edu,Male,Xingou
02/19/2023,910,Adela,O'Neary,aonearyp9@bluehost.com,Female,Skeldon
01/30/2023,911,Justen,Mayou,jmayoupa@wisc.edu,Male,Razgrad
01/17/2023,912,Ichabod,Britzius,ibritziuspb@biblegateway.com,Male,Najrān
02/15/2023,913,Foss,Thick,fthickpc@squidoo.com,Male,Sirinhaém
03/30/2023,914,Artemus,Gooley,agooleypd@sciencedaily.com,Male,Xikou
04/01/2023,915,Hamnet,Thal,hthalpe@nbcnews.com,Male,Santa Cruz do Sul
04/13/2023,916,Muriel,Meakes,mmeakespf@list-manage.com,Agender,Kertahayu
03/23/2023,917,Helen,Everley,heverleypg@infoseek.co.jp,Female,El Calvario
02/24/2023,918,Werner,Dyson,wdysonph@prlog.org,Male,Nacka
04/01/2023,919,Hyatt,Simenon,hsimenonpi@arstechnica.com,Male,Viesīte
01/04/2023,920,Beitris,Stather,bstatherpj@ning.com,Agender,Papineauville
03/06/2023,921,Antonietta,Strode,astrodepk@digg.com,Female,Mrozy
03/01/2023,922,Carl,Deem,cdeempl@bigcartel.com,Male,Huandiqiao
02/03/2023,923,Sibbie,Overstall,soverstallpm@usnews.com,Female,Rouen
04/08/2023,924,Alard,Sommerville,asommervillepn@umn.edu,Male,Burirao
02/07/2023,925,Tamra,Skinn,tskinnpo@t.co,Female,Lipov
03/04/2023,926,Selma,Gudgen,sgudgenpp@stanford.edu,Female,Gaplek
03/17/2023,927,Wyn,Caldero,wcalderopq@cdc.gov,Male,Nukuoro
02/13/2023,928,Ceciley,Parsonage,cparsonagepr@github.io,Female,La Palma
03/13/2023,929,Madella,Hatherley,mhatherleyps@sfgate.com,Female,Ubaté
02/23/2023,930,Bent,McCrann,bmccrannpt@live.com,Male,Liqiao
02/08/2023,931,Belle,Flintiff,bflintiffpu@mlb.com,Female,Līvāni
04/09/2023,932,Wilmar,Chartres,wchartrespv@statcounter.com,Male,Lukrejo
03/18/2023,933,Brenn,Tolchard,btolchardpw@squarespace.com,Female,Orlová
02/21/2023,934,Pinchas,Arguile,parguilepx@pinterest.com,Genderqueer,Kafachan
01/20/2023,935,Abdel,Mohammad,amohammadpy@csmonitor.com,Male,Horní Jelení
02/23/2023,936,Astrix,Penhallurick,apenhallurickpz@alexa.com,Female,Ourtzagh
04/10/2023,937,Kaylyn,Le Estut,kleestutq0@cbslocal.com,Female,Paris 15
01/16/2023,938,Neile,Gwyneth,ngwynethq1@washington.edu,Female,Abóboda
03/27/2023,939,Louella,Summerly,lsummerlyq2@pen.io,Female,Isla Verde
03/13/2023,940,Byrle,Craighill,bcraighillq3@list-manage.com,Male,"Brgy. Nalook, kalibo"
01/16/2023,941,Korney,Caff,kcaffq4@behance.net,Genderqueer,Basiong
01/19/2023,942,Colline,Founds,cfoundsq5@imageshack.us,Genderqueer,Mandalasari
03/12/2023,943,Marcela,Basek,mbasekq6@1und1.de,Female,Bershet’
01/21/2023,944,Reese,Azemar,razemarq7@cafepress.com,Male,Yeri
02/23/2023,945,Jo,von Grollmann,jvongrollmannq8@lycos.com,Female,Nanggewer
03/06/2023,946,Dana,Earwaker,dearwakerq9@bigcartel.com,Female,Kronshtadt
03/13/2023,947,Constantia,Flaubert,cflaubertqa@exblog.jp,Female,Mostek
02/15/2023,948,Mattias,Nisbith,mnisbithqb@cmu.edu,Male,Kabaty
01/30/2023,949,Hiram,Galton,hgaltonqc@goo.ne.jp,Genderfluid,Kyŏngsŏng
02/20/2023,950,Skell,Hamments,shammentsqd@chicagotribune.com,Male,Valle de Ángeles
01/26/2023,951,Bridie,Finnes,bfinnesqe@howstuffworks.com,Female,Goshogawara
02/23/2023,952,Stanwood,Scardifield,sscardifieldqf@nhs.uk,Male,Tasikona
01/16/2023,953,Stavro,Sides,ssidesqg@home.pl,Male,Kanashevo
03/30/2023,954,Kristien,Freestone,kfreestoneqh@elegantthemes.com,Female,Czernice Borowe
01/28/2023,955,Federica,Sparway,fsparwayqi@irs.gov,Female,Aimin
02/22/2023,956,Claiborne,Klugel,cklugelqj@people.com.cn,Male,Iracemápolis
02/17/2023,957,Byron,Muzzini,bmuzziniqk@wunderground.com,Male,Xuanhua
04/04/2023,958,Husain,Bucktharp,hbucktharpql@tripod.com,Male,Slovenj Gradec
04/14/2023,959,Bathsheba,Sweeten,bsweetenqm@springer.com,Female,Basista
03/19/2023,960,Weston,Krier,wkrierqn@netlog.com,Male,Balengbeng
02/09/2023,961,Padraig,Learned,plearnedqo@google.com.au,Male,Quanyang
01/15/2023,962,Tito,Becker,tbeckerqp@nba.com,Male,Santa Catalina - Dique Lujan
03/05/2023,963,Ginger,Deboick,gdeboickqq@sohu.com,Male,Ilandža
01/06/2023,964,Abby,Du Hamel,aduhamelqr@bloglines.com,Female,Onokivtsi
02/07/2023,965,Alys,Shear,ashearqs@opera.com,Female,Tuti
02/05/2023,966,Nara,Wehner,nwehnerqt@amazon.co.jp,Female,Kaberamaido
04/15/2023,967,Callie,Haile,chailequ@pagesperso-orange.fr,Female,Leribe
01/08/2023,968,Krissy,Aronovich,karonovichqv@simplemachines.org,Female,Puncan
01/09/2023,969,Virgil,Eplett,veplettqw@geocities.com,Male,San Rafael
03/31/2023,970,Wallis,Olivera,woliveraqx@hostgator.com,Female,Kanturk
01/12/2023,971,Brigitta,Emett,bemettqy@ted.com,Female,Mollepampa
03/07/2023,972,Thaine,Paulon,tpaulonqz@state.tx.us,Male,Meylan
01/07/2023,973,Farlay,Rosetti,frosettir0@eepurl.com,Male,Jiangkou
02/05/2023,974,Katrinka,Roseaman,kroseamanr1@archive.org,Female,Rejanegara
03/31/2023,975,Margette,Doncaster,mdoncasterr2@edublogs.org,Female,Vlachovo Březí
03/14/2023,976,Homere,Cathrae,hcathraer3@tinyurl.com,Male,Greystones
03/25/2023,977,Keenan,Mc Coughan,kmccoughanr4@apache.org,Male,Ngã Bảy
02/26/2023,978,Bond,Cowill,bcowillr5@github.com,Male,Ginir
04/04/2023,979,Marcel,Ellerbeck,mellerbeckr6@angelfire.com,Male,Nandu
02/07/2023,980,Bartholomeus,Goom,bgoomr7@ucoz.ru,Male,Posse
01/28/2023,981,Adelind,Reggler,aregglerr8@feedburner.com,Female,Karangtengah Lor
01/02/2023,982,Cameron,Colledge,ccolledger9@cdbaby.com,Male,Sambirobyong
01/13/2023,983,Matthieu,Ledner,mlednerra@nbcnews.com,Male,Xekar
03/10/2023,984,Bessy,Vedeniktov,bvedeniktovrb@patch.com,Female,Kamalasai
02/06/2023,985,Ephrem,Sherratt,esherrattrc@biblegateway.com,Male,Huanghai
01/25/2023,986,Arturo,Benyon,abenyonrd@chron.com,Male,Adir
02/03/2023,987,Gilligan,Claus,gclausre@reverbnation.com,Female,Kwidzyn
01/05/2023,988,Marisa,Huc,mhucrf@foxnews.com,Female,Novokhovrino
01/22/2023,989,Patience,Gladwin,pgladwinrg@alibaba.com,Female,Yuanshanzi
02/26/2023,990,Janet,O'Downe,jodownerh@blogs.com,Female,Kralupy nad Vltavou
02/08/2023,991,Alvera,Craighill,acraighillri@redcross.org,Female,Gumuk Tengah
01/21/2023,992,Davida,Hartshorne,dhartshornerj@nasa.gov,Female,Santa Rosa
03/13/2023,993,Christye,Biles,cbilesrk@comsenz.com,Female,Jinzhou
03/05/2023,994,Robbin,Pearson,rpearsonrl@barnesandnoble.com,Female,Dourbali
03/22/2023,995,Lezley,Ellwell,lellwellrm@vkontakte.ru,Male,João Pessoa
03/09/2023,996,Barclay,Carbett,bcarbettrn@homestead.com,Male,Višnjevac
01/15/2023,997,Lucille,Oddie,loddiero@earthlink.net,Female,Tysmenychany
03/01/2023,998,Jim,Aristide,jaristiderp@hc360.com,Male,Houmen
04/08/2023,999,Rosaleen,Taborre,rtaborrerq@nbcnews.com,Female,Nanshe
03/08/2023,1000,Benedict,Curtiss,bcurtissrr@google.it,Male,Dongzhaogezhuang
