created,id,first_name,last_name,email,gender,city
03/29/2023,1,Adey,Bidwell,abidwell0@ovh.net,Female,Patalan
01/06/2023,2,Carlene,Golder,cgolder1@craigslist.org,Female,Thanh Ba
02/19/2023,3,Sile,Cave,scave2@upenn.edu,Female,Nedakonice
03/14/2023,4,Edeline,O'Shesnan,eoshesnan3@networksolutions.com,Female,Tabasalu
03/20/2023,5,Wade,Muddle,wmuddle4@businessinsider.com,Male,Sokolovyy
04/05/2023,6,Tab,Loch,tloch5@jimdo.com,Bigender,Canto
03/19/2023,7,Beulah,Biagini,bbiagini6@accuweather.com,Female,Phoenix
03/31/2023,8,Brock,Bickerstasse,bbickerstasse7@bloglovin.com,Male,Chirpan
01/05/2023,9,Martita,Dalby,mdalby8@cdc.gov,Female,Ágio Pnévma
01/09/2023,10,Miltie,Necrews,mnecrews9@rambler.ru,Male,Montemor-o-Velho
02/04/2023,11,Harman,Horsburgh,hhorsburgha@github.com,Male,Calceta
04/05/2023,12,Regina,D'Alesio,rdalesiob@mapy.cz,Female,Tippi
02/20/2023,13,Adolphe,Annis,aannisc@feedburner.com,Male,Quatro Barras
03/09/2023,14,Alessandra,Bread,abreadd@woothemes.com,Female,Chenji
04/16/2023,15,Thomasine,Aleksahkin,taleksahkine@princeton.edu,Polygender,Jiaotan
03/03/2023,16,Bordy,Munt,bmuntf@twitter.com,Male,Ballinteer
03/14/2023,17,Gib,Oppie,goppieg@paginegialle.it,Male,Yurimaguas
02/10/2023,18,Honoria,Trowle,htrowleh@shutterfly.com,Female,Bongouanou
01/22/2023,19,Devon,Upchurch,dupchurchi@biblegateway.com,Female,Nancun
03/21/2023,20,Vasily,Oates,voatesj@about.me,Male,Wysoka Strzyżowska
03/04/2023,21,Inglis,Eite,ieitek@hc360.com,Male,Georgetown
01/19/2023,22,Haily,Trigwell,htrigwelll@nhs.uk,Female,Orzech
03/05/2023,23,Giffard,Ansell,gansellm@icio.us,Male,Jeding
02/24/2023,24,Lonny,Amner,lamnern@wikimedia.org,Male,Acobamba
01/12/2023,25,Esme,Ivanin,eivanino@disqus.com,Female,Nong Hin
01/07/2023,26,Justus,Gorham,jgorhamp@sitemeter.com,Male,Bayanbulag
02/10/2023,27,Ardeen,Hainsworth,ahainsworthq@hatena.ne.jp,Female,Banjar Batuaji Kaja
01/15/2023,28,Nelie,Sambals,nsambalsr@vinaora.com,Female,Magisterial
04/08/2023,29,Dar,Swatton,dswattons@zdnet.com,Male,Huangxi
02/13/2023,30,Margret,Kubicka,mkubickat@imdb.com,Female,Nisporeni
02/08/2023,31,Zaccaria,Boyne,zboyneu@mac.com,Male,Stockholm
01/18/2023,32,Maurits,Fateley,mfateleyv@google.com.br,Agender,Ārt Khwājah
02/20/2023,33,Tate,Clulee,tcluleew@yelp.com,Female,Indang
01/31/2023,34,Camellia,Elgey,celgeyx@topsy.com,Non-binary,Cabatang
01/24/2023,35,Freddie,Thunder,fthundery@uol.com.br,Female,Basīrpur
03/20/2023,36,Marga,Mocquer,mmocquerz@mapy.cz,Female,Hagonoy
01/27/2023,37,Bay,Makey,bmakey10@mapy.cz,Male,Leipzig
01/04/2023,38,Baily,Pears,bpears11@blinklist.com,Male,Bayan
02/11/2023,39,Audrey,Suttill,asuttill12@rakuten.co.jp,Female,Landerneau
03/21/2023,40,Guinevere,Rackstraw,grackstraw13@mediafire.com,Female,Farah
04/01/2023,41,Penn,Alloisi,palloisi14@wikispaces.com,Male,Annau
04/15/2023,42,Morgan,Braysher,mbraysher15@printfriendly.com,Male,Kremenets’
03/17/2023,43,Gabbie,Isac,gisac16@newyorker.com,Male,Sukaratu
01/12/2023,44,Merill,Ludwell,mludwell17@foxnews.com,Male,Igurusi
02/10/2023,45,Danielle,Westgarth,dwestgarth18@google.com.au,Female,Bromma
01/30/2023,46,Jillayne,Cozby,jcozby19@1und1.de,Female,Werangere
04/03/2023,47,Lishe,Dennison,ldennison1a@state.tx.us,Female,Sémbé
02/17/2023,48,Bordy,Pollicott,bpollicott1b@dailymail.co.uk,Male,Arjasari
01/14/2023,49,Alvie,Neame,aneame1c@skyrock.com,Male,Ash Shuhadā’
01/11/2023,50,Gabbi,Lestrange,glestrange1d@economist.com,Female,Cullhuas
01/06/2023,51,Jen,Kondratenko,jkondratenko1e@paginegialle.it,Female,Sapouy
04/02/2023,52,Nanine,Damper,ndamper1f@abc.net.au,Female,Caen
04/02/2023,53,Ingram,Winteringham,iwinteringham1g@samsung.com,Male,Wongaya Kaja
01/30/2023,54,Calv,Dewane,cdewane1h@cdc.gov,Male,Bāndarban
02/08/2023,55,Melloney,Randle,mrandle1i@globo.com,Genderqueer,Langenburg
03/23/2023,56,Temp,Firsby,tfirsby1j@techcrunch.com,Male,Houjie
03/20/2023,57,Dorella,Jeannin,djeannin1k@mediafire.com,Bigender,Lewograran
03/29/2023,58,Rafaelia,Nail,rnail1l@cloudflare.com,Female,Santa Praxedes
02/16/2023,59,Freemon,Sacks,fsacks1m@sun.com,Male,Huangtugang
04/10/2023,60,Milt,Cricket,mcricket1n@icio.us,Male,Numeto
01/26/2023,61,Raul,Sheryne,rsheryne1o@reddit.com,Male,Gränna
02/17/2023,62,Cynthia,Gaynesford,cgaynesford1p@scribd.com,Female,Liběšice
03/05/2023,63,Fritz,Burdett,fburdett1q@soundcloud.com,Male,Öldziyt
04/13/2023,64,Jeromy,Brenstuhl,jbrenstuhl1r@themeforest.net,Male,Chã Grande
02/12/2023,65,Wain,Huett,whuett1s@timesonline.co.uk,Male,Quinocay
02/05/2023,66,Dante,Halifax,dhalifax1t@ameblo.jp,Male,Satis
01/28/2023,67,Susannah,Littlejohns,slittlejohns1u@printfriendly.com,Female,San Pedro
04/06/2023,68,Gerhardt,Kopelman,gkopelman1v@harvard.edu,Male,Thị Trấn Trùng Khánh
02/15/2023,69,Art,Storrock,astorrock1w@dmoz.org,Male,Caeté
01/18/2023,70,Corbie,Klimes,cklimes1x@hugedomains.com,Male,Cibunar
01/26/2023,71,Elisa,Fellenor,efellenor1y@com.com,Female,Xiema
03/06/2023,72,Olly,Kincade,okincade1z@addthis.com,Female,Gesik
03/13/2023,73,Mareah,Mableson,mmableson20@yahoo.com,Female,Saint-Quentin-en-Yvelines
02/12/2023,74,Sigfrid,Southouse,ssouthouse21@so-net.ne.jp,Male,Lille
02/28/2023,75,Joya,Boulding,jboulding22@prweb.com,Female,Concepción de Ataco
03/06/2023,76,Traci,Epdell,tepdell23@wikia.com,Female,Jialai
01/08/2023,77,Quintin,Chellingworth,qchellingworth24@redcross.org,Non-binary,Leduc
01/28/2023,78,Pris,De Gregorio,pdegregorio25@cdc.gov,Female,Kongtian
03/09/2023,79,Jenny,Roux,jroux26@bloglines.com,Female,Los Cedrales
03/07/2023,80,Di,Derham,dderham27@w3.org,Female,San Esteban
01/05/2023,81,Catrina,Danielis,cdanielis28@umn.edu,Female,Wuluo
02/24/2023,82,Angela,Lippini,alippini29@globo.com,Female,Bagombong
01/30/2023,83,Kimberlee,Brough,kbrough2a@vinaora.com,Female,Mealhada
02/03/2023,84,Travers,Furminger,tfurminger2b@google.it,Male,Subotica
03/11/2023,85,Hanan,Leng,hleng2c@symantec.com,Male,Tiguha
04/15/2023,86,Gus,Mathivat,gmathivat2d@disqus.com,Male,Nanshe
01/25/2023,87,Griffith,Lorant,glorant2e@shinystat.com,Male,Yangqiaodian
04/05/2023,88,Everett,Norcott,enorcott2f@sciencedaily.com,Male,Tahoua
01/12/2023,89,Vale,Incogna,vincogna2g@instagram.com,Male,Morazán
03/07/2023,90,Margareta,Skeffington,mskeffington2h@amazon.co.jp,Female,Bejuco
03/10/2023,91,Daveen,Forder,dforder2i@chicagotribune.com,Female,Shitang
01/01/2023,92,Agnes,Porkiss,aporkiss2j@pinterest.com,Female,Hulei
02/28/2023,93,Alonso,Le Batteur,alebatteur2k@virginia.edu,Bigender,Besao
03/15/2023,94,Chickie,Thorp,cthorp2l@merriam-webster.com,Female,Chirilagua
03/14/2023,95,Granville,Pindar,gpindar2m@moonfruit.com,Male,Sanxi
03/20/2023,96,Ravid,Fortye,rfortye2n@chicagotribune.com,Male,Nyrkiv
02/28/2023,97,Clari,Fessler,cfessler2o@booking.com,Female,Mata de São João
03/11/2023,98,Vic,Goodburn,vgoodburn2p@feedburner.com,Male,Annecy
03/07/2023,99,Carri,Remirez,cremirez2q@china.com.cn,Female,Zhuanqukou
01/12/2023,100,Lanita,Tampling,ltampling2r@netvibes.com,Female,Uppsala
01/17/2023,101,Elisha,De Meyer,edemeyer2s@smugmug.com,Female,Amparita
03/28/2023,102,Eileen,Dubery,edubery2t@soup.io,Female,Xingfu
02/06/2023,103,Jamey,Frede,jfrede2u@a8.net,Male,Xuwei
03/18/2023,104,Kristo,Bickers,kbickers2v@eventbrite.com,Male,Sinilian First
02/16/2023,105,June,Hanne,jhanne2w@bbc.co.uk,Female,Drammen
01/16/2023,106,Eduino,Adamczyk,eadamczyk2x@moonfruit.com,Male,Majiao
03/26/2023,107,Alleyn,Halso,ahalso2y@webnode.com,Male,Haarlem
01/13/2023,108,Alic,Wescott,awescott2z@1und1.de,Male,Jiguan
02/08/2023,109,Kore,Robbe,krobbe30@facebook.com,Female,Mranggen
03/11/2023,110,Winnie,Apedaile,wapedaile31@businessinsider.com,Male,Buket Teukuh
04/04/2023,111,Wallie,Hazeltine,whazeltine32@examiner.com,Female,Międzyrzecz
03/06/2023,112,Margalit,Slide,mslide33@csmonitor.com,Genderqueer,Doloplazy
02/16/2023,113,Orella,Fatharly,ofatharly34@imageshack.us,Female,Solnechnyy
01/16/2023,114,Ted,Bramo,tbramo35@skype.com,Male,Maradi
01/06/2023,115,Alison,Maffezzoli,amaffezzoli36@list-manage.com,Female,Baimangpu
01/12/2023,116,Nadean,Vigars,nvigars37@weebly.com,Female,Khon San
01/18/2023,117,Hamel,Whilde,hwhilde38@google.ru,Male,Mysiadło
04/01/2023,118,Melba,Arnson,marnson39@shareasale.com,Female,Abovyan
02/05/2023,119,Ann-marie,Bryan,abryan3a@ca.gov,Female,Andros Town
03/14/2023,120,Ermengarde,Cawthery,ecawthery3b@deviantart.com,Female,Sam Roi Yot
01/18/2023,121,Devonne,Rubin,drubin3c@amazonaws.com,Female,At Tāj
01/15/2023,122,Shaina,Abadam,sabadam3d@t.co,Female,Kungsör
02/06/2023,123,Etienne,Garaghan,egaraghan3e@hubpages.com,Male,San Ramón
02/03/2023,124,Worden,Caurah,wcaurah3f@wufoo.com,Male,Skhira
01/06/2023,125,Gretel,Squibbs,gsquibbs3g@marriott.com,Female,Nagasaki-shi
02/10/2023,126,Maurise,Pepall,mpepall3h@instagram.com,Male,Taizhou
01/11/2023,127,Keslie,Hush,khush3i@comsenz.com,Female,Małdyty
01/21/2023,128,Wanda,Gallahue,wgallahue3j@hexun.com,Non-binary,Tlogocilik
03/04/2023,129,Danella,Petrillo,dpetrillo3k@chicagotribune.com,Female,Karangtanjung
01/09/2023,130,Glynda,Bligh,gbligh3l@nifty.com,Female,Diriamba
02/10/2023,131,Laurens,Guyan,lguyan3m@163.com,Male,Cambas
03/24/2023,132,La verne,Altham,laltham3n@oaic.gov.au,Female,Palhais
02/28/2023,133,Abbe,Acarson,aacarson3o@gravatar.com,Female,Gozdowo
02/04/2023,134,Angelina,Musla,amusla3p@chron.com,Female,Penglai
02/06/2023,135,Lian,Beretta,lberetta3q@huffingtonpost.com,Female,Sukarama
01/13/2023,136,Naomi,Reany,nreany3r@cnbc.com,Female,Swords
03/30/2023,137,Rubin,Manz,rmanz3s@cornell.edu,Male,Sumurgung
04/10/2023,138,Keene,Rassmann,krassmann3t@uiuc.edu,Male,Poyang
02/26/2023,139,Myrilla,Billo,mbillo3u@last.fm,Female,Kamsack
02/20/2023,140,Annadiane,Feldman,afeldman3v@gov.uk,Female,Longde Chengguanzhen
01/08/2023,141,Edwina,Bartul,ebartul3w@example.com,Female,Chapadinha
04/07/2023,142,Rani,Moylan,rmoylan3x@e-recht24.de,Female,Tikhvin
03/30/2023,143,Terrance,Brereton,tbrereton3y@shutterfly.com,Male,Caldas Novas
01/15/2023,144,Iolanthe,Ditter,iditter3z@theatlantic.com,Female,Sanjiang
03/24/2023,145,Violette,Tait,vtait40@usda.gov,Female,Puerto Madryn
01/13/2023,146,Graham,Storks,gstorks41@ycombinator.com,Male,San Francisco
02/17/2023,147,Letizia,Hartzenberg,lhartzenberg42@webs.com,Female,Chrast
03/29/2023,148,Clayborne,Pfaff,cpfaff43@smh.com.au,Bigender,Vyšší Brod
02/26/2023,149,Thayne,Radenhurst,tradenhurst44@amazon.co.uk,Male,Buta
02/10/2023,150,Thorsten,Skivington,tskivington45@bravesites.com,Male,Botshabelo
03/06/2023,151,Pietrek,Aslen,paslen46@addthis.com,Polygender,Gião
01/30/2023,152,Hobard,Livingstone,hlivingstone47@gmpg.org,Male,Pagnag
02/03/2023,153,Pall,Longford,plongford48@issuu.com,Male,Dadukou
01/03/2023,154,Waylon,Cadwaladr,wcadwaladr49@lycos.com,Male,Parys
03/05/2023,155,Peggie,Teece,pteece4a@photobucket.com,Female,Yuntan
02/05/2023,156,Aldo,O'Hollegan,aohollegan4b@ihg.com,Polygender,Shaxi
03/31/2023,157,Sacha,Ughini,sughini4c@tiny.cc,Female,Muyudian
02/04/2023,158,Isabelle,McTrustram,imctrustram4d@sphinn.com,Female,Gudang
04/05/2023,159,Pier,Dunkerly,pdunkerly4e@dell.com,Female,Chumikan
03/25/2023,160,Stephan,Giovannoni,sgiovannoni4f@nature.com,Male,Bordeaux
01/04/2023,161,Ursala,Odgaard,uodgaard4g@techcrunch.com,Female,Ea T’ling
02/11/2023,162,Vick,Cubley,vcubley4h@earthlink.net,Male,Mpulungu
03/07/2023,163,Armand,Kach,akach4i@tmall.com,Male,Wakiso
03/01/2023,164,Clovis,McKeand,cmckeand4j@dyndns.org,Female,Rote
01/19/2023,165,Aila,Pacher,apacher4k@hao123.com,Female,Shal’skiy
01/28/2023,166,Tristan,Polhill,tpolhill4l@dagondesign.com,Male,Hengshui
02/19/2023,167,Evered,Wilcock,ewilcock4m@google.pl,Male,Cova da Iria
01/10/2023,168,Phebe,Clemens,pclemens4n@thetimes.co.uk,Female,Zákupy
01/16/2023,169,Yetty,Dowyer,ydowyer4o@spotify.com,Female,Haibeitou
03/10/2023,170,Leann,Buffy,lbuffy4p@ted.com,Female,Valmiera
02/14/2023,171,Clevie,Forestel,cforestel4q@telegraph.co.uk,Male,Kopen
01/04/2023,172,Matilda,Belliard,mbelliard4r@hp.com,Female,Natonin
03/03/2023,173,Mattie,Bonehill,mbonehill4s@dedecms.com,Male,Anchorage
01/24/2023,174,Averell,De Brett,adebrett4t@nydailynews.com,Male,Makuyuni
03/07/2023,175,Godart,Ryles,gryles4u@skype.com,Male,Moglicë
02/17/2023,176,Daphne,Boater,dboater4v@aboutads.info,Female,Tvrdonice
03/13/2023,177,Kameko,Champion,kchampion4w@statcounter.com,Female,Beipai
03/26/2023,178,Svend,Everit,severit4x@reverbnation.com,Male,Veliki Grđevac
02/18/2023,179,Cara,Yegorev,cyegorev4y@hatena.ne.jp,Female,Bunia
04/06/2023,180,Jacinta,Adame,jadame4z@wordpress.com,Female,Bolengpulau
01/04/2023,181,Byron,Rothermel,brothermel50@tiny.cc,Male,Namioka
02/17/2023,182,Marguerite,Pemble,mpemble51@amazon.co.uk,Female,Thị Trấn Văn Quan
01/31/2023,183,Nonnah,Guyet,nguyet52@slideshare.net,Female,Taoyuan
04/03/2023,184,Boonie,Purcell,bpurcell53@irs.gov,Male,Sumberbakti
04/01/2023,185,Chaddy,Highnam,chighnam54@twitpic.com,Male,Chengguan
04/15/2023,186,Bobbee,Darragh,bdarragh55@usgs.gov,Female,Mahajanga
03/03/2023,187,Janna,McElwee,jmcelwee56@jimdo.com,Female,Faro
02/13/2023,188,Waverley,Daysh,wdaysh57@google.fr,Male,Kamenka
02/24/2023,189,Kimmy,Garroch,kgarroch58@taobao.com,Bigender,Araguaína
03/20/2023,190,Berty,Ogbourne,bogbourne59@vistaprint.com,Female,Zaria
02/03/2023,191,Andre,Ogger,aogger5a@redcross.org,Male,Ibiúna
03/18/2023,192,Dyan,Seago,dseago5b@diigo.com,Female,Dongxin
01/16/2023,193,Gabe,Deere,gdeere5c@hibu.com,Male,Hongjia
01/09/2023,194,Karmen,Petranek,kpetranek5d@naver.com,Female,Dalubian
01/24/2023,195,Clary,Macoun,cmacoun5e@jigsy.com,Female,Ketawang
03/02/2023,196,Thorny,Peverell,tpeverell5f@hc360.com,Genderqueer,Pouébo
03/18/2023,197,Lambert,Beatson,lbeatson5g@aboutads.info,Male,Obudu
02/22/2023,198,Edgardo,Veitch,eveitch5h@jugem.jp,Male,Kaji
03/09/2023,199,Margaret,Paige,mpaige5i@google.es,Female,Guzhu
04/06/2023,200,Pietra,Getch,pgetch5j@artisteer.com,Female,Gävle
03/11/2023,201,Lottie,Carlisle,lcarlisle5k@apache.org,Female,Kolaka
03/10/2023,202,Zia,Becket,zbecket5l@mayoclinic.com,Female,Saba Yoi
03/19/2023,203,Dorothea,Borgars,dborgars5m@fc2.com,Genderqueer,Hang Dong
02/08/2023,204,Filip,Persence,fpersence5n@imgur.com,Male,Bethanie
03/29/2023,205,Patten,Ivkovic,pivkovic5o@elpais.com,Polygender,Santo Tomas
01/20/2023,206,Kerk,Dorrance,kdorrance5p@imgur.com,Male,Potrerillos Arriba
01/04/2023,207,Alfy,Kreutzer,akreutzer5q@hao123.com,Female,Kimméria
04/14/2023,208,Jase,Desson,jdesson5r@delicious.com,Male,Itapecerica da Serra
01/30/2023,209,Penrod,Spurdens,pspurdens5s@omniture.com,Male,Nusaherang
03/05/2023,210,Meriel,Salazar,msalazar5t@illinois.edu,Female,Gamovo
04/08/2023,211,Gayle,Menure,gmenure5u@ox.ac.uk,Male,Gogosuket
01/27/2023,212,Roby,De Nisco,rdenisco5v@cbc.ca,Female,Yubilyeyny
03/04/2023,213,Lacy,Dumsday,ldumsday5w@dagondesign.com,Female,Lakki Marwat
01/26/2023,214,Israel,Attlee,iattlee5x@imgur.com,Genderqueer,Rattanawapi
01/14/2023,215,Alister,Crowch,acrowch5y@hubpages.com,Male,Hīsh
04/04/2023,216,Gabbie,Cunnow,gcunnow5z@uol.com.br,Male,Agadez
02/14/2023,217,Brian,Corsham,bcorsham60@dyndns.org,Male,Firenze
02/27/2023,218,Delinda,Lundon,dlundon61@sun.com,Female,Zhangcaizhuang
01/18/2023,219,Rees,Twelve,rtwelve62@cbsnews.com,Male,Carepa
03/09/2023,220,Phineas,Blethyn,pblethyn63@tinypic.com,Male,Lidingö
01/18/2023,221,Alyson,Plait,aplait64@amazon.co.uk,Female,Rio Covo
04/05/2023,222,Leonidas,Moodycliffe,lmoodycliffe65@live.com,Male,Al Quţayfah
03/03/2023,223,Kristo,Consadine,kconsadine66@studiopress.com,Male,Bangelan
04/01/2023,224,Mellisent,Zollner,mzollner67@answers.com,Female,Wuqishan
03/08/2023,225,Jania,Olivetta,jolivetta68@oracle.com,Female,Biru
02/25/2023,226,Marc,Woodberry,mwoodberry69@japanpost.jp,Male,'s-Hertogenbosch
02/06/2023,227,Marie-ann,Millwater,mmillwater6a@theguardian.com,Genderqueer,Seremban
01/17/2023,228,Gavan,Rumbellow,grumbellow6b@purevolume.com,Male,Watubuku
03/27/2023,229,Nicolis,Brandham,nbrandham6c@oaic.gov.au,Male,Kälviä
03/18/2023,230,Corette,Sexton,csexton6d@paginegialle.it,Female,Landim
01/21/2023,231,Christie,Lanchberry,clanchberry6e@last.fm,Female,Kushima
03/25/2023,232,Rozanna,Neames,rneames6f@1und1.de,Female,Nyima
03/02/2023,233,Friederike,Sarfass,fsarfass6g@mediafire.com,Female,Darungan
02/09/2023,234,Sandie,Maylott,smaylott6h@google.co.uk,Female,Bílovec
03/20/2023,235,Norbert,Dalgety,ndalgety6i@sun.com,Genderfluid,Timrå
03/19/2023,236,Davey,Roj,droj6j@friendfeed.com,Male,Virje
01/12/2023,237,Lizbeth,Boughtflower,lboughtflower6k@princeton.edu,Polygender,Sidem
03/26/2023,238,Arne,Meeny,ameeny6l@senate.gov,Male,Sherbrooke
03/24/2023,239,Irvine,Northedge,inorthedge6m@ebay.co.uk,Male,Quillabamba
03/13/2023,240,Kata,Heasley,kheasley6n@unesco.org,Female,Lirung
03/09/2023,241,Timothee,Hardey,thardey6o@admin.ch,Male,Majāz al Bāb
01/26/2023,242,Donny,Ritchie,dritchie6p@ycombinator.com,Male,Ogurugu
03/19/2023,243,Ryun,Bristoe,rbristoe6q@admin.ch,Male,Sumisip
02/27/2023,244,Lombard,Andreolli,landreolli6r@google.ca,Male,Banjar Dauhpura
01/02/2023,245,Gerrie,Rumgay,grumgay6s@sourceforge.net,Female,Nova Cruz
03/29/2023,246,Nefen,Steggals,nsteggals6t@taobao.com,Male,Zhangxi
03/10/2023,247,Elysia,Tudhope,etudhope6u@nps.gov,Female,Sibulan
03/17/2023,248,Shauna,Ardern,sardern6v@liveinternet.ru,Female,Smętowo Graniczne
03/12/2023,249,Gerianna,MacSherry,gmacsherry6w@yandex.ru,Female,Currais
01/25/2023,250,Antonino,Fairbanks,afairbanks6x@indiegogo.com,Male,Cairani
04/03/2023,251,Huntlee,Meeron,hmeeron6y@cbc.ca,Male,Palagao Norte
02/25/2023,252,Maire,Winscum,mwinscum6z@cmu.edu,Female,Tondano
02/21/2023,253,Donaugh,Greenan,dgreenan70@salon.com,Male,Shushenskoye
01/21/2023,254,Spike,Piggin,spiggin71@jimdo.com,Male,Kętrzyn
01/13/2023,255,Sly,Cozzi,scozzi72@princeton.edu,Male,Rakaia
03/07/2023,256,Annamaria,Ruben,aruben73@huffingtonpost.com,Female,Basak
04/10/2023,257,Orville,Martinuzzi,omartinuzzi74@technorati.com,Male,Xiting
03/30/2023,258,Wes,Kupper,wkupper75@edublogs.org,Male,Margorejo
02/15/2023,259,Win,Heak,wheak76@techcrunch.com,Male,Slobozia
01/09/2023,260,Sebastiano,De Coursey,sdecoursey77@printfriendly.com,Male,Pancoran
04/16/2023,261,Ripley,Pamment,rpamment78@miitbeian.gov.cn,Male,Padangtepung
04/16/2023,262,Myles,Parsons,mparsons79@hc360.com,Male,Morelos
03/26/2023,263,Arvin,Daveridge,adaveridge7a@go.com,Male,Salgado
04/05/2023,264,Hakim,McKeveney,hmckeveney7b@flavors.me,Male,Barinitas
02/16/2023,265,Oralla,Howsego,ohowsego7c@flickr.com,Female,Xiakou
04/11/2023,266,Issie,Antonoyev,iantonoyev7d@live.com,Female,Lianhe
02/15/2023,267,Sibby,Spinas,sspinas7e@apache.org,Female,Pitangueiras
02/09/2023,268,Blisse,Petrolli,bpetrolli7f@prlog.org,Female,Nevinnomyssk
04/07/2023,269,Romain,Haith,rhaith7g@multiply.com,Male,Radnice
03/08/2023,270,Miles,Matyja,mmatyja7h@mapquest.com,Male,Chrastava
03/18/2023,271,Granny,Conlaund,gconlaund7i@jiathis.com,Male,Quinarayan
01/14/2023,272,Chrisy,Casewell,ccasewell7j@disqus.com,Male,Soledad
02/12/2023,273,Jorgan,Paffot,jpaffot7k@istockphoto.com,Non-binary,Starokorsunskaya
01/04/2023,274,Suzanna,Reace,sreace7l@chronoengine.com,Female,Pocpo
01/11/2023,275,Helene,Triggol,htriggol7m@360.cn,Female,Göteborg
02/20/2023,276,Alexio,Whitemarsh,awhitemarsh7n@1688.com,Male,Nyandoma
01/27/2023,277,Hercule,McClounan,hmcclounan7o@census.gov,Male,Rožaje
02/10/2023,278,Matthus,Richford,mrichford7p@economist.com,Male,Magetlegar
04/16/2023,279,Debor,Cossar,dcossar7q@drupal.org,Female,Rathwire
01/29/2023,280,Rob,Chuck,rchuck7r@gmpg.org,Male,Chambara
02/21/2023,281,Kathie,Bruyns,kbruyns7s@nydailynews.com,Female,Krutaya Gorka
01/22/2023,282,Ruthann,Fassmann,rfassmann7t@nih.gov,Female,Sliema
04/08/2023,283,Shelden,Pierrepoint,spierrepoint7u@reuters.com,Male,Hobart
01/24/2023,284,Halie,Eskriett,heskriett7v@google.pl,Female,Thio
01/08/2023,285,Wileen,Brabant,wbrabant7w@wikia.com,Female,Akbarābād
03/15/2023,286,Elsa,Colbrun,ecolbrun7x@msn.com,Female,Gaoqiao
02/17/2023,287,Keefer,de Verson,kdeverson7y@howstuffworks.com,Male,Candelaria
03/31/2023,288,Cirillo,Tingle,ctingle7z@nymag.com,Male,Velké Hoštice
03/15/2023,289,Verge,Codd,vcodd80@webeden.co.uk,Male,Voiron
02/01/2023,290,Bill,Ulyet,bulyet81@howstuffworks.com,Male,Liuhe
02/04/2023,291,Anestassia,Bachmann,abachmann82@scribd.com,Female,Hongqi
03/08/2023,292,Sutton,Aluard,saluard83@symantec.com,Male,Muroto-misakicho
02/20/2023,293,Frannie,Lipson,flipson84@cdc.gov,Male,Āq Qāyeh
02/07/2023,294,Adelbert,Dupre,adupre85@jugem.jp,Male,Aldana
02/27/2023,295,Cully,Schulze,cschulze86@t.co,Male,Cabinda
02/02/2023,296,Desdemona,Mahon,dmahon87@wp.com,Female,Yaguajay
01/16/2023,297,Merrily,de Clerk,mdeclerk88@altervista.org,Female,Caxias do Sul
03/17/2023,298,Stan,Pollen,spollen89@typepad.com,Male,Lidingö
03/31/2023,299,Verna,Amburgy,vamburgy8a@etsy.com,Female,Yongtai
04/02/2023,300,Zachariah,Reichartz,zreichartz8b@rakuten.co.jp,Male,Sangmélima
02/22/2023,301,Chip,Burfield,cburfield8c@go.com,Male,Xin’an
01/17/2023,302,Humfried,Petren,hpetren8d@wp.com,Male,Skogås
04/08/2023,303,Ernst,Sabberton,esabberton8e@si.edu,Male,Atok
04/04/2023,304,Ernaline,Nenci,enenci8f@smh.com.au,Female,Daying
03/21/2023,305,Walt,Giorgione,wgiorgione8g@ehow.com,Male,Linxi
02/10/2023,306,Karel,Bealing,kbealing8h@webnode.com,Male,Jintao
01/19/2023,307,Cole,Erskine,cerskine8i@howstuffworks.com,Male,Shibetsu
04/13/2023,308,Monro,Dorcey,mdorcey8j@columbia.edu,Male,Sadar Bazar
01/10/2023,309,Gipsy,Klich,gklich8k@oracle.com,Female,Mmathubudukwane
01/10/2023,310,Huntlee,Emberson,hemberson8l@answers.com,Male,Cibalung
01/13/2023,311,Georgeta,Portugal,gportugal8m@miitbeian.gov.cn,Polygender,Loreto
04/02/2023,312,Jon,Reed,jreed8n@nymag.com,Male,Salzburg
03/16/2023,313,Michal,Frankland,mfrankland8o@cafepress.com,Female,Kamifukuoka
01/09/2023,314,Geoffry,Bliven,gbliven8p@joomla.org,Male,Luhe
01/22/2023,315,Ludovika,Dunne,ldunne8q@youku.com,Female,Riolândia
03/09/2023,316,Kahaleel,MacCathay,kmaccathay8r@gizmodo.com,Male,Gaur
02/08/2023,317,Roderich,Leeming,rleeming8s@slashdot.org,Male,Balad
01/02/2023,318,Marshal,Collinette,mcollinette8t@xrea.com,Male,Batusangkar
01/17/2023,319,Helenelizabeth,Bellelli,hbellelli8u@issuu.com,Female,Xiaojing
03/29/2023,320,Ashlin,Belfitt,abelfitt8v@washingtonpost.com,Male,Villa Allende
04/07/2023,321,Sallyann,Wickham,swickham8w@bandcamp.com,Genderqueer,Rychnov nad Kněžnou
01/04/2023,322,Rubie,Flipek,rflipek8x@google.com,Female,Loma Bonita
03/30/2023,323,Bernardine,Furlonge,bfurlonge8y@sciencedaily.com,Female,Brunflo
04/16/2023,324,Salem,Thiese,sthiese8z@e-recht24.de,Male,Émpa
02/21/2023,325,Jacinda,Deetch,jdeetch90@diigo.com,Female,São Mamede de Infesta
02/10/2023,326,Antoni,Stallon,astallon91@chronoengine.com,Male,Kamenica
02/24/2023,327,Dicky,Herculson,dherculson92@bloomberg.com,Male,Kelo
01/14/2023,328,Gray,Skingle,gskingle93@google.pl,Female,Gornja Koprivna
01/15/2023,329,Joete,Sumption,jsumption94@vinaora.com,Female,Nafada
01/19/2023,330,Kelby,Mulrean,kmulrean95@freewebs.com,Male,Baisha
02/01/2023,331,Padraig,Bereford,pbereford96@google.ca,Male,Horní Stropnice
03/04/2023,332,Everard,Gerardeaux,egerardeaux97@behance.net,Male,Parung
01/04/2023,333,Claus,Durbin,cdurbin98@examiner.com,Male,Tireman Timur
01/29/2023,334,Nealon,Gleadle,ngleadle99@stumbleupon.com,Male,Illela
03/28/2023,335,Prince,Balston,pbalston9a@squarespace.com,Male,Shuangbaiyang
02/04/2023,336,Dianne,Dayce,ddayce9b@people.com.cn,Female,Baiheshan
01/16/2023,337,Ryun,Mussetti,rmussetti9c@nps.gov,Male,Lengji
02/21/2023,338,Adriano,McKinlay,amckinlay9d@wired.com,Male,Bal Chirāgh
04/09/2023,339,Merry,Bartholomieu,mbartholomieu9e@arizona.edu,Male,Porto Calvo
03/20/2023,340,Felicio,Hutchings,fhutchings9f@nyu.edu,Male,Lethem
03/23/2023,341,Nevile,O' Mahony,nomahony9g@wikispaces.com,Male,Dijon
01/22/2023,342,Kynthia,Montier,kmontier9h@tiny.cc,Female,Huangnaihai
04/04/2023,343,Magdalene,Essel,messel9i@archive.org,Female,Cikeusal
02/04/2023,344,Ramsey,Jorat,rjorat9j@umn.edu,Male,Nizwá
03/04/2023,345,Dorey,Vell,dvell9k@skyrock.com,Genderqueer,Calde
01/23/2023,346,Ellary,Crossan,ecrossan9l@zdnet.com,Male,Jati
02/15/2023,347,Charline,Matussov,cmatussov9m@slideshare.net,Female,Kyzylorda
01/05/2023,348,Rancell,Jessope,rjessope9n@arstechnica.com,Male,Weiyanggong
01/16/2023,349,Carolee,Bracer,cbracer9o@gnu.org,Female,Pietà
04/11/2023,350,Danya,Pidgley,dpidgley9p@who.int,Female,Fengdian
01/03/2023,351,Benji,Mortell,bmortell9q@paginegialle.it,Male,Xinshidu
04/16/2023,352,Sherill,Skade,sskade9r@etsy.com,Female,Guri-si
02/23/2023,353,Franny,Matej,fmatej9s@amazon.de,Female,Kulary
01/27/2023,354,Dorelia,Malcolmson,dmalcolmson9t@google.ca,Female,Rosario del Ingre
01/29/2023,355,Gerrie,London,glondon9u@nifty.com,Female,Xinxu
03/27/2023,356,Elenore,Bew,ebew9v@microsoft.com,Genderfluid,Pawing
03/20/2023,357,Imojean,Easun,ieasun9w@ihg.com,Female,Allen
03/09/2023,358,Jania,Cundey,jcundey9x@spotify.com,Female,Kidatu
04/07/2023,359,Berrie,Leaburn,bleaburn9y@ameblo.jp,Female,Jeffersonville
01/11/2023,360,Bert,Kubasiewicz,bkubasiewicz9z@webs.com,Male,San Fernando del Valle de Catamarca
02/28/2023,361,Shirley,Beining,sbeininga0@sfgate.com,Female,Borova
02/23/2023,362,Leslie,Houlson,lhoulsona1@cam.ac.uk,Male,Madala
01/20/2023,363,Sile,Lysaght,slysaghta2@php.net,Female,Terra Chã
03/09/2023,364,Joshuah,Brussels,jbrusselsa3@ed.gov,Male,Bazhu
04/03/2023,365,Diarmid,Harbron,dharbrona4@jugem.jp,Male,Cifuentes
02/19/2023,366,Tammara,Doody,tdoodya5@digg.com,Non-binary,Nanterre
01/17/2023,367,Monroe,Loder,mlodera6@soup.io,Male,Yanglin
01/28/2023,368,Worth,Ewence,wewencea7@newsvine.com,Male,Outapi
03/14/2023,369,Vin,Pietruszewicz,vpietruszewicza8@buzzfeed.com,Male,Contramaestre
02/21/2023,370,Isidore,Enderle,ienderlea9@miitbeian.gov.cn,Male,Vespasiano
01/08/2023,371,Duke,Jarrard,djarrardaa@networkadvertising.org,Male,Mölndal
04/08/2023,372,Jess,Gerb,jgerbab@theatlantic.com,Male,Kulykiv
03/28/2023,373,Kiel,Stainbridge,kstainbridgeac@abc.net.au,Male,Bei’an
01/28/2023,374,Frasco,Pirozzi,fpirozziad@goo.gl,Male,Mehtar Lām
04/03/2023,375,Kippy,Tripet,ktripetae@liveinternet.ru,Female,Aachen
04/03/2023,376,Vick,Ahearne,vahearneaf@examiner.com,Male,Aeka
03/08/2023,377,Nelson,Carlisso,ncarlissoag@discuz.net,Male,Novocherkassk
02/05/2023,378,Jasper,Davinet,jdavinetah@sun.com,Male,Kole
01/25/2023,379,Alix,Damiral,adamiralai@theglobeandmail.com,Female,Poříčí nad Sázavou
01/17/2023,380,Mona,Lynagh,mlynaghaj@chron.com,Female,Sunne
02/20/2023,381,Adrien,Tafani,atafaniak@phoca.cz,Male,Mulino
04/06/2023,382,Ethel,Linbohm,elinbohmal@facebook.com,Female,Nankou
04/04/2023,383,Lusa,Belbin,lbelbinam@bravesites.com,Female,Stockholm
02/20/2023,384,Robin,Moyne,rmoynean@lulu.com,Female,Momil
01/15/2023,385,Sheela,Mattaser,smattaserao@globo.com,Female,Nashville
03/31/2023,386,Herschel,Scrowby,hscrowbyap@dell.com,Male,Mindyak
01/27/2023,387,Alayne,Morena,amorenaaq@archive.org,Female,Perstorp
01/04/2023,388,Domini,Lettice,dletticear@addtoany.com,Agender,Kotawaikabubak
02/19/2023,389,Gerome,Bingall,gbingallas@meetup.com,Male,Khao Kho
03/17/2023,390,Steffane,Garrett,sgarrettat@arstechnica.com,Female,Padre Burgos
03/07/2023,391,Zitella,Kelner,zkelnerau@soup.io,Female,Melchor Ocampo
03/20/2023,392,Shel,Pitchers,spitchersav@cbc.ca,Female,Peishe
03/23/2023,393,Daphna,Piscotti,dpiscottiaw@timesonline.co.uk,Female,Dabao
02/23/2023,394,Peg,Kures,pkuresax@wisc.edu,Female,Pandean
03/31/2023,395,Kaye,Greep,kgreepay@oakley.com,Female,Ambatondrazaka
03/25/2023,396,Smitty,Sheeres,ssheeresaz@virginia.edu,Male,Dongle
02/04/2023,397,Christoforo,Burston,cburstonb0@wordpress.org,Male,Jetak Kulon
01/11/2023,398,Georgianne,Teffrey,gteffreyb1@indiatimes.com,Female,Xinxing
03/25/2023,399,Alfie,Waddams,awaddamsb2@zimbio.com,Male,Nanhai
03/12/2023,400,Clarice,Peterffy,cpeterffyb3@networksolutions.com,Female,Itapicuru
04/08/2023,401,Dodie,Murdy,dmurdyb4@home.pl,Female,Ettelbruck
04/02/2023,402,Felic,Stronghill,fstronghillb5@stanford.edu,Male,Siliana
02/28/2023,403,Ivonne,Colman,icolmanb6@liveinternet.ru,Female,Hyżne
02/26/2023,404,Torrie,Laurenson,tlaurensonb7@diigo.com,Female,Youyang
01/03/2023,405,Benedikta,Ewert,bewertb8@tuttocitta.it,Female,Palmira
02/15/2023,406,Daveen,Coe,dcoeb9@ebay.com,Female,Pejë
02/15/2023,407,Arty,Bugg,abuggba@umn.edu,Male,Shangtang
02/24/2023,408,Ara,Cruden,acrudenbb@e-recht24.de,Non-binary,Glinojeck
02/11/2023,409,Marlyn,Bottinelli,mbottinellibc@comcast.net,Female,Sumberpitu
01/19/2023,410,Alex,Normanton,anormantonbd@accuweather.com,Male,São Francisco do Conde
03/26/2023,411,Kassi,Cosgrive,kcosgrivebe@google.cn,Female,Zuobude
04/03/2023,412,Elisha,Longfellow,elongfellowbf@ftc.gov,Female,Bīleh Savār
01/22/2023,413,Ronnie,Hugnet,rhugnetbg@oracle.com,Male,Lyon
03/18/2023,414,Aurora,Pirouet,apirouetbh@chronoengine.com,Female,Zhongshu
01/15/2023,415,Sigismund,Marvelley,smarvelleybi@sphinn.com,Male,Fuente de Oro
04/08/2023,416,Karena,Cradock,kcradockbj@goo.gl,Genderqueer,Manaquiri
01/31/2023,417,Dionne,Blankau,dblankaubk@psu.edu,Female,Luoqiao
03/14/2023,418,Buck,Spight,bspightbl@baidu.com,Male,Säter
01/12/2023,419,Nadiya,Pretty,nprettybm@shop-pro.jp,Female,Guang’an
02/17/2023,420,Courtney,Monteith,cmonteithbn@amazon.com,Male,Hexi
03/21/2023,421,Killian,Whitwham,kwhitwhambo@ask.com,Male,Tiantai
03/23/2023,422,Giovanna,Ligoe,gligoebp@timesonline.co.uk,Agender,Shuangnian
03/01/2023,423,Lynnett,Anlay,lanlaybq@vk.com,Female,Krasnapollye
01/01/2023,424,Hobey,Marsie,hmarsiebr@ucsd.edu,Male,Arjona
03/30/2023,425,Hadleigh,Mathen,hmathenbs@nasa.gov,Male,José de Freitas
04/16/2023,426,Freddy,Chilles,fchillesbt@elpais.com,Genderqueer,Fond du Sac
03/01/2023,427,Corenda,De Blasio,cdeblasiobu@yellowpages.com,Female,Przystajń
03/18/2023,428,Gwenette,Hellier,ghellierbv@blogspot.com,Female,Budapest
03/17/2023,429,Jenifer,Menat,jmenatbw@nhs.uk,Non-binary,Ercheng
01/03/2023,430,Rafferty,McKinstry,rmckinstrybx@issuu.com,Male,Muñoz East
03/15/2023,431,Arthur,Eatttok,aeatttokby@newsvine.com,Agender,Yaroslavl
04/12/2023,432,Mace,Friskey,mfriskeybz@google.co.uk,Male,Haoxue
02/28/2023,433,Arvin,Gorvette,agorvettec0@cnet.com,Male,São Miguel dos Campos
01/13/2023,434,Gill,Pirazzi,gpirazzic1@yandex.ru,Female,Kamimaruko
01/17/2023,435,Odele,Edgeler,oedgelerc2@wsj.com,Female,Caotan
01/06/2023,436,Wynn,Plumley,wplumleyc3@uiuc.edu,Male,Xigangzi
02/27/2023,437,Tawnya,Christene,tchristenec4@a8.net,Female,Smilavichy
01/10/2023,438,Sande,Caccavella,scaccavellac5@arstechnica.com,Female,Montería
02/22/2023,439,Maggi,Astlett,mastlettc6@opera.com,Female,Panji
02/06/2023,440,Booth,Tedder,btedderc7@usatoday.com,Male,Extrema
01/31/2023,441,Freddy,Fandrich,ffandrichc8@creativecommons.org,Female,Mocoa
02/16/2023,442,Zebadiah,Surgood,zsurgoodc9@nps.gov,Male,Vergara
01/25/2023,443,Lane,Beak,lbeakca@sfgate.com,Female,Beolgyo
01/05/2023,444,Ana,Chung,achungcb@mysql.com,Female,Chaguaní
02/22/2023,445,Carrol,Feldhorn,cfeldhorncc@google.ca,Male,Bontang Baru
03/21/2023,446,Pierrette,Cruce,pcrucecd@admin.ch,Female,Paris 12
03/18/2023,447,Suzi,Symones,ssymonesce@nasa.gov,Female,Masoli
01/06/2023,448,Carmelle,Litterick,clitterickcf@qq.com,Female,Bor Tungge
04/11/2023,449,Beaufort,Sodory,bsodorycg@ucoz.com,Non-binary,Dengnan
03/21/2023,450,Barnard,Winsbury,bwinsburych@baidu.com,Male,Motala
02/28/2023,451,Mark,Haack,mhaackci@usnews.com,Bigender,Ya’ergenchu
04/09/2023,452,Auberta,Minear,aminearcj@mail.ru,Female,Le Raincy
02/16/2023,453,Olvan,Asson,oassonck@deliciousdays.com,Polygender,Melaka
03/09/2023,454,Rip,Coursor,rcoursorcl@theguardian.com,Male,Kista
02/24/2023,455,Lavinia,Queenborough,lqueenboroughcm@issuu.com,Female,Braga
01/26/2023,456,Martha,Scurrell,mscurrellcn@blog.com,Bigender,Taizhou
04/03/2023,457,Burk,Scotter,bscotterco@elegantthemes.com,Bigender,Huaitu
03/12/2023,458,Renado,Fannon,rfannoncp@cpanel.net,Male,Amassoma
03/19/2023,459,Aluino,Sneezum,asneezumcq@ehow.com,Male,Nouaseur
03/31/2023,460,Dasha,Wallman,dwallmancr@hexun.com,Female,Raofeng
02/19/2023,461,Lilly,Pidler,lpidlercs@disqus.com,Female,Magrath
03/26/2023,462,Brooke,Carillo,bcarilloct@fema.gov,Male,Puqi
02/25/2023,463,Hugo,Allaker,hallakercu@apache.org,Male,Lipno
01/13/2023,464,Allene,Nourse,anoursecv@salon.com,Female,Géfyra
02/28/2023,465,Alejandrina,Belvin,abelvincw@newsvine.com,Female,Fenyan
01/15/2023,466,Lorettalorna,Short,lshortcx@dyndns.org,Female,Ajaccio
02/02/2023,467,Lorry,Barns,lbarnscy@sfgate.com,Male,Silago
02/15/2023,468,Woodie,Fancourt,wfancourtcz@yahoo.com,Male,Kakamas
03/18/2023,469,Neely,Arnaudon,narnaudond0@dell.com,Female,Tambulatana
04/09/2023,470,Essa,Hattigan,ehattigand1@biblegateway.com,Bigender,Bryukhovychi
03/28/2023,471,Rudiger,MacDuffie,rmacduffied2@mapquest.com,Male,Wushi
02/01/2023,472,Ramsey,Damrel,rdamreld3@weather.com,Male,Rizal
03/28/2023,473,Juliann,Drabble,jdrabbled4@storify.com,Female,Kanzaki
02/04/2023,474,Flo,Tilliard,ftilliardd5@sogou.com,Female,Tondabayashichō
02/23/2023,475,Mellie,Iskowicz,miskowiczd6@usnews.com,Female,Villa del Rosario
01/07/2023,476,Jorey,Daftor,jdaftord7@reuters.com,Female,Salanegara
01/24/2023,477,Gordan,Ivanets,givanetsd8@hostgator.com,Male,Séléa
02/07/2023,478,Irina,Clines,iclinesd9@pbs.org,Female,Liverpool
04/07/2023,479,Herc,Clover,hcloverda@reddit.com,Male,Falköping
01/05/2023,480,Gram,Leverton,glevertondb@opensource.org,Male,Parral
04/12/2023,481,Farly,Ellum,fellumdc@instagram.com,Male,Jianxi
01/01/2023,482,Elfreda,Rosewarne,erosewarnedd@mail.ru,Female,Zaraza
01/03/2023,483,Cleavland,Kiff,ckiffde@oaic.gov.au,Male,Kristiansand S
01/01/2023,484,Vanni,Glitherow,vglitherowdf@wordpress.com,Non-binary,São Pedro
03/01/2023,485,Stephine,Huggard,shuggarddg@aol.com,Female,Divisoria
01/16/2023,486,Lena,Wild,lwilddh@1688.com,Female,Kristianstad
01/14/2023,487,Whitaker,Stanyon,wstanyondi@abc.net.au,Male,Ambam
02/11/2023,488,Kittie,Veque,kvequedj@marriott.com,Female,Ximei
01/17/2023,489,Eadie,Palatino,epalatinodk@macromedia.com,Non-binary,New York City
02/21/2023,490,Thea,Fakeley,tfakeleydl@instagram.com,Agender,Xiaosong
02/13/2023,491,Tedman,Saffin,tsaffindm@nba.com,Male,Rychvald
02/04/2023,492,Aksel,Crowest,acrowestdn@mashable.com,Male,Shumyachi
02/11/2023,493,Alfredo,Campanelle,acampanelledo@va.gov,Male,Longping
02/09/2023,494,Sadye,Grimolbie,sgrimolbiedp@earthlink.net,Female,Novi Sad
03/23/2023,495,Budd,Meanwell,bmeanwelldq@businessweek.com,Male,Gorzyce
01/15/2023,496,Temple,Arnli,tarnlidr@digg.com,Male,Marcos
02/12/2023,497,Ransell,Reyburn,rreyburnds@amazon.de,Male,Matsena
01/25/2023,498,Bibi,Elintune,belintunedt@wunderground.com,Female,Mirandela
03/30/2023,499,Ellette,McKennan,emckennandu@cnn.com,Genderfluid,Bratislava
01/19/2023,500,Chucho,Haccleton,chaccletondv@is.gd,Male,Kalibuntu
01/17/2023,501,Hewitt,Persence,hpersencedw@weebly.com,Male,Pirajuí
01/20/2023,502,Monti,Growden,mgrowdendx@posterous.com,Male,Zeewolde
01/02/2023,503,Gabbie,Dinnington,gdinningtondy@sakura.ne.jp,Female,Bonga
01/26/2023,504,Odell,Mowday,omowdaydz@meetup.com,Male,Madette
03/30/2023,505,Conrado,Connal,cconnale0@pen.io,Male,Paucarbamba
01/12/2023,506,Kenneth,Ionnisian,kionnisiane1@sakura.ne.jp,Male,Baoxu
03/07/2023,507,Dominik,Dominichelli,ddominichellie2@paginegialle.it,Male,Sighnaghi
04/08/2023,508,Ingunna,Ashall,iashalle3@eepurl.com,Female,Jingxiyuan
02/12/2023,509,Serge,Bodycote,sbodycotee4@multiply.com,Male,Santo Amador
03/01/2023,510,Jean,Armytage,jarmytagee5@marriott.com,Female,Punolu
01/20/2023,511,Josi,Feasley,jfeasleye6@jimdo.com,Female,Stuttgart
01/09/2023,512,Starr,Pickburn,spickburne7@sitemeter.com,Female,Beška
03/10/2023,513,Wolfy,Rosel,wrosele8@biblegateway.com,Male,Banjar Banyuning Barat
02/08/2023,514,Hansiain,Cadden,hcaddene9@economist.com,Male,Krajan Dua Dawuan Wetan
03/03/2023,515,Shermie,Sambrok,ssambrokea@fc2.com,Male,Capilla del Monte
02/17/2023,516,Guendolen,Olczak,golczakeb@google.ru,Female,Buzet
03/11/2023,517,Olly,Roselli,oroselliec@tripadvisor.com,Female,Xinzhuang
03/13/2023,518,Giffer,Richardt,grichardted@com.com,Male,Il’ichëvo
01/31/2023,519,Ahmed,Mourant,amourantee@nydailynews.com,Male,Lolak
01/27/2023,520,Dalenna,Orry,dorryef@imageshack.us,Female,Lopatinskiy
03/11/2023,521,Brandea,Jakoubec,bjakoubeceg@wikispaces.com,Female,Dobřany
03/14/2023,522,Ailsun,Veazey,aveazeyeh@bloomberg.com,Female,Goim
01/25/2023,523,Allyn,Meininking,ameininkingei@blogspot.com,Bigender,Gizel’
04/15/2023,524,Travus,Limprecht,tlimprechtej@chron.com,Male,Bei’an
01/30/2023,525,Jean,Trimmill,jtrimmillek@apple.com,Male,Kuala Lumpur
03/15/2023,526,Cathleen,Simony,csimonyel@example.com,Female,Kawasaki
01/27/2023,527,Jonathon,O'Caine,jocaineem@miibeian.gov.cn,Male,Liquan Chengguanzhen
04/06/2023,528,Lexine,Hugnet,lhugneten@discovery.com,Female,Ustyuzhna
01/13/2023,529,Harley,Druhan,hdruhaneo@psu.edu,Female,Oslo
04/15/2023,530,Neill,Duffie,nduffieep@upenn.edu,Male,Qingshui
03/02/2023,531,Mic,Whittington,mwhittingtoneq@blogspot.com,Male,Kruševac
03/25/2023,532,Caritta,Stainton - Skinn,cstaintonskinner@rambler.ru,Non-binary,Muḩammad Āghah Wuluswālī
03/20/2023,533,Delora,Sagrott,dsagrottes@archive.org,Female,Dali
01/14/2023,534,Marty,Huzzay,mhuzzayet@odnoklassniki.ru,Male,Cachoeirinha
01/09/2023,535,Slade,Cottee,scotteeeu@blogspot.com,Male,Sumbersih
01/23/2023,536,Mark,Dunlop,mdunlopev@technorati.com,Male,Pedra
02/03/2023,537,Sisile,Blazek,sblazekew@senate.gov,Female,Taphan Hin
03/24/2023,538,Carrol,Costerd,ccosterdex@skyrock.com,Male,Sosnovoborsk
02/11/2023,539,Tallulah,Orrick,torrickey@opensource.org,Female,Strasbourg
02/02/2023,540,Nertie,Ranby,nranbyez@photobucket.com,Female,Bom Despacho
01/23/2023,541,Kamila,Nicholson,knicholsonf0@bluehost.com,Female,Velikiye Borki
01/05/2023,542,Hamilton,Lampert,hlampertf1@utexas.edu,Male,Reykjanesbær
02/27/2023,543,Mavis,Blowne,mblownef2@bloglines.com,Female,Vårgårda
03/27/2023,544,Nerty,Heinemann,nheinemannf3@vimeo.com,Female,Jinta
01/12/2023,545,Rachel,Lowe,rlowef4@ameblo.jp,Female,København
03/15/2023,546,Marigold,Sumpter,msumpterf5@vistaprint.com,Female,Kista
04/16/2023,547,Flynn,Guiot,fguiotf6@sun.com,Male,Mpulungu
01/07/2023,548,Kellby,Jozwicki,kjozwickif7@parallels.com,Male,Zelenokumsk
02/23/2023,549,Jessee,Caherny,jcahernyf8@odnoklassniki.ru,Male,San Francisco
04/14/2023,550,Maison,Klimentyev,mklimentyevf9@dagondesign.com,Male,Kobelyaky
01/02/2023,551,Vail,Ovitz,vovitzfa@uiuc.edu,Male,Shiwan
01/04/2023,552,Ambrosius,Shillaber,ashillaberfb@ycombinator.com,Male,Qaryūt
03/03/2023,553,Veronique,Patemore,vpatemorefc@tmall.com,Female,Dushanbe
03/30/2023,554,Quent,Claye,qclayefd@goodreads.com,Agender,Levski
03/29/2023,555,Matthew,Bruyett,mbruyettfe@techcrunch.com,Male,Al Khirāb
03/16/2023,556,Deidre,Petow,dpetowff@rediff.com,Female,Portland
02/12/2023,557,Rochella,Tranfield,rtranfieldfg@blog.com,Female,Grosuplje
03/07/2023,558,Irma,Girone,igironefh@issuu.com,Female,Soly
03/30/2023,559,Albert,Calow,acalowfi@house.gov,Male,Laojun
03/11/2023,560,Yoshi,Ivanikhin,yivanikhinfj@ihg.com,Female,Linggamanik
01/25/2023,561,Guthry,Columbell,gcolumbellfk@ebay.co.uk,Genderqueer,Gävle
03/08/2023,562,Dana,Eixenberger,deixenbergerfl@ucla.edu,Female,Borovskiy
03/07/2023,563,Corney,Lingfoot,clingfootfm@shareasale.com,Male,Jingling
04/15/2023,564,Cortney,Groom,cgroomfn@meetup.com,Polygender,Dniprodzerzhyns’k
02/28/2023,565,Cosetta,Gayter,cgayterfo@quantcast.com,Female,Halden
03/10/2023,566,Ermina,Pilbury,epilburyfp@sbwire.com,Female,Phù Cát
03/22/2023,567,Terrell,Guillond,tguillondfq@webeden.co.uk,Male,Puerto Mayor Otaño
03/16/2023,568,Walker,Lindblad,wlindbladfr@tumblr.com,Male,Shangfang
02/27/2023,569,Kris,Passman,kpassmanfs@lycos.com,Male,Nangen
04/04/2023,570,Costa,Atwool,catwoolft@aol.com,Male,Guia
04/06/2023,571,Fredelia,Botterman,fbottermanfu@t-online.de,Female,Leifeng
02/03/2023,572,Truman,Pitchers,tpitchersfv@house.gov,Male,Íquira
04/14/2023,573,Ruprecht,Furniss,rfurnissfw@intel.com,Male,Chancay
01/07/2023,574,Julee,Houseman,jhousemanfx@ycombinator.com,Female,Jinshan
02/03/2023,575,Tann,Bowden,tbowdenfy@networksolutions.com,Male,Sungai Nyamuk
03/11/2023,576,Marwin,Gian,mgianfz@un.org,Male,Nzérékoré
04/15/2023,577,Korella,Mulvihill,kmulvihillg0@blinklist.com,Female,Dunkerque
03/31/2023,578,Shalom,Straine,sstraineg1@networksolutions.com,Male,Hudlice
03/02/2023,579,Dinnie,Glyne,dglyneg2@msu.edu,Female,Gora
03/07/2023,580,Brenda,Gallamore,bgallamoreg3@bloomberg.com,Female,Jiucheng
03/25/2023,581,Riane,Halworth,rhalworthg4@mashable.com,Female,Taunoa
01/16/2023,582,Muffin,Candelin,mcandeling5@cafepress.com,Male,Shajing
01/17/2023,583,Cristen,Afield,cafieldg6@upenn.edu,Bigender,El Tabo
03/31/2023,584,Tom,Biddell,tbiddellg7@ifeng.com,Male,Wręczyca Wielka
04/08/2023,585,Abbott,Kirman,akirmang8@feedburner.com,Male,Ordzhonikidze
03/31/2023,586,Torrance,Cadigan,tcadigang9@scribd.com,Male,Kimanuit
02/18/2023,587,Harlen,Achrameev,hachrameevga@vk.com,Male,Póvoa do Valado
02/15/2023,588,Mahmoud,Isenor,misenorgb@cbsnews.com,Agender,Panolan
03/16/2023,589,Didi,Ladyman,dladymangc@cmu.edu,Female,Křižanov
01/02/2023,590,Maiga,Ricardon,mricardongd@deviantart.com,Female,Zaklików
04/14/2023,591,Maryjo,Junifer,mjuniferge@oaic.gov.au,Polygender,El Quebrachal
02/10/2023,592,Avigdor,Grabiec,agrabiecgf@topsy.com,Male,Coaticook
03/12/2023,593,Dulcie,Franckton,dfrancktongg@nbcnews.com,Non-binary,Arras
02/17/2023,594,Dyane,Waud,dwaudgh@histats.com,Female,Mjölby
02/03/2023,595,Delora,Kimmince,dkimmincegi@wikispaces.com,Female,Lewopao
04/05/2023,596,Dianne,MacKintosh,dmackintoshgj@pagesperso-orange.fr,Female,Esperanza
01/22/2023,597,Eleen,Cridlan,ecridlangk@domainmarket.com,Female,Kudara-Somon
01/12/2023,598,Jolee,Vassall,jvassallgl@nih.gov,Agender,Vila do Maio
03/26/2023,599,Kellie,Curtoys,kcurtoysgm@goo.gl,Female,Ashgabat
03/16/2023,600,Iosep,Foddy,ifoddygn@mashable.com,Male,Izvestkovyy
03/30/2023,601,Lindsy,Chiplin,lchiplingo@vistaprint.com,Female,Youzha
03/25/2023,602,Onida,Benzie,obenziegp@amazon.co.jp,Female,Tabūk
04/05/2023,603,Bond,Whorlton,bwhorltongq@patch.com,Male,Pelasgía
01/26/2023,604,Hayward,Brett,hbrettgr@ameblo.jp,Male,Linshui
02/08/2023,605,Hayden,Rilton,hriltongs@ted.com,Male,Windsor
03/13/2023,606,Indira,Pull,ipullgt@jimdo.com,Female,Shatian
03/10/2023,607,Link,Manville,lmanvillegu@nifty.com,Male,Drezdenko
03/11/2023,608,Bette,De la Barre,bdelabarregv@tuttocitta.it,Female,Kolonnawa
04/12/2023,609,Erie,Sinnock,esinnockgw@cargocollective.com,Male,As Sukhnah
01/01/2023,610,Fredek,Imlach,fimlachgx@un.org,Male,Xiaocheng
04/11/2023,611,Papagena,Pennicott,ppennicottgy@ameblo.jp,Female,Dagushan
01/23/2023,612,Cinderella,Lintin,clintingz@nydailynews.com,Female,Kaura Namoda
01/21/2023,613,Calv,Wehnerr,cwehnerrh0@studiopress.com,Male,Sleman
03/14/2023,614,Garwood,Mynard,gmynardh1@redcross.org,Male,Kattaqo’rg’on
01/29/2023,615,Cicily,Cumbers,ccumbersh2@soundcloud.com,Female,Pontevedra
02/01/2023,616,Asher,Eagleton,aeagletonh3@disqus.com,Genderfluid,Hinunangan
01/21/2023,617,Hercule,Drennan,hdrennanh4@foxnews.com,Male,Guishan
04/05/2023,618,Welbie,Shelley,wshelleyh5@acquirethisname.com,Male,Xincheng
01/17/2023,619,Berti,Deny,bdenyh6@ihg.com,Genderqueer,Treinta y Tres
02/19/2023,620,Lizette,Synnott,lsynnotth7@usa.gov,Female,Yunguyo
01/01/2023,621,Yoshi,Stothard,ystothardh8@sciencedirect.com,Female,Dante Delgado
01/06/2023,622,Gavrielle,Wordsley,gwordsleyh9@economist.com,Female,Habana del Este
01/15/2023,623,Aubert,Bockmaster,abockmasterha@dedecms.com,Male,Kozlovice
01/17/2023,624,Denney,Fontes,dfonteshb@hostgator.com,Male,Staré Město
03/02/2023,625,Ramon,Klimp,rklimphc@samsung.com,Male,Mtimbira
01/10/2023,626,Sheila-kathryn,Bamforth,sbamforthhd@wikipedia.org,Female,Mekarsari
02/26/2023,627,Alasdair,Mc Caghan,amccaghanhe@networkadvertising.org,Non-binary,Corpus Christi
03/01/2023,628,Ricardo,Hamberstone,rhamberstonehf@newyorker.com,Male,Ostuncalco
04/02/2023,629,Kermy,Bridat,kbridathg@reuters.com,Male,Kleszczewo
01/24/2023,630,Michail,Penticoot,mpenticoothh@purevolume.com,Bigender,Wesoła
03/04/2023,631,Brittney,Mauchline,bmauchlinehi@last.fm,Female,Xingtai
01/20/2023,632,Ingamar,Tarren,itarrenhj@macromedia.com,Male,Sadovo
01/23/2023,633,Teresa,Carp,tcarphk@opensource.org,Female,Eskilstuna
04/16/2023,634,Joellen,Brosenius,jbroseniushl@time.com,Female,Pasongsongan
01/07/2023,635,Bernardine,Girke,bgirkehm@salon.com,Female,Józefów
02/24/2023,636,Danell,Maffucci,dmaffuccihn@google.co.jp,Female,Nytva
03/01/2023,637,Edy,Warhurst,ewarhurstho@digg.com,Female,Dongfeng
02/09/2023,638,Ginger,Umbers,gumbershp@reference.com,Bigender,Cijengkol
01/09/2023,639,Niven,Meni,nmenihq@wikispaces.com,Male,Tabiauan
03/04/2023,640,Emeline,Asee,easeehr@domainmarket.com,Female,Fajã de Cima
03/15/2023,641,Raquela,Minillo,rminillohs@drupal.org,Female,Bintulu
03/23/2023,642,Chelsae,Solomon,csolomonht@rakuten.co.jp,Female,Quince Mil
02/16/2023,643,Nady,Mallion,nmallionhu@ucoz.com,Female,Karlskrona
04/07/2023,644,Ole,Stanman,ostanmanhv@discovery.com,Male,Igboho
01/21/2023,645,Jeane,Dellenbrok,jdellenbrokhw@1und1.de,Female,Ochër
03/31/2023,646,Rinaldo,Traise,rtraisehx@sourceforge.net,Male,Tours
01/19/2023,647,Bernelle,Dennehy,bdennehyhy@wunderground.com,Female,Balagui
01/25/2023,648,Hermina,Duly,hdulyhz@house.gov,Female,Yanglin
02/15/2023,649,Darda,Sivorn,dsivorni0@japanpost.jp,Agender,Komenda
01/22/2023,650,Grazia,Tomlett,gtomletti1@technorati.com,Female,Svyatogorsk
03/11/2023,651,Cassaundra,Greenrodd,cgreenroddi2@wired.com,Female,Pshekhskaya
03/24/2023,652,Lishe,Calafato,lcalafatoi3@symantec.com,Female,San Fernando
03/07/2023,653,April,Sturton,asturtoni4@weather.com,Female,Perniö
01/24/2023,654,Francois,Mallock,fmallocki5@1688.com,Male,Savannah
04/03/2023,655,Elmo,McGilvary,emcgilvaryi6@loc.gov,Male,Tais
03/02/2023,656,Erika,Whyard,ewhyardi7@bbb.org,Female,Shankeng
01/03/2023,657,Dahlia,Cadamy,dcadamyi8@liveinternet.ru,Female,Daxi
03/24/2023,658,Eugenius,Lauthian,elauthiani9@canalblog.com,Male,Gulong
04/15/2023,659,Latrena,Weston,lwestonia@discuz.net,Female,Olofström
01/26/2023,660,Anissa,Fellowes,afellowesib@1und1.de,Female,Sechelt
04/06/2023,661,Shanda,Butner,sbutneric@cbc.ca,Female,Qarshi
02/18/2023,662,Vinny,Vlasyuk,vvlasyukid@youtu.be,Female,Yanqi
03/18/2023,663,Vin,St Leger,vstlegerie@goo.gl,Female,Mirzāpur
01/05/2023,664,Daniele,Brimblecombe,dbrimblecombeif@java.com,Female,Buenos Aires
01/01/2023,665,Sarena,Pask,spaskig@1688.com,Female,Nawu
04/13/2023,666,Abra,Rizzone,arizzoneih@unicef.org,Female,Muaraenim
03/14/2023,667,Marin,Marcussen,mmarcussenii@elegantthemes.com,Female,Bancal
02/27/2023,668,Gerardo,Wasielewski,gwasielewskiij@whitehouse.gov,Male,Cukangpanjang
03/18/2023,669,Hartley,Whiteman,hwhitemanik@livejournal.com,Male,Falun
02/10/2023,670,Pammi,Itzkin,pitzkinil@rambler.ru,Female,Toledo
02/21/2023,671,Kin,Haill,khaillim@cisco.com,Male,Rinbung
03/05/2023,672,Minerva,Roblin,mroblinin@biblegateway.com,Female,Pak Phanang
02/28/2023,673,Pepito,Mordue,pmordueio@parallels.com,Male,Ikedachō
02/24/2023,674,Dalila,Regus,dregusip@wikipedia.org,Female,Khadīr
01/28/2023,675,Chad,Dredge,cdredgeiq@imageshack.us,Male,Jiangqiao
02/15/2023,676,Dyann,Laurant,dlaurantir@deliciousdays.com,Female,Huangjindong
02/22/2023,677,Tomasina,Kopisch,tkopischis@alexa.com,Female,Caluire-et-Cuire
02/18/2023,678,Drusy,Craighead,dcraigheadit@macromedia.com,Female,Boleiros
02/09/2023,679,Lotte,Goning,lgoningiu@163.com,Female,Yantianhe
04/11/2023,680,Alisander,Skill,askilliv@desdev.cn,Male,Alegrete
01/19/2023,681,Jackquelin,Robbe,jrobbeiw@dyndns.org,Female,Playas
03/01/2023,682,Dode,Straneo,dstraneoix@msn.com,Female,Jeju-si
01/12/2023,683,Culley,Le Leu,cleleuiy@wordpress.org,Male,Mekarjaya Satu
02/06/2023,684,Hardy,Mewe,hmeweiz@wix.com,Male,Nonohonis
01/19/2023,685,Dominick,Ellaman,dellamanj0@webmd.com,Male,Krajan
02/23/2023,686,Prentice,Corradengo,pcorradengoj1@mtv.com,Male,Hongqiao
01/15/2023,687,Neale,Krollmann,nkrollmannj2@smugmug.com,Male,La Paz
02/25/2023,688,Alameda,Edrich,aedrichj3@mapy.cz,Female,Qingyang
01/11/2023,689,Evelin,Daborn,edabornj4@accuweather.com,Male,Sidomulyo Kulon
01/03/2023,690,Dollie,Beazleigh,dbeazleighj5@unblog.fr,Genderfluid,Tanjungrejo Lor
03/17/2023,691,Teena,Van Salzberger,tvansalzbergerj6@loc.gov,Female,Goght’
01/08/2023,692,Deb,Hurling,dhurlingj7@newsvine.com,Female,Malko Tŭrnovo
02/12/2023,693,Pavla,Lowndsborough,plowndsboroughj8@elpais.com,Female,Corrientes
01/13/2023,694,Lianna,Farbrace,lfarbracej9@hatena.ne.jp,Female,Huaping
02/28/2023,695,Webster,Lebourn,wlebournja@oakley.com,Male,Ciudad Choluteca
03/22/2023,696,Alvera,Duffyn,aduffynjb@hugedomains.com,Female,Al Khārijah
04/10/2023,697,Kerrie,Leece,kleecejc@usatoday.com,Female,Qianshan
03/08/2023,698,Stevie,Hopfer,shopferjd@csmonitor.com,Male,Olleros
03/25/2023,699,Vannie,Maidment,vmaidmentje@intel.com,Female,Bagan
01/13/2023,700,Leonardo,Rains,lrainsjf@51.la,Male,Samanggen
02/08/2023,701,Jacquelynn,Kerwick,jkerwickjg@live.com,Female,Cẩm Phả Mines
03/19/2023,702,Honey,Titchener,htitchenerjh@census.gov,Female,Calape
04/04/2023,703,Frank,Woollacott,fwoollacottji@lycos.com,Male,Cigintung
03/30/2023,704,Chiquia,Chamberlain,cchamberlainjj@phoca.cz,Female,Vel’sk
02/28/2023,705,Westbrooke,Crighton,wcrightonjk@sciencedirect.com,Male,Barrancas
01/14/2023,706,Corabella,Enderle,cenderlejl@phpbb.com,Female,Xarrë
03/06/2023,707,Kara-lynn,Emeline,kemelinejm@nsw.gov.au,Female,Khāngāh Dogrān
01/03/2023,708,Babs,Rothon,brothonjn@wikimedia.org,Female,Miaogou
02/22/2023,709,Kylie,Spowart,kspowartjo@parallels.com,Male,Zhenqian
02/09/2023,710,Ana,Bartle,abartlejp@aol.com,Female,Lawrenceville
01/31/2023,711,Birgit,Culbert,bculbertjq@cafepress.com,Female,Al Ḩajar al Aswad
03/20/2023,712,Nicolette,Tregido,ntregidojr@multiply.com,Female,Det Udom
03/08/2023,713,Matthaeus,Gummary,mgummaryjs@oaic.gov.au,Male,Kouloúra
02/02/2023,714,Dolf,Spirritt,dspirrittjt@yale.edu,Male,Pa Sang
03/05/2023,715,Torey,Magnus,tmagnusju@tuttocitta.it,Female,Tsapêraī
03/19/2023,716,Brian,Carnock,bcarnockjv@answers.com,Male,Ambar
02/13/2023,717,Jamison,Vowels,jvowelsjw@engadget.com,Male,Nantes
02/10/2023,718,Vittorio,Gunny,vgunnyjx@gravatar.com,Non-binary,Wanfa
03/17/2023,719,Dorice,Martensen,dmartensenjy@oaic.gov.au,Female,Heshui
04/07/2023,720,Nolana,Stiffkins,nstiffkinsjz@amazonaws.com,Female,Muaralabuh
02/16/2023,721,Morganica,Crowson,mcrowsonk0@netscape.com,Female,San Agustín de Valle Fértil
01/09/2023,722,Giuditta,Weakley,gweakleyk1@guardian.co.uk,Female,Gande
01/29/2023,723,Gretal,Butrimovich,gbutrimovichk2@msu.edu,Female,Benzilan
03/14/2023,724,Adeline,Vallery,avalleryk3@jiathis.com,Genderqueer,Rybnik
02/18/2023,725,Robina,Dikles,rdiklesk4@samsung.com,Female,Novopokrovka
02/10/2023,726,Sheffie,Backsal,sbacksalk5@nasa.gov,Male,Daja
02/14/2023,727,Connor,Howland,chowlandk6@t.co,Male,Morani
04/13/2023,728,Miller,Drews,mdrewsk7@instagram.com,Male,Bằng Lũng
03/03/2023,729,Siffre,Laycock,slaycockk8@zdnet.com,Male,Tangpu
04/09/2023,730,Elden,Rominov,erominovk9@wix.com,Male,Piñas
01/05/2023,731,Kylila,Lent,klentka@un.org,Female,Xujia
03/20/2023,732,Carleton,Jacketts,cjackettskb@skyrock.com,Male,Byuravan
03/17/2023,733,Kyle,Ferrea,kferreakc@yellowpages.com,Genderqueer,Nihaona
01/28/2023,734,Audrye,Burgher,aburgherkd@eventbrite.com,Female,Rušanj
03/03/2023,735,Katuscha,Saurin,ksaurinke@quantcast.com,Female,Pyshchug
01/31/2023,736,Alanah,Hollibone,ahollibonekf@umich.edu,Female,Guarulhos
03/31/2023,737,Guthrey,Cuppleditch,gcuppleditchkg@theglobeandmail.com,Male,Nombre de Jesús
02/23/2023,738,Nerti,Kermit,nkermitkh@europa.eu,Female,Chkalov
03/06/2023,739,Toddie,Brunn,tbrunnki@spiegel.de,Genderqueer,Pogranichnyy
03/17/2023,740,Gertruda,Savary,gsavarykj@mlb.com,Female,Hefu
04/05/2023,741,Lammond,Burleton,lburletonkk@prweb.com,Male,Moss
04/07/2023,742,Zorina,Snarr,zsnarrkl@reference.com,Female,Pirogovo
01/15/2023,743,Anjela,Lascelles,alascelleskm@usatoday.com,Female,Wuyanquan
01/28/2023,744,Garik,Oxtiby,goxtibykn@ucla.edu,Male,Shuangshan
01/21/2023,745,Riva,Colbert,rcolbertko@de.vu,Female,Balitai
04/07/2023,746,Nikaniki,Sekulla,nsekullakp@globo.com,Female,Pagarbatu
01/11/2023,747,Leonerd,Garrelts,lgarreltskq@sourceforge.net,Male,Wufeng
01/17/2023,748,Janis,Castellanos,jcastellanoskr@ibm.com,Female,Tamberías
01/05/2023,749,Aundrea,Halewood,ahalewoodks@phpbb.com,Female,Jiefangyan
02/05/2023,750,Michail,Paylor,mpaylorkt@nifty.com,Male,Spas-Zaulok
01/02/2023,751,Celia,Rosbottom,crosbottomku@ihg.com,Female,Sanjō
02/15/2023,752,Florentia,Ravenscroftt,fravenscrofttkv@washingtonpost.com,Female,Shahrud
01/05/2023,753,Gery,Terzi,gterzikw@homestead.com,Male,Murmansk
03/19/2023,754,Rowen,Riggeard,rriggeardkx@reuters.com,Male,Alto Río Senguer
03/14/2023,755,Heida,Charlton,hcharltonky@narod.ru,Female,Nanyang
02/24/2023,756,Karina,Gurko,kgurkokz@tripod.com,Agender,Taoyuan
04/12/2023,757,Brittney,Ricardon,bricardonl0@sohu.com,Female,Sinarbakti
03/15/2023,758,Bing,London,blondonl1@toplist.cz,Male,Yongxing
03/27/2023,759,Franciskus,Kenryd,fkenrydl2@merriam-webster.com,Male,Zalanga
04/05/2023,760,Derick,Pindell,dpindelll3@vkontakte.ru,Male,Karangboyo
02/01/2023,761,Paddie,Gonsalvez,pgonsalvezl4@census.gov,Male,Banaba
01/19/2023,762,Tally,Claricoats,tclaricoatsl5@blogs.com,Female,Jiulongshan
01/31/2023,763,Josy,Rennox,jrennoxl6@ycombinator.com,Female,Cassanayan
02/27/2023,764,Georgy,Glynne,gglynnel7@opera.com,Male,Qal‘eh Ganj
03/02/2023,765,Garnette,Prudham,gprudhaml8@lycos.com,Female,Aurora
03/07/2023,766,Cam,Graalmans,cgraalmansl9@cloudflare.com,Male,Catriló
02/02/2023,767,Tibold,Petrello,tpetrellola@ebay.com,Male,Vohipaho
04/14/2023,768,Anthia,Brazear,abrazearlb@oracle.com,Female,Patía
04/09/2023,769,Aleta,Conner,aconnerlc@bigcartel.com,Female,Montpellier
03/02/2023,770,Kevan,Ankers,kankersld@vinaora.com,Male,Karak City
01/17/2023,771,Emmy,Whannel,ewhannelle@princeton.edu,Female,Plaški
02/02/2023,772,Minnie,Heistermann,mheistermannlf@usda.gov,Female,Semenivka
02/10/2023,773,Dyanna,Suggitt,dsuggittlg@bandcamp.com,Female,Mendeleyevskiy
04/07/2023,774,Rafaela,Pimlock,rpimlocklh@theglobeandmail.com,Female,Yasynuvata
01/26/2023,775,Davina,Thewys,dthewysli@goo.ne.jp,Female,Wattegama
02/22/2023,776,Remus,Jewson,rjewsonlj@360.cn,Male,Sikur
03/26/2023,777,Ki,Stutte,kstuttelk@free.fr,Female,Shiroishi
01/01/2023,778,Anna-diane,Matyukon,amatyukonll@jigsy.com,Female,Koungou
03/14/2023,779,Jobye,Sercombe,jsercombelm@accuweather.com,Female,Camaquã
02/06/2023,780,Yankee,Insworth,yinsworthln@4shared.com,Male,Olonets
02/20/2023,781,Deanne,Boutwell,dboutwelllo@ox.ac.uk,Female,Chornomors’ke
01/09/2023,782,Gleda,Inkles,ginkleslp@lulu.com,Female,Pasto
03/01/2023,783,Laurella,Carty,lcartylq@hexun.com,Female,Mérignac
01/18/2023,784,Vivi,Troutbeck,vtroutbecklr@loc.gov,Female,Sarov
03/15/2023,785,Cassaundra,Mundie,cmundiels@purevolume.com,Bigender,Ualog
04/12/2023,786,Saundra,Dowden,sdowdenlt@reference.com,Female,Sremska Mitrovica
01/20/2023,787,Lyssa,Brunotti,lbrunottilu@amazon.com,Female,Santa Cruz
01/12/2023,788,Elberta,Starmer,estarmerlv@vimeo.com,Female,Zhendong
04/05/2023,789,Agustin,Barajas,abarajaslw@hud.gov,Male,Budayuan
03/01/2023,790,Amandie,Maryet,amaryetlx@nba.com,Female,Xi’an
03/22/2023,791,Napoleon,Gon,ngonly@yandex.ru,Male,Kasugai
04/11/2023,792,Gilemette,Lynde,glyndelz@facebook.com,Genderqueer,Kefang
01/19/2023,793,Katherine,Tappin,ktappinm0@imgur.com,Female,Lishui
03/23/2023,794,Mahalia,Siddens,msiddensm1@wix.com,Female,Zaria
03/23/2023,795,Abbot,Odger,aodgerm2@unblog.fr,Male,Nemby
02/02/2023,796,Dona,Artinstall,dartinstallm3@bandcamp.com,Female,Vrakháti
02/09/2023,797,Melinde,Killigrew,mkilligrewm4@wikipedia.org,Female,Aţ Ţaybah
03/16/2023,798,Edgar,Kuzemka,ekuzemkam5@chron.com,Male,Zīrakī
04/15/2023,799,Laura,Pollitt,lpollittm6@yellowbook.com,Female,Ore
02/20/2023,800,Kane,Vittel,kvittelm7@fc2.com,Male,Shatian
02/02/2023,801,Lexi,Helleckas,lhelleckasm8@de.vu,Female,Hong’an Chengguanzhen
01/14/2023,802,Dougie,Jellico,djellicom9@friendfeed.com,Male,Thị Trấn Nga Sơn
03/27/2023,803,Chad,Wymer,cwymerma@berkeley.edu,Female,Albanel
01/03/2023,804,Binnie,Middlehurst,bmiddlehurstmb@indiatimes.com,Female,Ganta
03/03/2023,805,Ottilie,Leuty,oleutymc@youtu.be,Female,Rambatan
01/10/2023,806,Garth,Shreve,gshrevemd@intel.com,Polygender,Borovoy
02/23/2023,807,Donella,Potkins,dpotkinsme@mail.ru,Female,Lisków
03/21/2023,808,Rutger,Matias,rmatiasmf@imageshack.us,Male,Karangpao
03/11/2023,809,Ursola,Insall,uinsallmg@elpais.com,Female,Svenljunga
04/16/2023,810,Jenifer,Busch,jbuschmh@sogou.com,Female,Battung
01/24/2023,811,Gill,Charlwood,gcharlwoodmi@globo.com,Male,Pakkat
03/01/2023,812,Ilaire,Poltone,ipoltonemj@typepad.com,Male,Canmore
02/05/2023,813,Gaye,McNeill,gmcneillmk@whitehouse.gov,Female,Matsubase
03/12/2023,814,Tabbatha,Rosbottom,trosbottomml@odnoklassniki.ru,Female,Altunemil
03/31/2023,815,Tremain,Thompstone,tthompstonemm@creativecommons.org,Male,Hněvotín
03/28/2023,816,Rodie,Megson,rmegsonmn@statcounter.com,Female,Cloyne
03/16/2023,817,Ferdy,Sumsion,fsumsionmo@vistaprint.com,Male,Xihu
01/30/2023,818,Karlen,Barajas,kbarajasmp@ovh.net,Bigender,Yerofey Pavlovich
03/25/2023,819,Merrily,Russel,mrusselmq@columbia.edu,Female,Mizi
02/13/2023,820,Jenn,Cardon,jcardonmr@narod.ru,Female,Segodim
03/27/2023,821,Emmott,Flaxon,eflaxonms@paypal.com,Male,Labrang
02/27/2023,822,Ninnette,Brimelow,nbrimelowmt@delicious.com,Genderfluid,Karanglo
02/05/2023,823,Kippie,D'Oyley,kdoyleymu@mlb.com,Genderfluid,Kumla
03/04/2023,824,Koralle,Wackly,kwacklymv@ftc.gov,Female,Banjeru
02/15/2023,825,Georgie,Ziems,gziemsmw@google.com,Male,Chitré
01/13/2023,826,Crissie,Vautrey,cvautreymx@bravesites.com,Female,Ganghwa-gun
04/09/2023,827,Aylmer,Braisby,abraisbymy@privacy.gov.au,Male,Kálymnos
02/06/2023,828,Gerty,Roggerone,groggeronemz@sciencedirect.com,Female,Périgny
01/10/2023,829,Michal,Lemanu,mlemanun0@sciencedaily.com,Male,Kambar
03/08/2023,830,Burgess,Robotham,brobothamn1@tmall.com,Male,Cipesing
02/15/2023,831,Bunny,Ivanusyev,bivanusyevn2@wired.com,Female,Sampit
02/11/2023,832,Glad,Biers,gbiersn3@ebay.co.uk,Female,Noyon
04/04/2023,833,Thurstan,McCray,tmccrayn4@linkedin.com,Male,Nantes
01/06/2023,834,Alena,Tosh,atoshn5@ameblo.jp,Polygender,Usuki
02/05/2023,835,Rosina,Muddimer,rmuddimern6@t.co,Female,Täby
01/16/2023,836,Dasya,Rake,draken7@hostgator.com,Female,Byera Village
01/06/2023,837,Neill,Wyllis,nwyllisn8@cnn.com,Male,Hutang
02/23/2023,838,Ernst,Suffield,esuffieldn9@webs.com,Male,San José de las Lajas
04/08/2023,839,Morley,Seignior,mseigniorna@oakley.com,Male,Era
02/07/2023,840,Xylina,Balas,xbalasnb@google.cn,Polygender,Canjulao
02/10/2023,841,Daren,Howen,dhowennc@phoca.cz,Male,Cibaregbeg
03/17/2023,842,Fletch,Cowterd,fcowterdnd@dailymotion.com,Male,Casal das Figueiras
04/08/2023,843,Weston,Probbings,wprobbingsne@nba.com,Male,Akashi
02/14/2023,844,Durante,Longrigg,dlongriggnf@wikipedia.org,Male,Khān Neshīn
03/10/2023,845,Cesya,Budgett,cbudgettng@cocolog-nifty.com,Female,Parintins
02/05/2023,846,Derek,Crosetti,dcrosettinh@4shared.com,Male,Jindui
01/06/2023,847,Yolane,Poat,ypoatni@is.gd,Female,Terang
01/28/2023,848,Briano,McAree,bmcareenj@alexa.com,Male,Tarimbang
03/28/2023,849,Fionnula,Spare,fsparenk@wisc.edu,Female,Curug
01/18/2023,850,Waldo,Purdey,wpurdeynl@psu.edu,Male,Sölvesborg
02/25/2023,851,Suellen,Bulbrook,sbulbrooknm@wordpress.org,Female,Vogan
01/23/2023,852,Heida,Clulow,hclulownn@gov.uk,Bigender,Seso
04/04/2023,853,Marlo,Goozee,mgoozeeno@goo.gl,Male,Vinkkilä
04/04/2023,854,Chevalier,McSwan,cmcswannp@amazon.co.uk,Male,Yanglin
01/14/2023,855,Bunny,Nairns,bnairnsnq@google.ca,Female,Ma’an
02/06/2023,856,Elena,Dumphy,edumphynr@mlb.com,Female,Yuwan
04/08/2023,857,Farrell,Claige,fclaigens@mac.com,Male,Xinxu
01/10/2023,858,Basilius,Heskin,bheskinnt@ocn.ne.jp,Non-binary,Benito Juarez
02/02/2023,859,Bobbee,Lindman,blindmannu@time.com,Female,Pho Thong
01/17/2023,860,Maryanne,Vose,mvosenv@woothemes.com,Female,Taishihe
04/13/2023,861,Jaime,Cornelius,jcorneliusnw@studiopress.com,Female,Zafarwāl
02/17/2023,862,Linell,Orbine,lorbinenx@mysql.com,Female,Dogbo
04/10/2023,863,Stanwood,Sciacovelli,ssciacovelliny@wix.com,Male,Krajanjugosari
01/18/2023,864,Britteny,Langstaff,blangstaffnz@last.fm,Female,Kujang-ŭp
01/05/2023,865,Waldon,Pensom,wpensomo0@unicef.org,Male,Lučko
01/03/2023,866,Elston,Debrick,edebricko1@mapy.cz,Male,Thạnh Mỹ
02/21/2023,867,Elga,Scotchforth,escotchfortho2@auda.org.au,Female,Solna
01/13/2023,868,Clem,Usmar,cusmaro3@noaa.gov,Male,Ratilangi
02/17/2023,869,Mahala,Viger,mvigero4@seattletimes.com,Female,Kadipaten
04/11/2023,870,Aggi,McKibbin,amckibbino5@issuu.com,Female,San Felipe
01/20/2023,871,Dacy,Boscher,dboschero6@people.com.cn,Female,Nzega
02/04/2023,872,Roddie,Taylerson,rtaylersono7@163.com,Male,Kulaman
03/11/2023,873,Imojean,Guerrazzi,iguerrazzio8@usnews.com,Female,Bačka Topola
02/12/2023,874,Andrea,Hamilton,ahamiltono9@thetimes.co.uk,Male,Xiaoduchuan
03/30/2023,875,Victoria,Fallanche,vfallancheoa@goo.gl,Female,Kenarilang
03/27/2023,876,Finlay,Dahmke,fdahmkeob@squidoo.com,Male,Liangkou
01/22/2023,877,Lucia,Ingley,lingleyoc@rakuten.co.jp,Female,Zhongxiao
02/26/2023,878,Luca,Kynforth,lkynforthod@theglobeandmail.com,Male,Luxi
01/22/2023,879,Lucien,Wrathmall,lwrathmalloe@mapy.cz,Male,Aţ Ţafīlah
02/28/2023,880,Maryanna,Broadbridge,mbroadbridgeof@chronoengine.com,Genderfluid,Wangunsari
03/31/2023,881,Chiarra,Ramas,cramasog@infoseek.co.jp,Female,Uchaly
02/10/2023,882,Cory,Haggleton,chaggletonoh@mediafire.com,Male,Cimenga
01/07/2023,883,Quintus,Millership,qmillershipoi@fotki.com,Male,Shaochang
01/27/2023,884,Tadd,Barden,tbardenoj@spotify.com,Male,Kut Chap
04/04/2023,885,Chrissy,Dmitrichenko,cdmitrichenkook@patch.com,Male,Gritsovskiy
02/24/2023,886,Axe,Cockle,acockleol@umich.edu,Male,Baranowo
03/13/2023,887,Lotta,Hawkeswood,lhawkeswoodom@reverbnation.com,Female,Chuncheng
01/25/2023,888,Joice,Jore,jjoreon@squidoo.com,Female,Shataping
04/02/2023,889,Sergeant,Atchly,satchlyoo@wisc.edu,Male,Kidatu
01/06/2023,890,Juana,Rickersey,jrickerseyop@nba.com,Female,Tajumulco
01/28/2023,891,Melanie,Giovannoni,mgiovannonioq@w3.org,Female,Pokrovskoye
02/05/2023,892,Emlynn,Gear,egearor@howstuffworks.com,Female,Gambang
04/10/2023,893,Alla,Bartelli,abartellios@arizona.edu,Female,Luzhuangzi
01/08/2023,894,Torrin,Pressnell,tpressnellot@sourceforge.net,Male,Krajan Langenharjo
01/24/2023,895,Sidonnie,Wiltsher,swiltsherou@feedburner.com,Female,Kan
02/25/2023,896,Christophe,Debling,cdeblingov@microsoft.com,Male,Lombog
02/03/2023,897,Moe,Hanscombe,mhanscombeow@google.fr,Male,Boromlya
03/01/2023,898,Lonny,Lyfe,llyfeox@amazonaws.com,Male,Riberalta
01/23/2023,899,Montague,Densumbe,mdensumbeoy@paypal.com,Male,Borūjerd
04/03/2023,900,Jolie,Whooley,jwhooleyoz@google.com.hk,Female,Val-d'Or
01/21/2023,901,Erhard,Simmers,esimmersp0@cbsnews.com,Male,Destrnik
04/15/2023,902,Gonzales,Philpault,gphilpaultp1@wordpress.org,Male,Khuan Don
01/07/2023,903,Robb,Guppie,rguppiep2@cmu.edu,Male,Hongos
04/13/2023,904,Martie,McGonigle,mmcgoniglep3@dropbox.com,Male,General Roca
04/14/2023,905,Lindsey,Vela,lvelap4@mac.com,Male,Konibodom
03/15/2023,906,Rafferty,Errowe,rerrowep5@friendfeed.com,Male,São Sebastião do Caí
03/05/2023,907,Morna,Cottle,mcottlep6@amazon.de,Female,Paraty
02/06/2023,908,Orv,Gilligan,ogilliganp7@elpais.com,Male,Kebonan
02/19/2023,909,Iona,McIlwraith,imcilwraithp8@friendfeed.com,Female,Sogcho
03/25/2023,910,Roseline,Bridgestock,rbridgestockp9@fastcompany.com,Female,Lemahputih
04/04/2023,911,Duncan,Maffin,dmaffinpa@cnet.com,Male,Owode
04/05/2023,912,Morlee,Humby,mhumbypb@yale.edu,Male,Rolante
03/17/2023,913,Georgianna,Rewan,grewanpc@sitemeter.com,Female,Miętne
03/30/2023,914,Rhona,MacKeague,rmackeaguepd@aol.com,Female,Halton
01/16/2023,915,Nissie,Rumgay,nrumgaype@gizmodo.com,Female,Yuanquan
02/07/2023,916,Ketti,Aleksandrikin,kaleksandrikinpf@mit.edu,Female,Kwikila
02/12/2023,917,Judd,Jonk,jjonkpg@geocities.com,Male,Bihoro
04/02/2023,918,Therine,Parbrook,tparbrookph@google.cn,Female,Novki
03/16/2023,919,Edith,Kermode,ekermodepi@npr.org,Female,Petrovsk
02/03/2023,920,Krishna,Macenzy,kmacenzypj@wordpress.org,Male,Tubuhue
04/16/2023,921,Theobald,Sproul,tsproulpk@deliciousdays.com,Male,New York City
03/24/2023,922,Lilah,Darell,ldarellpl@weather.com,Female,La Roxas
04/09/2023,923,Henrik,Werlock,hwerlockpm@jalbum.net,Male,Pilchowice
02/04/2023,924,Janos,Hickin,jhickinpn@freewebs.com,Male,Lampa
02/09/2023,925,Clyve,Cremen,ccremenpo@google.com.hk,Male,Évosmos
01/29/2023,926,Nikolos,Abatelli,nabatellipp@state.tx.us,Male,Amadeo
02/26/2023,927,Robinette,Nixon,rnixonpq@cocolog-nifty.com,Female,Courtaboeuf
04/08/2023,928,Monty,Burcombe,mburcombepr@scientificamerican.com,Male,Nanpu
02/27/2023,929,Liam,Shearsby,lshearsbyps@netlog.com,Male,Yishui
04/13/2023,930,Baxy,Polsin,bpolsinpt@freewebs.com,Male,Sebba
04/16/2023,931,Gabey,Marchbank,gmarchbankpu@networkadvertising.org,Female,Kishk-e Nakhūd
03/09/2023,932,Fran,Hockey,fhockeypv@xrea.com,Agender,Jaraguá
03/02/2023,933,Vance,Leatham,vleathampw@jigsy.com,Male,Bošovice
02/17/2023,934,Junia,Keen,jkeenpx@paypal.com,Female,Ponta da Garça
02/21/2023,935,Zerk,Josselson,zjosselsonpy@purevolume.com,Male,Quảng Ngãi
01/07/2023,936,Herold,Belchamp,hbelchamppz@merriam-webster.com,Agender,Opatov
01/24/2023,937,Culley,Claus,cclausq0@ow.ly,Non-binary,Tonggakjati
02/15/2023,938,Anastassia,Kanzler,akanzlerq1@t.co,Female,Sadkowice
01/17/2023,939,Alfonso,Fossett,afossettq2@webs.com,Male,Dukuh
01/20/2023,940,Pieter,Tocqueville,ptocquevilleq3@godaddy.com,Male,Cesvaine
01/28/2023,941,Lexi,Blonfield,lblonfieldq4@businesswire.com,Female,Trzcińsko Zdrój
04/04/2023,942,Dukey,Crunkhorn,dcrunkhornq5@tiny.cc,Non-binary,Salinas
02/20/2023,943,Gennie,MacCaull,gmaccaullq6@soundcloud.com,Female,Aguasay
04/06/2023,944,Calli,Vigars,cvigarsq7@histats.com,Female,Canaries
04/10/2023,945,Natale,Dey,ndeyq8@blogs.com,Male,Dongsheng
02/08/2023,946,Obidiah,Tarry,otarryq9@booking.com,Male,Guanhães
02/23/2023,947,Meridith,Wendover,mwendoverqa@taobao.com,Female,Načeradec
03/13/2023,948,Garrard,Larvin,glarvinqb@microsoft.com,Male,Nakhon Phanom
03/31/2023,949,Fawn,Ivel,fivelqc@i2i.jp,Female,Nangkaruka
03/30/2023,950,Mort,Goulthorp,mgoulthorpqd@list-manage.com,Male,Södertälje
01/14/2023,951,Birgitta,Shivell,bshivellqe@webs.com,Female,Garwolin
01/11/2023,952,See,Chaundy,schaundyqf@csmonitor.com,Male,Tan Sum
04/01/2023,953,Fanya,Gillmor,fgillmorqg@google.com.br,Female,Lutian
02/18/2023,954,Merwin,Begley,mbegleyqh@reference.com,Male,Weru
04/07/2023,955,Toinette,Ffrench,tffrenchqi@tumblr.com,Female,Zhoutou
01/10/2023,956,Tyrus,Wishart,twishartqj@harvard.edu,Male,Piława Górna
02/01/2023,957,Meade,Sartin,msartinqk@netscape.com,Female,Yabluniv
01/15/2023,958,Bibi,Hender,bhenderql@baidu.com,Female,Tartu
03/12/2023,959,Donovan,Croft,dcroftqm@forbes.com,Male,Pegões
02/19/2023,960,Masha,Marder,mmarderqn@globo.com,Polygender,Sukacai Tengah
02/10/2023,961,Leontyne,Crang,lcrangqo@lycos.com,Female,Nangerang
02/08/2023,962,Griffy,Coskerry,gcoskerryqp@state.gov,Male,Langzhong
04/04/2023,963,Dominic,Preble,dprebleqq@livejournal.com,Male,Igunga
01/21/2023,964,Granville,Rives,grivesqr@noaa.gov,Male,Moxi
03/21/2023,965,Rene,Symmers,rsymmersqs@businesswire.com,Male,Maundai
02/24/2023,966,Chane,Darrigoe,cdarrigoeqt@sphinn.com,Male,Dagui
03/30/2023,967,Vinson,Robus,vrobusqu@biblegateway.com,Male,Linköping
02/24/2023,968,Cosetta,Halm,chalmqv@who.int,Female,Chico
03/30/2023,969,Zarah,Fallow,zfallowqw@macromedia.com,Female,Fenais da Luz
02/28/2023,970,Gizela,McFater,gmcfaterqx@nature.com,Female,Morrito
02/27/2023,971,Luigi,Oehm,loehmqy@house.gov,Male,Placer
03/23/2023,972,Charlotta,Handrahan,chandrahanqz@odnoklassniki.ru,Female,Trelew
04/16/2023,973,Budd,Minogue,bminoguer0@multiply.com,Male,Sukamulia
01/16/2023,974,Liza,Wahner,lwahnerr1@netlog.com,Female,Derhachi
03/21/2023,975,Kennan,Bigadike,kbigadiker2@twitpic.com,Male,Darkovice
01/27/2023,976,Tommie,Lofts,tloftsr3@businesswire.com,Female,Owo
03/09/2023,977,Letisha,Ivasechko,livasechkor4@nbcnews.com,Female,Songmuping
04/15/2023,978,Tessie,Gibling,tgiblingr5@howstuffworks.com,Genderfluid,Mafa
02/23/2023,979,Quintilla,Breyt,qbreytr6@newsvine.com,Female,Qaxbaş
01/20/2023,980,Flss,MacCaughey,fmaccaugheyr7@columbia.edu,Female,Agía Varvára
01/24/2023,981,Duffy,Kennagh,dkennaghr8@imdb.com,Male,San Andrés Xecul
01/27/2023,982,Ysabel,Killeen,ykilleenr9@sitemeter.com,Female,Suining
01/16/2023,983,Griswold,Forkan,gforkanra@ask.com,Genderqueer,Di Linh
03/07/2023,984,Daile,Splaven,dsplavenrb@tamu.edu,Female,Ljukovo
01/18/2023,985,Dorian,Charlin,dcharlinrc@unesco.org,Male,Demak
03/09/2023,986,Raddie,Foote,rfooterd@fda.gov,Male,Zhyrovichy
04/02/2023,987,Seymour,Goadby,sgoadbyre@php.net,Male,Žleby
01/03/2023,988,Norry,Vuitte,nvuitterf@miitbeian.gov.cn,Male,Narva
02/20/2023,989,Gladi,Probyn,gprobynrg@ovh.net,Female,Castedo
03/19/2023,990,Howie,Sloat,hsloatrh@wix.com,Genderqueer,Petersfield
04/11/2023,991,Babara,Jaggs,bjaggsri@mozilla.com,Female,Huangjia
02/28/2023,992,Jacquenette,Grim,jgrimrj@samsung.com,Female,Youngstown
01/24/2023,993,Bellanca,Wyper,bwyperrk@lycos.com,Female,Partido
01/14/2023,994,Cher,Kristoffersen,ckristoffersenrl@twitpic.com,Female,Sanhu
03/04/2023,995,Gnni,Lightbourn,glightbournrm@ycombinator.com,Female,Kusŏng
01/15/2023,996,Heriberto,Fordy,hfordyrn@kickstarter.com,Genderfluid,Elías
01/03/2023,997,Mirelle,Aingel,maingelro@studiopress.com,Female,Madruga
01/26/2023,998,Nickie,Marcam,nmarcamrp@bloglines.com,Female,Minas de Matahambre
02/21/2023,999,Valera,Gatling,vgatlingrq@qq.com,Female,Kaminokawa
03/17/2023,1000,Yelena,Filipputti,yfilipputtirr@state.gov,Female,Iballë
