created,id,first_name,last_name,email,gender,city
01/27/2023,1,Marietta,Goby,mgoby0@biblegateway.com,Female,Tochio-honchō
03/25/2023,2,Gordy,Jahnisch,gjahnisch1@mit.edu,Non-binary,Ryazanskiy
02/09/2023,3,Melania,Antoney,mantoney2@yelp.com,Female,Nanwai
01/25/2023,4,Patin,Sweatman,psweatman3@hostgator.com,Male,Takaishi
04/07/2023,5,Dar,Reding,dreding4@ucoz.ru,Male,Cipari
03/22/2023,6,Emylee,Willmore,ewillmore5@army.mil,Female,Loen
01/13/2023,7,Felic,Deaville,fdeaville6@sakura.ne.jp,Male,Cavinti
02/06/2023,8,Emmy,Mates,emates7@samsung.com,Polygender,Chornorudka
02/11/2023,9,Gannon,Angelini,gangelini8@java.com,Male,Botao
02/07/2023,10,Arleta,Dominick,adominick9@nationalgeographic.com,Female,Juncheng
02/11/2023,11,Hyatt,Cosyns,hcosynsa@npr.org,Male,Tall aḑ Ḑamān
01/23/2023,12,Joseito,Arnaudon,jarnaudonb@chicagotribune.com,Male,Södertälje
03/02/2023,13,Cele,Waters,cwatersc@slate.com,Female,Santo Estêvão
02/09/2023,14,Pernell,Sallnow,psallnowd@dyndns.org,Male,Xiaojing
02/12/2023,15,Shirl,Delmonti,sdelmontie@unicef.org,Female,Rejoso
04/09/2023,16,Nesta,Daw,ndawf@msu.edu,Female,Jambean
03/05/2023,17,Caryn,Longdon,clongdong@accuweather.com,Female,Xiangshun
01/23/2023,18,Charmaine,Jolliman,cjollimanh@people.com.cn,Female,Panggungsari
01/31/2023,19,Johan,Ram,jrami@yellowbook.com,Agender,Huomachong
04/09/2023,20,Vasily,Tottle,vtottlej@census.gov,Male,Canha
02/02/2023,21,Gib,Giacobazzi,ggiacobazzik@slashdot.org,Male,Saint-Jérôme
04/12/2023,22,Mariellen,Vedeniktov,mvedeniktovl@disqus.com,Female,Cidade Velha
02/23/2023,23,Robby,Weafer,rweaferm@trellian.com,Female,Xuân Trường
01/22/2023,24,Elisabetta,Stickney,estickneyn@wikipedia.org,Female,Cuozhou
02/15/2023,25,Titos,Tassaker,ttassakero@odnoklassniki.ru,Male,Rublëvo
03/12/2023,26,Dill,Warlaw,dwarlawp@ca.gov,Non-binary,Agen
03/12/2023,27,Bone,Norcock,bnorcockq@bizjournals.com,Male,Jixi
01/28/2023,28,Mae,Knight,mknightr@mac.com,Female,Daping
04/11/2023,29,Prentice,Johanchon,pjohanchons@163.com,Male,Tanshi
02/19/2023,30,Juliana,Berends,jberendst@icio.us,Female,Larkird
02/27/2023,31,Arty,Benediktsson,abenediktssonu@techcrunch.com,Male,Kaffrine
02/04/2023,32,Blayne,Cossell,bcossellv@utexas.edu,Male,Santa Quitéria do Maranhão
01/15/2023,33,Sig,Margram,smargramw@thetimes.co.uk,Male,Minjian
01/15/2023,34,Matty,Mepsted,mmepstedx@go.com,Male,Kafr ad Dawwār
03/03/2023,35,Bab,Pountney,bpountneyy@godaddy.com,Female,Resende
02/08/2023,36,Shaine,Donkersley,sdonkersleyz@gizmodo.com,Female,Krajan Ngrambingan
03/05/2023,37,Bernetta,Dowey,bdowey10@bing.com,Female,Waddān
02/12/2023,38,Felice,Gendrich,fgendrich11@berkeley.edu,Male,Malekān
03/03/2023,39,Shoshanna,Hollyland,shollyland12@stumbleupon.com,Female,Lucban
03/27/2023,40,Aida,Sherel,asherel13@ucoz.ru,Female,Pilpichaca
03/11/2023,41,Mirilla,McNeice,mmcneice14@ox.ac.uk,Female,Mat-i
04/14/2023,42,Ceil,Floyed,cfloyed15@ed.gov,Female,Prabuty
04/04/2023,43,Millicent,Sidaway,msidaway16@eventbrite.com,Female,Elías
03/17/2023,44,Hermine,Martini,hmartini17@shinystat.com,Female,Proástion
01/01/2023,45,Livvyy,Bilby,lbilby18@kickstarter.com,Female,Pyshchug
02/28/2023,46,Kamila,Crooks,kcrooks19@rambler.ru,Female,Saint-Lô
01/27/2023,47,Isak,Barbisch,ibarbisch1a@jimdo.com,Agender,Không
03/24/2023,48,Lorilee,Herculson,lherculson1b@goo.gl,Female,Balkh
04/05/2023,49,Cass,Badham,cbadham1c@scientificamerican.com,Female,Kýria
01/12/2023,50,Sacha,Agate,sagate1d@msu.edu,Female,Jermuk
03/19/2023,51,Gallard,Tomsett,gtomsett1e@google.es,Male,Rosario de Mora
04/13/2023,52,Lila,Pren,lpren1f@tamu.edu,Female,Al Wuday‘
03/20/2023,53,Cyrille,McCaw,cmccaw1g@utexas.edu,Male,Capilla del Monte
02/23/2023,54,Virgilio,Luton,vluton1h@ameblo.jp,Male,Kremenki
01/20/2023,55,Reagan,Boards,rboards1i@irs.gov,Male,Quintã
01/10/2023,56,Zared,Hubbis,zhubbis1j@nationalgeographic.com,Male,Vladislav
03/23/2023,57,Panchito,Sutliff,psutliff1k@discovery.com,Male,Ash Shajarah
03/16/2023,58,Tate,Tuddenham,ttuddenham1l@tiny.cc,Male,Soutelo
01/06/2023,59,Virginia,Kewish,vkewish1m@icq.com,Female,Guayaybi
02/08/2023,60,Vyky,Iiannoni,viiannoni1n@biglobe.ne.jp,Female,Casa Nova
02/28/2023,61,Shawna,Aldington,saldington1o@vkontakte.ru,Female,Kuroda
04/02/2023,62,Lewiss,Cowl,lcowl1p@slashdot.org,Male,Lebedyan’
03/02/2023,63,Roscoe,Ivashnikov,rivashnikov1q@adobe.com,Male,Ciudad Cortés
02/06/2023,64,Alanson,Keaton,akeaton1r@hostgator.com,Male,Yangjiang
01/10/2023,65,Fedora,Agneau,fagneau1s@webeden.co.uk,Female,Gobernador Ingeniero Valentín Virasoro
01/17/2023,66,Jacynth,Lurriman,jlurriman1t@house.gov,Female,Guanban
02/12/2023,67,Kurtis,Megainey,kmegainey1u@bigcartel.com,Male,Daming
03/14/2023,68,Nobe,Capps,ncapps1v@fda.gov,Male,Thị Trấn Mỹ Lộc
01/31/2023,69,Stefan,Vinton,svinton1w@deviantart.com,Male,Apiaí
03/02/2023,70,Charity,George,cgeorge1x@amazonaws.com,Female,Laoliangcang
04/06/2023,71,Napoleon,Devereux,ndevereux1y@msu.edu,Male,Las Junturas
02/24/2023,72,Herta,Forber,hforber1z@economist.com,Female,Libertador General San Martín
01/13/2023,73,Den,Pavek,dpavek20@bing.com,Male,Maojiadian
04/02/2023,74,Alana,Froude,afroude21@sbwire.com,Female,Richmond
01/16/2023,75,Lottie,Stockford,lstockford22@wikimedia.org,Female,Vidin
03/26/2023,76,Fairlie,Champniss,fchampniss23@dailymail.co.uk,Male,Yihe
03/03/2023,77,Dolly,Cockshtt,dcockshtt24@weebly.com,Female,Liurenba
04/11/2023,78,Ivonne,Belsher,ibelsher25@howstuffworks.com,Female,Russkaya Polyana
04/01/2023,79,Court,Birkenhead,cbirkenhead26@senate.gov,Male,Lazaro Cardenas
02/18/2023,80,Marjy,Dawidsohn,mdawidsohn27@ning.com,Female,Chengzhong
03/17/2023,81,Marlon,Iggalden,miggalden28@multiply.com,Male,West Palm Beach
03/28/2023,82,Burlie,Barmadier,bbarmadier29@state.tx.us,Male,Cateel
03/14/2023,83,Minetta,Challender,mchallender2a@myspace.com,Female,Chervonohryhorivka
01/02/2023,84,Meade,Whittleton,mwhittleton2b@unicef.org,Male,Sukamaju
04/07/2023,85,Aristotle,Scarre,ascarre2c@earthlink.net,Male,Wingham
04/02/2023,86,Kendre,Sloane,ksloane2d@census.gov,Bigender,Kandana
01/12/2023,87,Maia,Twede,mtwede2e@diigo.com,Female,Pereval'noe
01/26/2023,88,Tammy,Sambals,tsambals2f@answers.com,Male,Ojo de Agua
03/14/2023,89,Pavia,Balderston,pbalderston2g@columbia.edu,Female,Chaoyangdong
02/26/2023,90,Burke,Thirlwell,bthirlwell2h@cnet.com,Male,Intibucá
01/28/2023,91,Maurice,Kenright,mkenright2i@alexa.com,Male,Libertad
02/23/2023,92,Ruby,Lamplough,rlamplough2j@tinyurl.com,Female,Täby
01/20/2023,93,Cassie,Dearness,cdearness2k@ted.com,Female,Grindavík
02/02/2023,94,Merrel,Mellsop,mmellsop2l@blinklist.com,Male,Yanjiang
01/16/2023,95,Clay,Cornillot,ccornillot2m@intel.com,Male,Tsaratanana
04/10/2023,96,Georgette,Dymoke,gdymoke2n@cmu.edu,Female,Shakhty
02/18/2023,97,Lulita,Boler,lboler2o@hibu.com,Agender,Lamovita
02/14/2023,98,Charlena,Bensley,cbensley2p@usnews.com,Female,Ágios Spyrídon
01/25/2023,99,Kile,Bronger,kbronger2q@youtube.com,Male,Xincheng
02/12/2023,100,Delila,Lesmonde,dlesmonde2r@vk.com,Non-binary,Rowokangkung
03/08/2023,101,Wilmette,Ladlow,wladlow2s@w3.org,Female,Ambositra
04/12/2023,102,Alphard,Whitters,awhitters2t@altervista.org,Male,Khlong Toei
03/18/2023,103,Cortie,Hillatt,chillatt2u@sina.com.cn,Polygender,Navatat
01/20/2023,104,Deni,Thompson,dthompson2v@bing.com,Female,Sunbu
02/19/2023,105,Gunar,Christophle,gchristophle2w@goo.gl,Male,Popayán
03/01/2023,106,Sherline,Hehnke,shehnke2x@fda.gov,Female,Tarub
04/01/2023,107,Floria,Warcop,fwarcop2y@nature.com,Female,Hlyboka
03/14/2023,108,Dosi,Coke,dcoke2z@samsung.com,Polygender,Jermenovci
01/16/2023,109,Burton,Rilings,brilings30@youku.com,Male,Urbano Noris
03/15/2023,110,Giffer,Tregear,gtregear31@paginegialle.it,Male,Daigo
02/24/2023,111,Sandie,Sellner,ssellner32@scientificamerican.com,Genderfluid,Fubei
03/23/2023,112,Calida,Sebrook,csebrook33@macromedia.com,Female,Kampokpok
03/20/2023,113,Daryl,Exter,dexter34@illinois.edu,Female,Binglincha
02/26/2023,114,Spenser,Mynett,smynett35@canalblog.com,Male,Phú Thái
03/11/2023,115,Waylen,Stare,wstare36@answers.com,Male,Chita
01/03/2023,116,Martyn,Wickersley,mwickersley37@fotki.com,Bigender,Calibishie
04/10/2023,117,Cori,Berth,cberth38@ycombinator.com,Female,Aktau
01/20/2023,118,Millard,Georgius,mgeorgius39@zdnet.com,Male,Melrose
03/23/2023,119,Korney,Salthouse,ksalthouse3a@storify.com,Female,Poshnje
01/27/2023,120,Lucky,Dyett,ldyett3b@163.com,Female,Youxi
03/17/2023,121,Adlai,Gabbidon,agabbidon3c@t.co,Male,El Lolo
01/25/2023,122,Alex,Moohan,amoohan3d@weebly.com,Male,Sośno
02/07/2023,123,Cammie,Maren,cmaren3e@prweb.com,Female,Emin
04/02/2023,124,Glen,de Juares,gdejuares3f@wired.com,Male,Mehrān
01/10/2023,125,Emmanuel,Leary,eleary3g@cnbc.com,Male,Alto Río Senguer
02/23/2023,126,Jocelin,Whereat,jwhereat3h@amazonaws.com,Genderqueer,Strasbourg
03/19/2023,127,Arabele,Orlton,aorlton3i@answers.com,Genderfluid,Biljača
02/02/2023,128,Christabella,Oxtaby,coxtaby3j@barnesandnoble.com,Non-binary,Baiguo
02/17/2023,129,Walliw,Gwilt,wgwilt3k@privacy.gov.au,Female,Bandar-e ‘Asalūyeh
03/28/2023,130,Arte,Faich,afaich3l@goo.gl,Male,Nadvoitsy
01/15/2023,131,Deane,Crichten,dcrichten3m@mit.edu,Female,Évreux
03/27/2023,132,Robinia,Bonafacino,rbonafacino3n@google.com.hk,Female,Alto Barinas
03/07/2023,133,Tamarah,Radnedge,tradnedge3o@cbc.ca,Female,Yulin
02/21/2023,134,Livia,McCullouch,lmccullouch3p@msu.edu,Female,Akron
02/12/2023,135,Killy,Scotchmer,kscotchmer3q@about.com,Male,Liverpool
02/17/2023,136,Diane,Conti,dconti3r@narod.ru,Female,Esperanza
03/12/2023,137,Lea,Lydiate,llydiate3s@columbia.edu,Female,Sankanan
02/22/2023,138,Lolita,McGiff,lmcgiff3t@newyorker.com,Agender,Lumbang
01/27/2023,139,Alyss,Escala,aescala3u@fema.gov,Female,Assis
04/15/2023,140,Flore,Danforth,fdanforth3v@uiuc.edu,Female,Ngora
02/06/2023,141,Lauree,Corcut,lcorcut3w@goodreads.com,Female,Kasli
03/20/2023,142,Jedidiah,Rubinfajn,jrubinfajn3x@hexun.com,Polygender,Mabay
01/02/2023,143,Rodi,Bon,rbon3y@blogs.com,Female,Sidi Moussa
01/04/2023,144,Elaine,Arckoll,earckoll3z@nytimes.com,Female,Kapsan-ŭp
01/22/2023,145,Kylen,Bagot,kbagot40@altervista.org,Female,Visby
01/04/2023,146,Standford,Osgarby,sosgarby41@hubpages.com,Male,Koffiefontein
02/09/2023,147,Cassy,De la Feld,cdelafeld42@pcworld.com,Female,Borlänge
02/14/2023,148,Zane,Jeyes,zjeyes43@jimdo.com,Male,Guancheng
03/07/2023,149,Edgar,Cluckie,ecluckie44@cocolog-nifty.com,Male,R S
02/23/2023,150,Latia,Petracco,lpetracco45@mlb.com,Female,Zagazig
01/01/2023,151,Cash,Leese,cleese46@dedecms.com,Male,Kedungreja
03/29/2023,152,Gage,O'Brogane,gobrogane47@accuweather.com,Male,Mezhdurechensk
03/07/2023,153,Alphard,Pollastrino,apollastrino48@behance.net,Male,Bangkok
01/11/2023,154,Peggy,Late,plate49@google.fr,Female,Dueñas
02/15/2023,155,Hershel,Riste,hriste4a@whitehouse.gov,Male,Belgorod
03/27/2023,156,Gordon,Peiro,gpeiro4b@zimbio.com,Male,Labège
03/27/2023,157,Ashlie,Stert,astert4c@reddit.com,Female,Davila
03/21/2023,158,Ravi,Moye,rmoye4d@pbs.org,Male,Jindong
03/31/2023,159,Nicolina,Kornes,nkornes4e@webs.com,Female,Mairana
03/09/2023,160,Anestassia,Croyser,acroyser4f@homestead.com,Female,Goranboy
02/07/2023,161,Pearla,Clubley,pclubley4g@free.fr,Female,Sparks
01/01/2023,162,Delcina,Wincom,dwincom4h@liveinternet.ru,Female,Phan Thong
04/07/2023,163,Trixy,Barnsley,tbarnsley4i@google.nl,Female,Hushi
01/11/2023,164,Sholom,Dumini,sdumini4j@amazon.co.jp,Male,Pak Kret
01/07/2023,165,Sanderson,Tardiff,stardiff4k@shop-pro.jp,Male,Chanika
03/12/2023,166,Chariot,Tombs,ctombs4l@bloglovin.com,Male,Amper
02/14/2023,167,Myer,Niess,mniess4m@tinyurl.com,Male,Chibuto
02/28/2023,168,Ryon,Ghiotto,rghiotto4n@techcrunch.com,Male,Bakov nad Jizerou
03/23/2023,169,Sumner,Williamson,swilliamson4o@ed.gov,Male,Kemijärvi
04/02/2023,170,Larry,Fusco,lfusco4p@nsw.gov.au,Male,Ladysmith
04/13/2023,171,Teresita,Trengove,ttrengove4q@nasa.gov,Female,Pojok
03/30/2023,172,Jorry,Bramley,jbramley4r@people.com.cn,Female,Houston
02/06/2023,173,Wilma,Olivas,wolivas4s@tripadvisor.com,Female,Hanušovice
02/19/2023,174,Law,O'Concannon,loconcannon4t@prlog.org,Male,Varoška Rijeka
01/18/2023,175,Abram,Pinching,apinching4u@about.com,Male,Thị Trấn Mường Khương
04/13/2023,176,Brendin,Amar,bamar4v@symantec.com,Male,Sidomulyo
03/17/2023,177,Stevie,Scibsey,sscibsey4w@hao123.com,Male,Parnaíba
03/20/2023,178,Angie,Sauniere,asauniere4x@qq.com,Female,Cikadu
03/04/2023,179,Leroy,Monnoyer,lmonnoyer4y@bigcartel.com,Male,Hengshui
01/30/2023,180,Pierce,Lillecrop,plillecrop4z@nytimes.com,Male,Sorochuco
01/03/2023,181,Bertha,Dutch,bdutch50@ow.ly,Bigender,Natarleba
04/14/2023,182,Fifine,Amy,famy51@flavors.me,Agender,Garagoa
01/31/2023,183,Maximilien,Gruby,mgruby52@paypal.com,Male,Lubuk Sikaping
02/20/2023,184,Blaine,Blown,bblown53@cargocollective.com,Male,Hoopstad
03/17/2023,185,Cirstoforo,Hendrichs,chendrichs54@google.co.jp,Male,Blagoveshchenka
04/10/2023,186,Daron,Raybould,draybould55@imageshack.us,Male,Xujiafang
01/16/2023,187,Fayre,Martinec,fmartinec56@ocn.ne.jp,Polygender,Brzeg Dolny
01/02/2023,188,Janel,Enevoldsen,jenevoldsen57@1und1.de,Female,Guling
03/03/2023,189,Donaugh,Kernocke,dkernocke58@mapy.cz,Male,Santa Brigida
03/27/2023,190,Ronica,Vannoni,rvannoni59@sourceforge.net,Female,Wajir
01/16/2023,191,Emmerich,Tiddeman,etiddeman5a@netlog.com,Male,Cabuyaro
02/27/2023,192,Dolley,Carmel,dcarmel5b@ehow.com,Genderqueer,Roma
02/21/2023,193,Dani,Gunderson,dgunderson5c@kickstarter.com,Male,Pukou
01/21/2023,194,Analise,Brydell,abrydell5d@hhs.gov,Female,Palumbungan
02/14/2023,195,Leilah,Cossem,lcossem5e@storify.com,Polygender,Manabo
01/27/2023,196,Obie,Corkitt,ocorkitt5f@hhs.gov,Male,Båstad
01/12/2023,197,Gwenni,Lesley,glesley5g@creativecommons.org,Female,Komaki
03/07/2023,198,Rudolfo,Jakeway,rjakeway5h@cnbc.com,Male,Gujba
04/05/2023,199,Boris,Maywood,bmaywood5i@quantcast.com,Male,Saint-Dizier
01/29/2023,200,Nananne,Boxell,nboxell5j@google.co.uk,Female,Qingu
04/10/2023,201,Raphaela,Scothorn,rscothorn5k@odnoklassniki.ru,Female,Kotaagung
02/07/2023,202,Petr,Hobden,phobden5l@nhs.uk,Male,Koudougou
02/19/2023,203,Florenza,Braim,fbraim5m@nationalgeographic.com,Female,Dongshandi
01/29/2023,204,Ty,Aleksankin,taleksankin5n@cdc.gov,Male,Krzemienica
04/10/2023,205,Berna,Byfford,bbyfford5o@nps.gov,Female,Panyingkiran
03/20/2023,206,Dania,Manueli,dmanueli5p@ft.com,Female,Sidomulyo Kulon
04/13/2023,207,Paule,Figin,pfigin5q@usda.gov,Female,Gengwan
03/24/2023,208,Marcello,Bossingham,mbossingham5r@theguardian.com,Male,Quintã
02/21/2023,209,Kelly,Rankcom,krankcom5s@tmall.com,Bigender,Stráž nad Nisou
03/22/2023,210,Ilysa,Shenton,ishenton5t@mac.com,Bigender,Maracaju
02/27/2023,211,Chris,Mohun,cmohun5u@mysql.com,Male,Zbarazh
04/14/2023,212,Anica,Barchrameev,abarchrameev5v@pbs.org,Female,Mantang
04/16/2023,213,Opal,O'Corrin,oocorrin5w@epa.gov,Female,Boco
03/08/2023,214,Petrina,Jozefowicz,pjozefowicz5x@nasa.gov,Female,Huangcun
03/27/2023,215,Vladimir,Jobin,vjobin5y@narod.ru,Male,Cergy-Pontoise
02/24/2023,216,Thadeus,Redshaw,tredshaw5z@google.com.hk,Polygender,Angao
03/11/2023,217,Townsend,Hyndes,thyndes60@xing.com,Male,Göteborg
04/01/2023,218,Dion,Rapsey,drapsey61@ocn.ne.jp,Female,Yihe
04/03/2023,219,Bradford,Robley,brobley62@google.ca,Male,Svetlogorsk
04/01/2023,220,Chuck,Haensel,chaensel63@youtube.com,Male,Fómeque
02/21/2023,221,Magdalen,Skelhorn,mskelhorn64@mtv.com,Female,Ipoh
04/02/2023,222,Nevin,Pittway,npittway65@cpanel.net,Male,Libog
01/20/2023,223,Hamlen,Divver,hdivver66@slashdot.org,Male,Mocoa
02/06/2023,224,Benedicto,Hoggan,bhoggan67@free.fr,Male,Kut Bak
04/16/2023,225,Konstanze,Pedroli,kpedroli68@g.co,Female,Bifeng
01/27/2023,226,Regine,Bamber,rbamber69@hc360.com,Female,Chuanpu
01/21/2023,227,Emera,Olliar,eolliar6a@theatlantic.com,Female,Mönhbulag
04/15/2023,228,Emmalynn,Stonehouse,estonehouse6b@geocities.com,Female,Bazar-Korgon
04/11/2023,229,Wenonah,Midgley,wmidgley6c@hud.gov,Female,Biny Selo
01/14/2023,230,See,Belasco,sbelasco6d@webs.com,Male,Vecumnieki
02/17/2023,231,Lorena,Lidster,llidster6e@about.me,Female,Bom Despacho
04/04/2023,232,Sansone,Lamberteschi,slamberteschi6f@uol.com.br,Male,Radzanów
02/11/2023,233,Chadd,Menichelli,cmenichelli6g@walmart.com,Genderfluid,Greenland
03/17/2023,234,Dania,Fountian,dfountian6h@blog.com,Female,Prakhon Chai
01/21/2023,235,Patrizius,Edmand,pedmand6i@unesco.org,Male,Chengjiang
01/07/2023,236,Livvyy,Gamet,lgamet6j@umich.edu,Female,Tonj
03/06/2023,237,Alberto,Gwin,agwin6k@g.co,Male,Funehikimachi-funehiki
01/27/2023,238,Lotty,McLise,lmclise6l@china.com.cn,Female,Kanbula
03/26/2023,239,Marji,Boulder,mboulder6m@discuz.net,Female,Siikajoki
01/20/2023,240,Rene,Walls,rwalls6n@mtv.com,Female,Maoping
02/06/2023,241,Barth,Rudolf,brudolf6o@phpbb.com,Male,Rio Piracicaba
04/15/2023,242,Flynn,Waby,fwaby6p@bizjournals.com,Male,Kanggye-si
02/20/2023,243,Stacie,Greenhaugh,sgreenhaugh6q@4shared.com,Female,Cayur
02/01/2023,244,Gerhardt,Gumley,ggumley6r@deliciousdays.com,Agender,Lākshām
01/20/2023,245,Janie,Nickoles,jnickoles6s@accuweather.com,Female,Kuniran
02/19/2023,246,Poul,Buckoke,pbuckoke6t@miitbeian.gov.cn,Male,Sabana de Parra
01/06/2023,247,Nettle,Smithend,nsmithend6u@mtv.com,Female,Bailiang
01/03/2023,248,Brande,Rack,brack6v@soundcloud.com,Female,Khlong Yai
03/05/2023,249,Bobbette,Scafe,bscafe6w@dropbox.com,Genderqueer,Tobias Fornier
03/09/2023,250,Arlen,Dowdall,adowdall6x@studiopress.com,Female,Rabak
03/11/2023,251,Jerrylee,Barnby,jbarnby6y@chron.com,Female,Balayan
02/01/2023,252,Merola,Cressor,mcressor6z@artisteer.com,Female,Tallaght
02/09/2023,253,Nilson,Ruffey,nruffey70@irs.gov,Male,Elat
02/01/2023,254,Faythe,Amoss,famoss71@freewebs.com,Female,Bojonglarang
01/03/2023,255,Wat,Chyuerton,wchyuerton72@theglobeandmail.com,Male,Kao Liao
03/08/2023,256,Irvine,Emerton,iemerton73@twitter.com,Male,Beisijiazi
03/18/2023,257,Luis,Hallgalley,lhallgalley74@psu.edu,Male,Starobelokurikha
04/13/2023,258,Sheridan,O'Flynn,soflynn75@nifty.com,Agender,Kashiwazaki
01/24/2023,259,Ruggiero,Bendan,rbendan76@smh.com.au,Male,Masons Bay
03/03/2023,260,Melamie,Antonich,mantonich77@sohu.com,Female,Kukës
03/27/2023,261,Al,Janecki,ajanecki78@soup.io,Male,Qianjin
03/23/2023,262,Norean,Sumner,nsumner79@unc.edu,Female,Wilkołaz
04/01/2023,263,Ferrell,Epperson,fepperson7a@apple.com,Male,Tayug
01/05/2023,264,Karilynn,Lorens,klorens7b@weather.com,Female,Srunikrajan
02/01/2023,265,Ashly,Gisby,agisby7c@intel.com,Female,Yujing
04/12/2023,266,Otis,Chaise,ochaise7d@loc.gov,Polygender,Jiayuguan
03/16/2023,267,Dionisio,Ganing,dganing7e@foxnews.com,Polygender,Huangwei
01/16/2023,268,Hortensia,Swayne,hswayne7f@360.cn,Genderfluid,Yeniköy
01/26/2023,269,Jocelyne,Cluatt,jcluatt7g@bbb.org,Female,Kongolo
02/04/2023,270,Elly,Revie,erevie7h@usatoday.com,Female,Luleå
03/25/2023,271,Adamo,Herkess,aherkess7i@sina.com.cn,Male,Al Muţayrifī
02/16/2023,272,Hilario,Salaman,hsalaman7j@blinklist.com,Male,Oslo
04/11/2023,273,Estele,Ciccarello,eciccarello7k@fotki.com,Female,Wotan
02/12/2023,274,Palmer,Weddeburn,pweddeburn7l@weebly.com,Male,Krzyżowice
03/31/2023,275,Ralina,Overil,roveril7m@merriam-webster.com,Non-binary,Changling
03/19/2023,276,Adriaens,Van Hove,avanhove7n@slideshare.net,Bigender,Krouna
04/01/2023,277,Rhona,Atkirk,ratkirk7o@sbwire.com,Female,Baima
02/03/2023,278,Eunice,Cloonan,ecloonan7p@msn.com,Female,Getengan
01/10/2023,279,Laurena,Bamb,lbamb7q@marriott.com,Female,Revelstoke
01/18/2023,280,Hewet,Altamirano,haltamirano7r@prnewswire.com,Male,Los Angeles
03/01/2023,281,Rem,Orleton,rorleton7s@multiply.com,Male,Mosopa
03/21/2023,282,Celestia,Svanini,csvanini7t@amazon.com,Female,Okcheon
03/19/2023,283,Ossie,Jenks,ojenks7u@yolasite.com,Male,Berlín
01/29/2023,284,Clarette,Kensall,ckensall7v@webnode.com,Female,Ampasimanolotra
01/20/2023,285,Booth,Sleit,bsleit7w@t-online.de,Male,Shirokaya Rechka
03/23/2023,286,Avrit,Gullberg,agullberg7x@icq.com,Agender,Oxelösund
02/09/2023,287,Vernen,Yegorchenkov,vyegorchenkov7y@t.co,Male,Asahi
01/02/2023,288,Jolynn,Cerith,jcerith7z@bbb.org,Female,Bebedouro
03/11/2023,289,Rosamund,Sicily,rsicily80@twitter.com,Female,Sabhā
04/10/2023,290,Rowney,Takle,rtakle81@cnbc.com,Male,Słońsk
03/30/2023,291,Roley,Yushankin,ryushankin82@chicagotribune.com,Male,Międzyzdroje
03/22/2023,292,Evy,Corkish,ecorkish83@bigcartel.com,Female,Copa
01/21/2023,293,Myrtle,McLanaghan,mmclanaghan84@marketwatch.com,Female,Tanjungpecinan Utara
04/11/2023,294,Devlen,Cumpsty,dcumpsty85@vkontakte.ru,Male,Noyelles-sous-Lens
01/18/2023,295,Marlane,Booler,mbooler86@wunderground.com,Female,Ilebo
01/12/2023,296,Carlos,Acres,cacres87@cisco.com,Male,Retorta
02/20/2023,297,Culver,Kreber,ckreber88@dion.ne.jp,Male,Incheon
01/20/2023,298,Jacynth,Shaplin,jshaplin89@fema.gov,Female,Tiandian
03/11/2023,299,Zara,Delacourt,zdelacourt8a@forbes.com,Female,Haapsalu
01/05/2023,300,Godiva,Woodyeare,gwoodyeare8b@businessinsider.com,Female,Basicao Coastal
01/09/2023,301,Mercie,Cadogan,mcadogan8c@gravatar.com,Female,Sorongan
02/24/2023,302,Torr,Brice,tbrice8d@go.com,Male,Ath
04/14/2023,303,Flinn,Birkbeck,fbirkbeck8e@altervista.org,Agender,Barreiros
04/10/2023,304,Hercules,Gladwin,hgladwin8f@mlb.com,Male,Olhos de Água
03/28/2023,305,Vicky,Quinn,vquinn8g@google.com.au,Female,Shitan
01/31/2023,306,Hayyim,Pechell,hpechell8h@weibo.com,Male,Tancheng
01/11/2023,307,Collen,Cordet,ccordet8i@cisco.com,Female,Kademangan
03/09/2023,308,Rurik,MacManus,rmacmanus8j@yahoo.co.jp,Male,Bŭka
01/30/2023,309,Bradley,Dominici,bdominici8k@diigo.com,Agender,Shang Boingor
03/18/2023,310,Ronica,Jeacocke,rjeacocke8l@google.pl,Female,Mang’it Shahri
01/20/2023,311,Constanta,Crittal,ccrittal8m@topsy.com,Female,Tongjing
03/18/2023,312,Mari,Scarffe,mscarffe8n@guardian.co.uk,Female,Pinghu
03/13/2023,313,Egor,Scarsbrooke,escarsbrooke8o@wiley.com,Male,Panay
01/02/2023,314,Petr,Dunsire,pdunsire8p@china.com.cn,Male,Örebro
04/05/2023,315,Gustavo,Massimi,gmassimi8q@angelfire.com,Male,Aix-en-Provence
04/05/2023,316,Zelig,Baffin,zbaffin8r@dion.ne.jp,Non-binary,Sharga
03/02/2023,317,Jerrine,Carlick,jcarlick8s@loc.gov,Bigender,Jabon
03/06/2023,318,Persis,Clementet,pclementet8t@de.vu,Female,Atami
03/01/2023,319,Trev,Palleske,tpalleske8u@wikispaces.com,Male,Hanjiashu
01/02/2023,320,Cathee,Porte,cporte8v@flavors.me,Female,Heping
01/07/2023,321,Orrin,Flinn,oflinn8w@irs.gov,Male,Rakaia
02/25/2023,322,Isidor,Constantinou,iconstantinou8x@smugmug.com,Non-binary,Mengzhai
03/02/2023,323,Silvanus,Castagnier,scastagnier8y@addtoany.com,Male,Krajan Langenharjo
03/22/2023,324,Sarine,Gerant,sgerant8z@digg.com,Female,Cravo Norte
04/11/2023,325,Inness,McFie,imcfie90@oakley.com,Male,Baytīn
01/17/2023,326,Vinita,Bewsey,vbewsey91@whitehouse.gov,Female,Sukamaju
02/23/2023,327,Wilhelmine,Yushin,wyushin92@google.com,Bigender,Elefsína
02/25/2023,328,Rory,Strode,rstrode93@dyndns.org,Female,Namyangju
04/06/2023,329,Wandie,Borwick,wborwick94@diigo.com,Female,Bồng Sơn
03/28/2023,330,Blinny,Dine-Hart,bdinehart95@macromedia.com,Female,Casimiro de Abreu
03/03/2023,331,Maggy,Dell Casa,mdellcasa96@ask.com,Female,Zhaoxian
02/28/2023,332,Niki,Trayhorn,ntrayhorn97@nature.com,Female,Chafé
01/27/2023,333,Tallie,Prop,tprop98@freewebs.com,Female,Kuala Lumpur
02/13/2023,334,Consolata,Harburtson,charburtson99@cdbaby.com,Female,Jambulang
02/18/2023,335,Eada,Blanking,eblanking9a@blogtalkradio.com,Female,Hegarmanah
03/22/2023,336,Eugenia,Rubinov,erubinov9b@dailymail.co.uk,Female,Mranggen
01/16/2023,337,Arri,Sommerling,asommerling9c@ebay.co.uk,Male,Tungawan
03/05/2023,338,Germayne,Robker,grobker9d@noaa.gov,Male,Khāndbāri
01/29/2023,339,Petra,Kinane,pkinane9e@weather.com,Female,Cabrero
03/20/2023,340,Koo,Ashley,kashley9f@google.it,Female,Niitsu-honchō
02/18/2023,341,Lynda,O' Meara,lomeara9g@printfriendly.com,Female,Vila Chã
02/11/2023,342,Brigit,Wildt,bwildt9h@t-online.de,Female,Hongsihu
02/04/2023,343,Rodrick,Tabary,rtabary9i@gizmodo.com,Male,Al Jarrāḩī
01/25/2023,344,Anita,Craddock,acraddock9j@issuu.com,Female,Lyalichi
02/04/2023,345,Nancey,Leates,nleates9k@netvibes.com,Female,Dambarta
04/13/2023,346,Mort,Milnes,mmilnes9l@cocolog-nifty.com,Male,La Romana
02/19/2023,347,Kameko,Reed,kreed9m@comcast.net,Female,Baimajing
01/24/2023,348,Conan,Endon,cendon9n@photobucket.com,Male,Hoçisht
01/13/2023,349,Zebedee,Bountiff,zbountiff9o@shutterfly.com,Male,Jāti
03/04/2023,350,Giusto,Aslen,gaslen9p@bing.com,Male,Santa Ana Huista
01/20/2023,351,Daria,Chillistone,dchillistone9q@example.com,Female,Villa Cañás
03/25/2023,352,Andrej,Dougher,adougher9r@mashable.com,Male,Xinshan
02/09/2023,353,Orly,Blachford,oblachford9s@washingtonpost.com,Female,Fenghui
02/24/2023,354,Sylvester,Rossant,srossant9t@squarespace.com,Male,Quezon
03/19/2023,355,Molli,Charrett,mcharrett9u@sciencedaily.com,Female,Jinling
02/22/2023,356,Quentin,Olden,qolden9v@acquirethisname.com,Female,South River
01/01/2023,357,Jonas,Sloey,jsloey9w@biglobe.ne.jp,Male,Dongji
02/14/2023,358,Gifford,Sly,gsly9x@paypal.com,Male,Qiaozi
03/16/2023,359,Caesar,Matterdace,cmatterdace9y@google.cn,Male,Longos
03/21/2023,360,Bessy,Nutty,bnutty9z@stumbleupon.com,Female,Akwanga
03/04/2023,361,Otes,Goldsbrough,ogoldsbrougha0@latimes.com,Male,Angered
02/20/2023,362,Onfroi,Junifer,ojunifera1@instagram.com,Male,Pamotan
02/14/2023,363,Helenelizabeth,Corkill,hcorkilla2@bloglovin.com,Female,Dodu Dua
01/23/2023,364,Ewart,Lound,elounda3@t-online.de,Male,Denver
03/04/2023,365,Leonard,Polgreen,lpolgreena4@last.fm,Male,Konibodom
01/20/2023,366,Rufus,Aldrin,raldrina5@techcrunch.com,Male,Zumarraga
02/21/2023,367,Lynnelle,Butlin,lbutlina6@archive.org,Female,San Antonio Huista
04/06/2023,368,Virgilio,Gilloran,vgillorana7@unicef.org,Male,Ketang
04/11/2023,369,Frederick,Rudyard,frudyarda8@pagesperso-orange.fr,Male,Třemošnice
03/25/2023,370,Clark,Timperley,ctimperleya9@marketwatch.com,Male,Aizkraukle
01/15/2023,371,Chaddy,Maleney,cmaleneyaa@wisc.edu,Male,Tirhanimîne
02/22/2023,372,Carlotta,Bassingden,cbassingdenab@ovh.net,Female,Borzoy
03/15/2023,373,Marcello,Shynn,mshynnac@bbc.co.uk,Genderqueer,Giesteira
03/08/2023,374,Anallese,Sillars,asillarsad@time.com,Female,Meicheng
01/01/2023,375,Christiane,Corfield,ccorfieldae@sogou.com,Female,Januszkowice
01/31/2023,376,Mellisa,Cashford,mcashfordaf@ucoz.com,Female,Farmington
02/14/2023,377,Lynett,Lilie,llilieag@gravatar.com,Female,Smimou
03/12/2023,378,Lonni,Goudy,lgoudyah@com.com,Female,Miaoshou
01/16/2023,379,Chicky,Maddick,cmaddickai@odnoklassniki.ru,Male,Vřesina
02/06/2023,380,Devonne,Gillard,dgillardaj@globo.com,Female,Gibsons
01/19/2023,381,Helena,Treversh,htrevershak@desdev.cn,Female,Ar Rudayyif
03/04/2023,382,Ezra,Lawrenson,elawrensonal@omniture.com,Male,Fengcheng
04/01/2023,383,Gardy,Pascoe,gpascoeam@timesonline.co.uk,Male,La Montañita
01/07/2023,384,Worden,Donohue,wdonohuean@ted.com,Male,Giồng Riềng
02/17/2023,385,Werner,Cale,wcaleao@time.com,Genderqueer,Kanye
01/16/2023,386,Prince,Saunier,psaunierap@bluehost.com,Male,Port-de-Bouc
04/16/2023,387,Krystalle,Dewer,kdeweraq@deliciousdays.com,Female,Diaowei
01/18/2023,388,Gordie,Sture,gsturear@theatlantic.com,Male,Leping
02/01/2023,389,Frasier,Weafer,fweaferas@woothemes.com,Male,Lidu
03/17/2023,390,Janela,Brymham,jbrymhamat@goodreads.com,Female,Amphoe Sikhiu
03/16/2023,391,Hendrik,Vollam,hvollamau@springer.com,Male,Gucheng
04/05/2023,392,Leonard,Chasney,lchasneyav@earthlink.net,Male,Bujaków
04/04/2023,393,Shadow,Mateu,smateuaw@tiny.cc,Male,Trzebunia
01/03/2023,394,Jinny,Harcourt,jharcourtax@jimdo.com,Female,Hässleholm
01/16/2023,395,Lavena,Karlolczak,lkarlolczakay@dell.com,Polygender,Krajan Alastengah
01/13/2023,396,Cazzie,Boothebie,cboothebieaz@drupal.org,Male,Malko Tŭrnovo
03/17/2023,397,Alyssa,Beasleigh,abeasleighb0@toplist.cz,Female,Dukhovnitskoye
03/22/2023,398,Jens,Owens,jowensb1@delicious.com,Male,Saint Petersburg
03/26/2023,399,Hedvige,Heikkinen,hheikkinenb2@freewebs.com,Female,Ibeto
01/24/2023,400,Al,Agge,aaggeb3@epa.gov,Male,Navan
01/08/2023,401,Terencio,Duker,tdukerb4@tinyurl.com,Male,Jinsheng
03/07/2023,402,Olivia,Kiefer,okieferb5@gizmodo.com,Female,Schieren
03/02/2023,403,Kordula,Levine,klevineb6@simplemachines.org,Female,New Washington
03/30/2023,404,Layney,Spadotto,lspadottob7@cbc.ca,Female,Lazaro Cardenas
03/17/2023,405,Faunie,Lodin,flodinb8@kickstarter.com,Female,Smach Mean Chey
03/02/2023,406,Margalit,Mayall,mmayallb9@360.cn,Female,Ganjur
04/07/2023,407,Lefty,Huckfield,lhuckfieldba@delicious.com,Male,Diveyevo
02/15/2023,408,Regan,Davidovich,rdavidovichbb@chronoengine.com,Polygender,Andradina
03/11/2023,409,Ferrel,Tabb,ftabbbc@usda.gov,Male,Agualva
01/22/2023,410,Garik,Dwelly,gdwellybd@com.com,Male,Zhoutou
01/07/2023,411,Ashley,Pollastrone,apollastronebe@friendfeed.com,Male,Sacramento
03/27/2023,412,Farrel,Wooff,fwooffbf@washingtonpost.com,Male,Radviliskis
01/24/2023,413,Marcellus,Klimke,mklimkebg@skype.com,Male,Krajan
02/24/2023,414,Dew,Feavearyear,dfeavearyearbh@wikispaces.com,Male,Ariguaní
04/02/2023,415,Chris,Wrightham,cwrighthambi@dyndns.org,Female,Singosari
02/24/2023,416,Hulda,Files,hfilesbj@google.ru,Female,Qinglong
01/31/2023,417,Cassie,Iveson,civesonbk@discovery.com,Female,Eguia
03/21/2023,418,Judi,Ales,jalesbl@studiopress.com,Female,Şuwayr
02/22/2023,419,Trstram,Harland,tharlandbm@umich.edu,Male,Champagnole
01/02/2023,420,Lynne,Slatford,lslatfordbn@angelfire.com,Female,Örebro
03/13/2023,421,Ciel,Llewellin,cllewellinbo@behance.net,Female,Tongzi
01/21/2023,422,Rahel,Suddick,rsuddickbp@delicious.com,Female,Tabouda
04/02/2023,423,Stephanus,Muddle,smuddlebq@pagesperso-orange.fr,Male,Duyure
03/30/2023,424,Eric,Stanmer,estanmerbr@cnbc.com,Male,Guli
04/16/2023,425,Hyman,Dobel,hdobelbs@mac.com,Male,Saint Hubert
01/17/2023,426,Glenine,Ellingham,gellinghambt@furl.net,Female,Xiangcunxiang
01/19/2023,427,Cesar,Edie,cediebu@census.gov,Male,Yasugichō
01/28/2023,428,Carmelina,Clohessy,cclohessybv@biglobe.ne.jp,Female,Garland
04/05/2023,429,Trude,Aikin,taikinbw@bloomberg.com,Female,Pabuaran
02/23/2023,430,Sylvan,Jannex,sjannexbx@gmpg.org,Male,Semibratovo
01/22/2023,431,Sunny,Drinkall,sdrinkallby@flickr.com,Male,Strängnäs
01/03/2023,432,Delinda,Craigg,dcraiggbz@xrea.com,Female,El Paso
02/13/2023,433,Gerrie,Maidens,gmaidensc0@nymag.com,Female,Labin
03/05/2023,434,Shela,Sirett,ssirettc1@jugem.jp,Female,Waigete
02/20/2023,435,Evangelina,De Cleen,edecleenc2@pagesperso-orange.fr,Female,Balboa
02/10/2023,436,Britta,Dennistoun,bdennistounc3@bing.com,Female,Lexington
03/18/2023,437,Solomon,Durno,sdurnoc4@ustream.tv,Male,Danxi
03/03/2023,438,Siegfried,Yetton,syettonc5@icq.com,Male,Paraty
01/31/2023,439,Dale,Champness,dchampnessc6@bluehost.com,Female,Pécs
01/02/2023,440,Lotti,Ternault,lternaultc7@soup.io,Female,Casuguran
02/12/2023,441,Talbert,McCook,tmccookc8@seesaa.net,Male,Bela Vista do Paraíso
03/09/2023,442,Kass,Burges,kburgesc9@t.co,Female,Huo’erqi
02/12/2023,443,Regine,Yeoman,ryeomanca@angelfire.com,Female,Santa Cruz
03/10/2023,444,Mord,Layson,mlaysoncb@discuz.net,Male,Milán
01/12/2023,445,Adolphe,Caley,acaleycc@sohu.com,Male,Wajir
02/22/2023,446,Fleming,Darrigoe,fdarrigoecd@earthlink.net,Non-binary,Porsgrunn
01/25/2023,447,Oralee,Milburne,omilburnece@exblog.jp,Genderqueer,Ake-Eze
02/23/2023,448,Garret,Livick,glivickcf@china.com.cn,Male,Breves
03/01/2023,449,Leonidas,Swindell,lswindellcg@chicagotribune.com,Male,Hongqiao
02/22/2023,450,Rudyard,Nowakowski,rnowakowskich@reverbnation.com,Male,Bang Kruai
02/24/2023,451,Bank,Atyea,batyeaci@dell.com,Genderfluid,Črenšovci
01/16/2023,452,Joya,Kingh,jkinghcj@shutterfly.com,Female,Banjaranyar
03/02/2023,453,Zarla,Gerardot,zgerardotck@uiuc.edu,Genderfluid,la Massana
03/07/2023,454,Barrie,O'Dulchonta,bodulchontacl@twitpic.com,Female,Idenao
03/28/2023,455,Ibrahim,Carff,icarffcm@privacy.gov.au,Male,Vila Franca da Beira
02/07/2023,456,Welby,Pill,wpillcn@ehow.com,Male,Bršadin
03/31/2023,457,Shurlock,Rable,srableco@sphinn.com,Male,San Juan
01/20/2023,458,Borg,Aves,bavescp@slideshare.net,Male,Janeng
01/27/2023,459,Doralin,Hightown,dhightowncq@goo.ne.jp,Polygender,Huangshagang
03/12/2023,460,Gelya,Dwerryhouse,gdwerryhousecr@timesonline.co.uk,Female,Samajie Ewenkeminzu
02/22/2023,461,Vin,Herrema,vherremacs@typepad.com,Female,Tuopu Luke
02/04/2023,462,Flor,Brackpool,fbrackpoolct@pbs.org,Female,Jieguanting
01/10/2023,463,Cordelie,Hefferon,chefferoncu@cocolog-nifty.com,Female,Hamburg
02/19/2023,464,Vinnie,Fletcher,vfletchercv@comsenz.com,Female,San Juan
02/08/2023,465,Norby,Cleatherow,ncleatherowcw@sbwire.com,Male,Smyshlyayevka
02/22/2023,466,Logan,Khadir,lkhadircx@msn.com,Male,Repki
04/03/2023,467,Free,Keegan,fkeegancy@vkontakte.ru,Male,Aqtaū
03/17/2023,468,Janessa,Tattersfield,jtattersfieldcz@php.net,Female,Maputsoe
03/12/2023,469,Zacherie,Butterfint,zbutterfintd0@irs.gov,Male,Xylotymbou
01/01/2023,470,Helene,MacGinlay,hmacginlayd1@wp.com,Female,Xianlong
01/27/2023,471,Dolph,Braitling,dbraitlingd2@whitehouse.gov,Male,Tbilisskaya
01/14/2023,472,Rosanna,Babbe,rbabbed3@discovery.com,Female,Amiens
03/26/2023,473,Devlen,Pracy,dpracyd4@gizmodo.com,Male,Salamanca
03/23/2023,474,Cordy,Gillmore,cgillmored5@pen.io,Bigender,Kombësi
02/11/2023,475,Florinda,Watts,fwattsd6@merriam-webster.com,Female,Novopavlovsk
03/20/2023,476,Harriott,Wilmington,hwilmingtond7@fema.gov,Female,Pataias
04/06/2023,477,Melamie,McRitchie,mmcritchied8@arstechnica.com,Female,Prince Edward
02/13/2023,478,Elia,Pietasch,epietaschd9@nbcnews.com,Male,Chirpan
04/13/2023,479,Conny,Schimoni,cschimonida@globo.com,Female,Karasgede
01/30/2023,480,Lezley,Dannett,ldannettdb@theglobeandmail.com,Male,La Gi
04/06/2023,481,Tirrell,Puleque,tpulequedc@arstechnica.com,Male,Selikhino
01/12/2023,482,Darbie,Rawstron,drawstrondd@mapquest.com,Female,Sandy Bay
03/11/2023,483,Noll,Weaben,nweabende@zdnet.com,Male,Orléans
02/09/2023,484,Cindie,Kenworthey,ckenwortheydf@altervista.org,Female,Emiliano Zapata
01/17/2023,485,Kyle,Buddle,kbuddledg@cbc.ca,Male,Pandangan Kulon
04/02/2023,486,Sharla,Champneys,schampneysdh@angelfire.com,Female,Qingyang
04/05/2023,487,Mirabella,Ilyinski,milyinskidi@linkedin.com,Female,Yangxipu
01/18/2023,488,Sarita,Sebley,ssebleydj@skype.com,Female,Xianghu
01/06/2023,489,Dorthea,Walsom,dwalsomdk@dell.com,Female,Zhuhu
03/31/2023,490,Roxine,Margetts,rmargettsdl@yellowbook.com,Female,Cheqiao
02/15/2023,491,Koren,McAteer,kmcateerdm@studiopress.com,Female,Gunan
01/24/2023,492,Emylee,Mugford,emugforddn@harvard.edu,Female,Cové
02/19/2023,493,Rayshell,Gentery,rgenterydo@usda.gov,Female,Sulak
01/04/2023,494,Porter,Vermer,pvermerdp@flavors.me,Male,Jati
02/03/2023,495,Filip,Howsin,fhowsindq@t.co,Male,Albergaria
02/15/2023,496,Alexio,Perfili,aperfilidr@constantcontact.com,Male,Kassándreia
01/09/2023,497,Krishna,McCaw,kmccawds@bbb.org,Male,Negeriagung
03/18/2023,498,Bren,Davion,bdaviondt@miitbeian.gov.cn,Male,Beskolen
01/23/2023,499,Robinia,Bourdice,rbourdicedu@chron.com,Female,Jembatandua
02/21/2023,500,Oswell,Pallasch,opallaschdv@altervista.org,Male,Örebro
01/30/2023,501,Malia,Seneschal,mseneschaldw@microsoft.com,Female,San Vicente
03/01/2023,502,Berta,Macourek,bmacourekdx@bigcartel.com,Female,Tondano
03/08/2023,503,Rosette,Garrigan,rgarrigandy@posterous.com,Female,Las Vegas
02/12/2023,504,Danita,Lyste,dlystedz@simplemachines.org,Female,Beaung Tengah
01/19/2023,505,Devan,Simnell,dsimnelle0@google.es,Female,Meadow Lake
04/12/2023,506,Fionnula,Guille,fguillee1@ucoz.ru,Female,León
01/04/2023,507,Bee,Boerderman,bboerdermane2@statcounter.com,Female,Nanzhao Chengguanzhen
02/21/2023,508,Cariotta,Dewitt,cdewitte3@photobucket.com,Female,Wangcun
03/31/2023,509,Fredek,Livzey,flivzeye4@usatoday.com,Male,San Cristobal
03/08/2023,510,Viva,Fontenot,vfontenote5@unicef.org,Female,Perstorp
04/15/2023,511,Bastian,Smorthwaite,bsmorthwaitee6@washington.edu,Male,Urho
03/11/2023,512,Gene,Garfirth,ggarfirthe7@unc.edu,Male,Beilun
01/27/2023,513,Christina,Cunde,ccundee8@intel.com,Polygender,Lubumbashi
03/07/2023,514,Nani,Fairholme,nfairholmee9@engadget.com,Female,Kenscoff
03/09/2023,515,Madel,Hooke,mhookeea@mtv.com,Female,Kuliyapitiya
04/14/2023,516,Joey,Doyle,jdoyleeb@arstechnica.com,Male,Plesná
01/27/2023,517,Eadmund,Sutherby,esutherbyec@va.gov,Male,Villa Nueva
02/10/2023,518,Domenic,Westmerland,dwestmerlanded@dmoz.org,Male,Monte do Outeiro
01/22/2023,519,Petey,Pim,ppimee@dedecms.com,Male,Åtvidaberg
01/30/2023,520,Sigismund,Bennis,sbennisef@jigsy.com,Non-binary,Ollachea
02/02/2023,521,Lynn,Dyne,ldyneeg@lulu.com,Female,Iwanuma
04/03/2023,522,Dickie,Stewart,dstewarteh@google.de,Genderqueer,Potosí
03/12/2023,523,Carmelle,Sugars,csugarsei@cloudflare.com,Polygender,Sanom
04/06/2023,524,Shepherd,Brunnen,sbrunnenej@nbcnews.com,Male,Buenavista
03/15/2023,525,Britt,Tebbit,btebbitek@fc2.com,Male,Jamshoro
03/23/2023,526,Enrichetta,Feitosa,efeitosael@adobe.com,Female,Longford
03/19/2023,527,Angie,Peaple,apeapleem@blinklist.com,Non-binary,San Juan Nepomuceno
02/21/2023,528,Ethelind,Rockey,erockeyen@dion.ne.jp,Female,Shazikou
02/23/2023,529,Tracie,Claxson,tclaxsoneo@ucoz.ru,Male,Olopa
02/22/2023,530,Blondie,Lapidus,blapidusep@yahoo.com,Female,Talhār
01/13/2023,531,Michaela,Keysall,mkeysalleq@theglobeandmail.com,Female,Alamar
02/08/2023,532,Hollis,Lantuff,hlantuffer@ucoz.com,Male,Leninskoye
04/08/2023,533,Sofie,Skillman,sskillmanes@bbb.org,Female,Malabugas
03/13/2023,534,Silvano,De Biasi,sdebiasiet@google.ca,Male,Huzhen
02/09/2023,535,Galen,Johnke,gjohnkeeu@ed.gov,Agender,Magnitka
02/25/2023,536,Aline,Calender,acalenderev@springer.com,Female,Ituberá
01/21/2023,537,Jasun,Fydoe,jfydoeew@loc.gov,Male,Šardice
02/26/2023,538,Bethany,Dionisi,bdionisiex@icio.us,Female,Drumcondra
02/12/2023,539,Tamiko,Tattam,ttattamey@nih.gov,Female,Becerril
02/11/2023,540,Aidan,Loveman,alovemanez@yellowbook.com,Female,Gorzów Wielkopolski
01/21/2023,541,Jolie,Dagnan,jdagnanf0@google.cn,Female,Vacenovice
01/07/2023,542,Adriena,Desquesnes,adesquesnesf1@taobao.com,Female,Hornówek
01/18/2023,543,Hyatt,Ivashnikov,hivashnikovf2@japanpost.jp,Male,Montpellier
01/14/2023,544,Goober,Fossick,gfossickf3@ebay.com,Male,Eindhoven
01/18/2023,545,Marlon,Gillet,mgilletf4@odnoklassniki.ru,Agender,Nagbacalan
01/17/2023,546,Celka,Kindleysides,ckindleysidesf5@nps.gov,Female,Luau
02/02/2023,547,Aubine,Delany,adelanyf6@unesco.org,Genderfluid,Jadowniki
03/20/2023,548,Brennen,Newbury,bnewburyf7@utexas.edu,Male,Huallanca
01/11/2023,549,Dunstan,Premble,dpremblef8@oakley.com,Male,Lazaro Cardenas
02/24/2023,550,Erika,Harniman,eharnimanf9@arizona.edu,Female,Shuitianzhuang
01/14/2023,551,Darda,Bomfield,dbomfieldfa@uiuc.edu,Female,Adolfo Lopez Mateos
01/18/2023,552,Elnar,Chezier,echezierfb@opera.com,Male,Burrel
03/10/2023,553,Randal,Pawel,rpawelfc@blogs.com,Male,Kaczory
01/02/2023,554,Jase,MacArte,jmacartefd@last.fm,Male,Alcaria
01/20/2023,555,Jephthah,Deekes,jdeekesfe@omniture.com,Male,As Suwaydā
03/31/2023,556,Mavra,Sandhill,msandhillff@arizona.edu,Female,Rado
02/19/2023,557,Terencio,Cianni,tciannifg@e-recht24.de,Male,Morocelí
03/31/2023,558,Maxy,Rapson,mrapsonfh@histats.com,Female,Zhangzhu
02/25/2023,559,Haywood,Vale,hvalefi@unesco.org,Male,Navashino
04/10/2023,560,Petr,Jacquemy,pjacquemyfj@whitehouse.gov,Male,Rubio
03/07/2023,561,Danika,Coop,dcoopfk@craigslist.org,Polygender,La Roche-sur-Yon
01/29/2023,562,Batsheva,Dargie,bdargiefl@globo.com,Female,Pueblo Viejo
02/14/2023,563,Deanna,Goodburn,dgoodburnfm@w3.org,Female,Inriville
03/31/2023,564,Starr,Quinevan,squinevanfn@angelfire.com,Female,Větřní
03/09/2023,565,Emerson,Bever,ebeverfo@wordpress.org,Genderfluid,Yola
03/10/2023,566,Hanny,Bilfoot,hbilfootfp@google.com.hk,Female,Paris 16
01/07/2023,567,Elset,Maevela,emaevelafq@fda.gov,Female,Cisaro
03/04/2023,568,Ash,Heymann,aheymannfr@tiny.cc,Male,Salt Lake City
02/08/2023,569,Andreas,Pollock,apollockfs@comcast.net,Male,Río de Jesús
02/24/2023,570,Claus,O'Lunny,colunnyft@delicious.com,Male,Guápiles
04/03/2023,571,Innis,Challiner,ichallinerfu@omniture.com,Male,Al Majd
04/16/2023,572,Anetta,Angerstein,aangersteinfv@ucla.edu,Genderfluid,Pingqiao
02/27/2023,573,Isaiah,Alvis,ialvisfw@furl.net,Male,Chafé
01/21/2023,574,Garv,Wrightem,gwrightemfx@un.org,Genderfluid,Sokolovyy
02/11/2023,575,Des,Beville,dbevillefy@comsenz.com,Male,Maguan
02/01/2023,576,Korney,Marousek,kmarousekfz@marketwatch.com,Female,Longkou
04/11/2023,577,Mariya,Doutch,mdoutchg0@uiuc.edu,Female,Polo
04/16/2023,578,Gwenore,Chuney,gchuneyg1@acquirethisname.com,Female,Novoanninskiy
03/15/2023,579,Cesare,Byforth,cbyforthg2@technorati.com,Male,Qiandong
04/11/2023,580,Tisha,Takis,ttakisg3@flickr.com,Female,Zheyuan
01/26/2023,581,Renard,Kornalik,rkornalikg4@skype.com,Male,Merrifield
03/31/2023,582,Kellia,McClurg,kmcclurgg5@vimeo.com,Female,Carmen
02/13/2023,583,Dolores,Simonyi,dsimonyig6@bizjournals.com,Female,Dschang
01/30/2023,584,Olive,Deeves,odeevesg7@networkadvertising.org,Female,Palestina
01/24/2023,585,Dallis,Iwanczyk,diwanczykg8@whitehouse.gov,Bigender,Malaga
04/04/2023,586,Emmi,Duesberry,eduesberryg9@mediafire.com,Female,Oslo
01/02/2023,587,Vassili,Erangey,verangeyga@exblog.jp,Male,Tivat
01/09/2023,588,Pauly,Dohrmann,pdohrmanngb@163.com,Female,Dawan
04/08/2023,589,Justinn,Burdell,jburdellgc@npr.org,Female,Centar Župa
03/06/2023,590,Jorry,Duignan,jduignangd@wikia.com,Female,Saint Augustine
03/21/2023,591,Alanah,Beartup,abeartupge@furl.net,Female,Valeirinha
02/06/2023,592,Ibbie,Ellph,iellphgf@issuu.com,Female,Bode Sadu
03/14/2023,593,Nollie,Macon,nmacongg@illinois.edu,Female,Rozvadov
01/29/2023,594,Caryl,Bonhan,cbonhangh@about.me,Female,Lumil
03/26/2023,595,Husein,Achromov,hachromovgi@cmu.edu,Male,Zhukovskiy
02/09/2023,596,Gerianne,Drayson,gdraysongj@wordpress.org,Female,Xialaba
02/08/2023,597,Frederich,Hourihan,fhourihangk@photobucket.com,Non-binary,Hot
03/07/2023,598,Gisele,Cholton,gcholtongl@bloomberg.com,Female,Tacoma
02/15/2023,599,Jamil,Spowage,jspowagegm@exblog.jp,Male,Shijiao
03/16/2023,600,Ronna,Gosnold,rgosnoldgn@t-online.de,Female,Svetlyy
01/16/2023,601,Donnamarie,Dobrowski,ddobrowskigo@examiner.com,Female,Aranitas
03/27/2023,602,Elysee,Thame,ethamegp@behance.net,Female,Miaoquan
02/19/2023,603,Lorianne,Leger,llegergq@ifeng.com,Female,Nakambala
03/11/2023,604,Milly,Jearum,mjearumgr@cocolog-nifty.com,Female,Patiya
02/05/2023,605,Heidi,Dyos,hdyosgs@youtube.com,Female,Valky
02/04/2023,606,Demetrius,Sansbury,dsansburygt@prnewswire.com,Male,Cikomara
01/29/2023,607,Richmound,Ratie,rratiegu@eepurl.com,Male,Göteborg
01/17/2023,608,Sela,Greeson,sgreesongv@flickr.com,Female,Ash Shaddādah
02/15/2023,609,Marie-jeanne,Matyukon,mmatyukongw@netlog.com,Bigender,Botao
03/19/2023,610,Delmer,Roder,drodergx@wikia.com,Male,Volzhskiy
03/19/2023,611,Dannye,Peare,dpearegy@prnewswire.com,Female,Pucangkrajan
03/06/2023,612,Inigo,Alway,ialwaygz@is.gd,Male,Luts’k
04/01/2023,613,Ilise,Woolard,iwoolardh0@usgs.gov,Female,Slavyansk-na-Kubani
04/12/2023,614,Rog,Reddecliffe,rreddecliffeh1@apache.org,Male,Sidamukti
02/03/2023,615,Teresita,Ekless,teklessh2@t.co,Female,San Jose
01/17/2023,616,Mayne,Busek,mbusekh3@cloudflare.com,Male,Cimuncang
02/07/2023,617,Abbe,Feedham,afeedhamh4@mapy.cz,Male,Charlotte
02/24/2023,618,Katharina,Treleaven,ktreleavenh5@wikipedia.org,Genderqueer,Cruz
03/22/2023,619,Demetre,Lorenzetto,dlorenzettoh6@chicagotribune.com,Agender,Lewin Kłodzki
01/15/2023,620,Sayer,Climpson,sclimpsonh7@dagondesign.com,Male,Zuhu
01/13/2023,621,Carney,Dessaur,cdessaurh8@usatoday.com,Male,Lorient
01/08/2023,622,Jessamine,Abbys,jabbysh9@ca.gov,Female,Vrbas
02/14/2023,623,Jill,Macia,jmaciaha@ucsd.edu,Female,Ágios Týchon
01/21/2023,624,Sybila,Bodleigh,sbodleighhb@howstuffworks.com,Agender,São Cristóvão
01/06/2023,625,Templeton,Chandlar,tchandlarhc@google.co.jp,Male,Vynohradiv
04/15/2023,626,Dionisio,Trulock,dtrulockhd@ucoz.ru,Male,Limenária
04/08/2023,627,Olimpia,Couves,ocouveshe@ifeng.com,Female,Antang
03/23/2023,628,Gerty,Skirven,gskirvenhf@washingtonpost.com,Female,Buguruslan
02/04/2023,629,Luciano,Rhodef,lrhodefhg@wix.com,Male,Huaidian
04/13/2023,630,Seamus,McKimm,smckimmhh@opensource.org,Male,Zhangzhu
03/25/2023,631,Conny,Liddy,cliddyhi@furl.net,Female,Santa Maria
03/10/2023,632,Tabor,Freeborn,tfreebornhj@china.com.cn,Male,Sanankerto
01/22/2023,633,Dyna,De Haven,ddehavenhk@ning.com,Genderfluid,Novozavedennoye
02/01/2023,634,Thaddeus,Speed,tspeedhl@rakuten.co.jp,Male,Xialu
03/11/2023,635,Heath,Batterton,hbattertonhm@cloudflare.com,Non-binary,Jilma
03/14/2023,636,Deck,Leguay,dleguayhn@barnesandnoble.com,Male,Sumberan
01/22/2023,637,Rodolfo,Stiff,rstiffho@hhs.gov,Male,Taboc
02/27/2023,638,Richart,Haylock,rhaylockhp@imdb.com,Male,Anfusi
03/20/2023,639,Michal,Newens,mnewenshq@xing.com,Male,Langxi
01/22/2023,640,Derron,Rooney,drooneyhr@google.cn,Male,Táriba
01/23/2023,641,Winnie,Heskins,wheskinshs@imgur.com,Female,Liuhe
03/07/2023,642,Bertie,Abramovic,babramovicht@boston.com,Female,Cilebang Satu
02/08/2023,643,Myer,Antognazzi,mantognazzihu@cbsnews.com,Male,Ḩablah
04/03/2023,644,Spencer,Mulhill,smulhillhv@fastcompany.com,Male,Damaying
02/26/2023,645,Eleanora,New,enewhw@so-net.ne.jp,Female,Sundsvall
02/05/2023,646,Farrand,Woodruffe,fwoodruffehx@networksolutions.com,Female,Maranura
03/30/2023,647,Audrey,Fisbey,afisbeyhy@icio.us,Genderqueer,Maluno Sur
01/24/2023,648,Glori,Huett,ghuetthz@pagesperso-orange.fr,Female,Lyon
01/22/2023,649,Gaston,Ducaen,gducaeni0@china.com.cn,Male,Mitú
01/04/2023,650,Waylen,Tickel,wtickeli1@delicious.com,Male,Jishigang
04/09/2023,651,Conn,Halsey,chalseyi2@wisc.edu,Male,Bukhovo
02/17/2023,652,Johnnie,Santora,jsantorai3@dagondesign.com,Male,Immātīn
03/16/2023,653,Jori,Motton,jmottoni4@zimbio.com,Female,Shiguai
02/23/2023,654,Iggy,Zecchii,izecchiii5@zimbio.com,Male,Tawan tawan
03/26/2023,655,Gard,Van Cassel,gvancasseli6@marketwatch.com,Male,Damu
01/15/2023,656,Gabie,Halwell,ghalwelli7@amazonaws.com,Female,Jalqamūs
03/21/2023,657,Charles,Mariyushkin,cmariyushkini8@is.gd,Male,Cikuya
03/18/2023,658,Saxon,Holhouse,sholhousei9@ovh.net,Male,Kurchatov
01/04/2023,659,Bradford,Poone,bpooneia@google.fr,Male,Planaltina
04/03/2023,660,Fairlie,Maddicks,fmaddicksib@artisteer.com,Male,Columbus
02/02/2023,661,Alleyn,Spiller,aspilleric@hatena.ne.jp,Male,Heling
01/03/2023,662,Giselle,Bushby,gbushbyid@addthis.com,Female,Fiães
02/28/2023,663,Nelson,Dockray,ndockrayie@symantec.com,Polygender,Mawlamyinegyunn
02/07/2023,664,Sollie,Usborn,susbornif@squidoo.com,Male,Saint-Gratien
03/13/2023,665,Karlotte,Dishman,kdishmanig@ow.ly,Genderqueer,Liquica
01/07/2023,666,Eugenius,Cawston,ecawstonih@yelp.com,Polygender,München
03/18/2023,667,Tomasina,Ajsik,tajsikii@tiny.cc,Female,Ráquira
03/01/2023,668,Svend,Gages,sgagesij@quantcast.com,Non-binary,Naguanagua
03/14/2023,669,Steffane,Verlander,sverlanderik@pbs.org,Female,Beroroha
03/27/2023,670,Zacharias,Guest,zguestil@typepad.com,Male,Fengjiang
01/07/2023,671,Davida,Straughan,dstraughanim@whitehouse.gov,Female,Tateyama
03/02/2023,672,Dave,Longfield,dlongfieldin@jugem.jp,Male,Kertasari
03/04/2023,673,Faber,Ambler,famblerio@statcounter.com,Male,Lishu
02/05/2023,674,Stanford,Pughe,spugheip@forbes.com,Male,Mengxi
04/13/2023,675,Morgun,Strother,mstrotheriq@symantec.com,Male,Dadaha
03/07/2023,676,Darby,Bein,dbeinir@merriam-webster.com,Female,Nankang
02/09/2023,677,Rubie,Sheaf,rsheafis@woothemes.com,Female,Täby
03/17/2023,678,Caleb,Planque,cplanqueit@dagondesign.com,Male,São Lourenço da Mata
02/08/2023,679,Rory,Bowry,rbowryiu@desdev.cn,Male,Mbuji-Mayi
03/07/2023,680,Stacia,Parcall,sparcalliv@netscape.com,Female,Miharu
01/28/2023,681,Gabi,Szymanski,gszymanskiiw@usda.gov,Female,Adorjan
01/04/2023,682,Willem,Schuler,wschulerix@wix.com,Male,Morteros
04/02/2023,683,Rosetta,Creaven,rcreaveniy@discuz.net,Female,Zhongluotan
02/08/2023,684,Tucky,Dewhirst,tdewhirstiz@thetimes.co.uk,Male,Tucson
03/09/2023,685,Travers,Simnett,tsimnettj0@theguardian.com,Male,Vista Alegre
01/01/2023,686,Gallagher,Jereatt,gjereattj1@addtoany.com,Male,Karamat
02/08/2023,687,Moll,Liccardo,mliccardoj2@harvard.edu,Female,Soldato-Aleksandrovskoye
04/01/2023,688,Orson,Eshmade,oeshmadej3@discovery.com,Male,Cibatuireng
03/13/2023,689,Fancie,Denniss,fdennissj4@etsy.com,Female,Logovskoye
03/10/2023,690,Matt,Ashlee,mashleej5@gov.uk,Male,Thị Trấn Na Hang
03/11/2023,691,Denver,Meffen,dmeffenj6@google.com.hk,Male,Beiqiao
01/30/2023,692,Stacee,Altamirano,saltamiranoj7@chron.com,Female,Layog
03/24/2023,693,Sterne,Cotte,scottej8@china.com.cn,Male,Nice
02/03/2023,694,Von,Kynd,vkyndj9@ft.com,Male,Edéa
04/08/2023,695,Jarib,Englefield,jenglefieldja@goo.gl,Male,Lakinsk
02/09/2023,696,Sophi,Keming,skemingjb@rakuten.co.jp,Female,Bogotá
04/14/2023,697,Felike,Vanin,fvaninjc@51.la,Male,Santa Clara
02/23/2023,698,Neddie,Galvan,ngalvanjd@squarespace.com,Male,San José
03/15/2023,699,Ibby,Wicklen,iwicklenje@sohu.com,Female,Palermo
04/15/2023,700,Dode,Gallehawk,dgallehawkjf@smh.com.au,Female,Tolú
02/05/2023,701,Meredith,Berthot,mberthotjg@gmpg.org,Male,Patao
03/30/2023,702,Loria,Bragger,lbraggerjh@surveymonkey.com,Female,Stockholm
04/15/2023,703,Donavon,Hoovart,dhoovartji@360.cn,Male,Ehen Hudag
02/16/2023,704,Bonita,Ornillos,bornillosjj@ted.com,Female,Mjölby
04/09/2023,705,Renate,Idenden,ridendenjk@wsj.com,Female,Loudi
01/20/2023,706,Carley,Meekins,cmeekinsjl@sourceforge.net,Female,Wangyi Zhendian
03/07/2023,707,Byrann,Oade,boadejm@vimeo.com,Male,Sayán
01/31/2023,708,Seamus,Chafney,schafneyjn@nature.com,Male,Allen
03/13/2023,709,Kristi,Gandar,kgandarjo@so-net.ne.jp,Female,Yanai
04/10/2023,710,Glenda,Leslie,glesliejp@msu.edu,Female,Halmstad
01/01/2023,711,Vincents,Jacobsohn,vjacobsohnjq@pagesperso-orange.fr,Male,Cilongkrang
04/16/2023,712,Judi,Smerdon,jsmerdonjr@is.gd,Female,Korydallós
02/06/2023,713,Demott,Hebbard,dhebbardjs@rambler.ru,Male,Jatirejo
01/03/2023,714,Harley,Frangione,hfrangionejt@dion.ne.jp,Male,Oussivo
01/13/2023,715,Huntley,Milberry,hmilberryju@pcworld.com,Male,Jiuzhou
01/03/2023,716,Kaine,Freschini,kfreschinijv@posterous.com,Genderqueer,Chauk
01/26/2023,717,Sharla,Edkins,sedkinsjw@independent.co.uk,Female,Digne-les-Bains
03/13/2023,718,Nevsa,Duplock,nduplockjx@accuweather.com,Female,Ndofane
03/20/2023,719,Wit,Flaubert,wflaubertjy@drupal.org,Male,Bweyogerere
02/27/2023,720,Ileane,Brislen,ibrislenjz@facebook.com,Female,Canggang
01/12/2023,721,Teresita,Dagon,tdagonk0@gravatar.com,Female,Margamukti
03/20/2023,722,Dorette,Jayme,djaymek1@meetup.com,Female,Bahía Blanca
02/08/2023,723,Raimund,Mattusov,rmattusovk2@unc.edu,Male,Bugojno
02/27/2023,724,Renelle,Swayton,rswaytonk3@comsenz.com,Female,Banjar Tengahbelayu
01/07/2023,725,Feodora,Cruddas,fcruddask4@macromedia.com,Female,Bandong
02/14/2023,726,Nicoli,Branigan,nbranigank5@sun.com,Female,Sélibabi
03/16/2023,727,Donny,Callard,dcallardk6@google.com.au,Female,Chimbote
01/04/2023,728,Kelwin,Fassmann,kfassmannk7@virginia.edu,Agender,Cachoeiras de Macacu
02/15/2023,729,Irena,Sallows,isallowsk8@google.com.au,Female,Jami
02/07/2023,730,Shamus,Treeby,streebyk9@apache.org,Male,Elliot
01/07/2023,731,Ludovico,Ellul,lellulka@dagondesign.com,Male,Saryaghash
03/26/2023,732,Kelcey,Gockelen,kgockelenkb@creativecommons.org,Genderfluid,Chulakivka
03/03/2023,733,Katalin,Langstrath,klangstrathkc@is.gd,Female,Cusapín
01/31/2023,734,Brinna,Dagwell,bdagwellkd@newyorker.com,Female,Caringin
02/09/2023,735,Asia,Rieflin,arieflinke@slideshare.net,Female,Redinha
04/16/2023,736,Jaimie,Howood,jhowoodkf@phpbb.com,Female,Wonocolo
01/02/2023,737,Opaline,Joliffe,ojoliffekg@feedburner.com,Female,Palanas
03/06/2023,738,Zelig,Carrack,zcarrackkh@xinhuanet.com,Male,Garden Grove
03/14/2023,739,Chiquita,Glancey,cglanceyki@techcrunch.com,Female,Seririt
04/14/2023,740,Damon,Keays,dkeayskj@uiuc.edu,Male,Xiangyun
04/12/2023,741,Devora,Kinmond,dkinmondkk@oakley.com,Female,Guohe
02/11/2023,742,Allayne,Petersen,apetersenkl@prweb.com,Male,Pisangkemeng
02/06/2023,743,Freddie,Murton,fmurtonkm@webeden.co.uk,Male,Wilkes Barre
04/03/2023,744,Caitlin,Kearey,ckeareykn@spiegel.de,Female,Novopokrovka
03/14/2023,745,Florencia,Bortolomei,fbortolomeiko@examiner.com,Female,Bronx
01/03/2023,746,Edith,Kroin,ekroinkp@ucsd.edu,Genderqueer,Rouen
03/07/2023,747,Raychel,Niemetz,rniemetzkq@behance.net,Female,Jinshanwei
01/23/2023,748,Falito,Pocknoll,fpocknollkr@bloglines.com,Male,Shanglu
03/25/2023,749,Devonna,Falkner,dfalknerks@google.com.au,Female,Ādilpur
04/10/2023,750,Wren,Krzyzaniak,wkrzyzaniakkt@symantec.com,Female,Hamilton
03/17/2023,751,Simone,de Merida,sdemeridaku@noaa.gov,Male,Partizansk
03/18/2023,752,Kellia,Ettery,ketterykv@ehow.com,Genderfluid,Itaquaquecetuba
01/05/2023,753,Nevin,Burras,nburraskw@apple.com,Genderqueer,Gjøvik
04/07/2023,754,Cully,Orgen,corgenkx@fema.gov,Male,Tāybād
04/09/2023,755,Christean,Esgate,cesgateky@google.co.uk,Female,Šabac
01/02/2023,756,Toinette,McKeaveney,tmckeaveneykz@ycombinator.com,Female,Pljevlja
01/28/2023,757,Alicia,Bugge,abuggel0@hatena.ne.jp,Female,Pumai
02/15/2023,758,Estele,Douglas,edouglasl1@blog.com,Female,Tōno
02/28/2023,759,Dana,Titcombe,dtitcombel2@ucsd.edu,Female,Sandefjord
03/28/2023,760,Reeba,Stollberger,rstollbergerl3@cbsnews.com,Female,Adamstown
03/11/2023,761,Husein,Woodward,hwoodwardl4@msn.com,Male,Caohezhang
02/27/2023,762,Nettie,Elgar,nelgarl5@omniture.com,Female,Tianzhuang
04/14/2023,763,Rianon,Peery,rpeeryl6@wix.com,Bigender,Sidaraja
02/23/2023,764,Amalea,Winter,awinterl7@hao123.com,Female,Kaduna
01/26/2023,765,Tori,Balfour,tbalfourl8@unc.edu,Female,Ngembo
01/22/2023,766,Isis,Rosencwaig,irosencwaigl9@istockphoto.com,Female,Haoxue
03/16/2023,767,Darb,Archbould,darchbouldla@sitemeter.com,Female,Camden
02/24/2023,768,Melba,McPhilip,mmcphiliplb@w3.org,Female,Yong’an
03/12/2023,769,Hedwig,Mansuer,hmansuerlc@cafepress.com,Female,Kokologo
03/11/2023,770,Sebastien,Durden,sdurdenld@cnn.com,Male,Hanji
03/06/2023,771,Jsandye,Rounsefell,jrounsefellle@yandex.ru,Female,Panguruan
01/26/2023,772,Arlinda,Brandts,abrandtslf@imageshack.us,Female,Gordeyevka
01/09/2023,773,Carleen,Jannaway,cjannawaylg@marketwatch.com,Female,Salamá
03/02/2023,774,Boigie,Capron,bcapronlh@uiuc.edu,Male,Comodoro Rivadavia
03/07/2023,775,Stacee,Foxall,sfoxallli@youtu.be,Female,Banff
02/08/2023,776,Ivonne,Letertre,iletertrelj@wp.com,Female,Yambol
03/19/2023,777,Terese,Busain,tbusainlk@craigslist.org,Agender,Wushishi
02/11/2023,778,Renado,Mee,rmeell@hostgator.com,Male,Lusong
02/28/2023,779,Morgen,Say,msaylm@themeforest.net,Female,Wiang Nuea
02/11/2023,780,Vite,Lewendon,vlewendonln@123-reg.co.uk,Male,Jocotenango
02/19/2023,781,Gavin,Tarbox,gtarboxlo@accuweather.com,Male,Katuli
01/11/2023,782,Thatcher,Grabham,tgrabhamlp@flavors.me,Male,West End
04/04/2023,783,Justus,Watkin,jwatkinlq@blogs.com,Male,Kista
02/24/2023,784,Helenelizabeth,Adamoli,hadamolilr@reference.com,Female,Farmington
02/21/2023,785,Maurice,Gouny,mgounyls@edublogs.org,Male,Murakami
02/20/2023,786,Tait,Greenan,tgreenanlt@mlb.com,Male,Zainsk
02/28/2023,787,Parry,Mallinson,pmallinsonlu@cnet.com,Male,Shreveport
03/19/2023,788,Waylan,MacCarlich,wmaccarlichlv@trellian.com,Male,La Paloma
03/04/2023,789,Myrah,Comi,mcomilw@ask.com,Female,Náchod
02/03/2023,790,Rabbi,Halsworth,rhalsworthlx@home.pl,Bigender,Famaillá
03/17/2023,791,Dilan,Hender,dhenderly@wufoo.com,Male,Ulimonong
03/01/2023,792,Ezechiel,Overstreet,eoverstreetlz@ca.gov,Male,Nurabelen
01/05/2023,793,Lizbeth,Gilliatt,lgilliattm0@cmu.edu,Genderfluid,Düsseldorf
01/24/2023,794,Artair,Widdows,awiddowsm1@wordpress.org,Male,Dacudao
02/17/2023,795,Layne,MacLleese,lmaclleesem2@51.la,Female,Vila do Maio
01/10/2023,796,Annie,Starcks,astarcksm3@sohu.com,Female,Nishishinminato
01/22/2023,797,Jeromy,Tollerton,jtollertonm4@wikipedia.org,Male,Iporá
03/23/2023,798,Bail,Sinclair,bsinclairm5@oaic.gov.au,Male,Yanweigang
03/31/2023,799,Raffarty,Skirrow,rskirrowm6@surveymonkey.com,Male,Taloko
03/18/2023,800,Dot,Chessun,dchessunm7@rakuten.co.jp,Female,Chulakivka
03/03/2023,801,Jeffrey,Speeks,jspeeksm8@google.com.au,Male,Batulayang
03/05/2023,802,Tedmund,Musselwhite,tmusselwhitem9@utexas.edu,Male,Tonota
04/01/2023,803,Reese,O'Ruane,roruanema@cornell.edu,Genderqueer,Soure
02/08/2023,804,Marna,Rodger,mrodgermb@dailymail.co.uk,Female,Bom Sucesso
03/12/2023,805,Emmanuel,Van der Spohr,evanderspohrmc@omniture.com,Agender,Gumawang
01/05/2023,806,Maureene,Windrus,mwindrusmd@intel.com,Female,Zanjān
03/31/2023,807,Grady,Vann,gvannme@rakuten.co.jp,Male,Thun
02/12/2023,808,Kasey,Perot,kperotmf@fda.gov,Female,Makarov
04/11/2023,809,Valaree,Soldi,vsoldimg@mysql.com,Female,Borås
01/05/2023,810,Muffin,Adhams,madhamsmh@uiuc.edu,Male,Bani
02/01/2023,811,Shaylah,Castano,scastanomi@bloomberg.com,Female,Port Barton
02/06/2023,812,Mickey,Dolligon,mdolligonmj@prlog.org,Male,Shtip
04/02/2023,813,Stanton,Merrifield,smerrifieldmk@go.com,Male,Passa Quatro
02/11/2023,814,Kelvin,Baytrop,kbaytropml@tuttocitta.it,Genderfluid,Maasin
01/08/2023,815,Mervin,Smardon,msmardonmm@chron.com,Male,Emiliano Zapata
02/06/2023,816,Hermina,Vakhonin,hvakhoninmn@whitehouse.gov,Female,El Limon
02/07/2023,817,Chance,Borland,cborlandmo@diigo.com,Male,Verba
02/01/2023,818,Sharai,Thackwray,sthackwraymp@so-net.ne.jp,Female,San Francisco
03/27/2023,819,Dasi,Oxenbury,doxenburymq@netvibes.com,Female,Kasturi
02/04/2023,820,Prentiss,Wurst,pwurstmr@storify.com,Male,Kainan
01/22/2023,821,Christabella,Fleischer,cfleischerms@diigo.com,Female,Jing’an
04/16/2023,822,Aluin,Jeffress,ajeffressmt@ifeng.com,Male,Ponikiew
03/31/2023,823,Lambert,Burdas,lburdasmu@java.com,Male,Huesca
03/16/2023,824,Jimmie,Burstow,jburstowmv@google.pl,Male,Kobeřice
03/22/2023,825,Stormy,Cuff,scuffmw@engadget.com,Female,Logan Lake
02/12/2023,826,Kelli,Growy,kgrowymx@printfriendly.com,Female,Zamora
01/11/2023,827,Binky,Daen,bdaenmy@netlog.com,Male,Zouila
01/01/2023,828,Kristan,Baitey,kbaiteymz@youtube.com,Female,Talun
01/26/2023,829,Stanislas,Romaynes,sromaynesn0@pbs.org,Male,Fukadale
04/11/2023,830,Red,Franey,rfraneyn1@cam.ac.uk,Male,Norman Wells
03/24/2023,831,Rancell,Sheppard,rsheppardn2@gnu.org,Male,Rosh Pinna
01/06/2023,832,Webster,Macieiczyk,wmacieiczykn3@mac.com,Male,Alphen aan den Rijn
01/25/2023,833,Thorin,Middlemass,tmiddlemassn4@google.com.au,Male,Presnenskiy
03/15/2023,834,Norman,Asbrey,nasbreyn5@facebook.com,Male,Bajia
01/09/2023,835,Flem,Ghiriardelli,fghiriardellin6@yahoo.com,Male,Mingzhong
01/13/2023,836,Margery,Purchase,mpurchasen7@bloglines.com,Female,Lukovë
02/20/2023,837,Hillel,Utteridge,hutteridgen8@hhs.gov,Male,Oefatu
03/12/2023,838,Rici,Welland,rwellandn9@craigslist.org,Female,Dalsjöfors
04/10/2023,839,Blake,Merrall,bmerrallna@odnoklassniki.ru,Male,Malgobek
03/29/2023,840,Jasper,Gowans,jgowansnb@weather.com,Male,Harstad
03/30/2023,841,Eloisa,Sember,esembernc@unblog.fr,Female,At-Bashi
03/12/2023,842,Kittie,Emerton,kemertonnd@dot.gov,Female,Duqiao
01/19/2023,843,Matti,Wehner,mwehnerne@indiegogo.com,Female,Eschweiler
03/25/2023,844,Park,Bootland,pbootlandnf@senate.gov,Male,Gelin
02/17/2023,845,Carly,Cornau,ccornaung@answers.com,Male,Louiseville
04/16/2023,846,Bill,Telling,btellingnh@slashdot.org,Male,Huangxikou
01/09/2023,847,York,Sindle,ysindleni@pbs.org,Male,Minas de Marcona
04/09/2023,848,Wren,Mathey,wmatheynj@alibaba.com,Female,Muli
04/01/2023,849,Julio,Eatherton,jeathertonnk@hud.gov,Non-binary,Longhu
04/15/2023,850,Jermaine,Bartell,jbartellnl@hc360.com,Female,Kachia
01/14/2023,851,Blondell,Merriday,bmerridaynm@tmall.com,Female,Vologda
01/28/2023,852,Sascha,Largent,slargentnn@umich.edu,Female,Strassen
01/24/2023,853,Ruth,Cunniffe,rcunniffeno@reuters.com,Female,Zhanping
02/27/2023,854,Alvin,Robinson,arobinsonnp@godaddy.com,Male,Rimpakgede
03/09/2023,855,Evangelin,Bondley,ebondleynq@reference.com,Female,Ōno-hara
03/25/2023,856,Franzen,Pendrill,fpendrillnr@hostgator.com,Male,Ageoshimo
02/27/2023,857,Cari,Tompkin,ctompkinns@1688.com,Female,Huangdu
03/14/2023,858,Prisca,Kitcher,pkitchernt@tripod.com,Female,Boavista
02/16/2023,859,Batholomew,Bartrop,bbartropnu@163.com,Male,Penhold
04/05/2023,860,Babette,Akred,bakrednv@kickstarter.com,Female,San Jerónimo
01/24/2023,861,Meara,Cantu,mcantunw@google.ca,Female,Maracay
01/01/2023,862,Morgan,Laidlaw,mlaidlawnx@cornell.edu,Female,Puerto Padre
04/07/2023,863,Walker,Dering,wderingny@google.fr,Male,Zamboanguita
01/28/2023,864,Lawton,Vant,lvantnz@bigcartel.com,Male,Heidelberg
02/20/2023,865,Ethelbert,Kezor,ekezoro0@cisco.com,Male,Kajanan
01/12/2023,866,Sigmund,Stebbing,sstebbingo1@illinois.edu,Male,Qinlan
01/15/2023,867,Wells,Hulk,whulko2@zimbio.com,Male,Karangbalong
02/26/2023,868,Robers,Kinsett,rkinsetto3@godaddy.com,Male,Oitui
03/19/2023,869,Spenser,Showell,sshowello4@usatoday.com,Male,Panambi
02/14/2023,870,Sebastian,Gerdts,sgerdtso5@discovery.com,Male,Xiaotang
03/24/2023,871,Denni,Spridgen,dspridgeno6@github.com,Non-binary,Detroit
02/17/2023,872,Gail,Batteson,gbattesono7@springer.com,Male,Yaopi
03/17/2023,873,Zea,Denzilow,zdenzilowo8@blogs.com,Female,Kobrinskoye
02/27/2023,874,Trumaine,Montier,tmontiero9@cdbaby.com,Non-binary,Penja
01/28/2023,875,Eunice,Bargh,ebarghoa@msn.com,Female,Daur
04/11/2023,876,Adrien,Sperwell,asperwellob@csmonitor.com,Male,Domaradz
01/29/2023,877,Reginald,Lindsay,rlindsayoc@ibm.com,Male,Songgui
01/26/2023,878,Marcella,Camacho,mcamachood@ucoz.ru,Female,Wenfang
04/16/2023,879,Sheila,Slayny,sslaynyoe@latimes.com,Female,Privolzhsk
03/24/2023,880,Giacobo,Fewell,gfewellof@reddit.com,Male,Kaset Wisai
01/21/2023,881,Silvio,Jorez,sjorezog@patch.com,Male,Odienné
03/26/2023,882,Cheston,Hillam,chillamoh@altervista.org,Male,Uralo-Kavkaz
03/25/2023,883,Fiann,Dorrington,fdorringtonoi@va.gov,Female,Tandil
04/03/2023,884,Marijn,Goshawke,mgoshawkeoj@hugedomains.com,Male,Amorim
01/05/2023,885,Dian,Armin,darminok@epa.gov,Female,Ash Shāmīyah
03/29/2023,886,Gorden,Vowdon,gvowdonol@phoca.cz,Male,Gontar
04/14/2023,887,Odell,Burle,oburleom@shinystat.com,Male,Weixin
01/23/2023,888,Elisabeth,Mathivon,emathivonon@theguardian.com,Female,Anjozorobe
02/21/2023,889,Louella,Sheldrake,lsheldrakeoo@soundcloud.com,Non-binary,Gŭlŭbovo
04/11/2023,890,Zabrina,Proom,zproomop@comcast.net,Female,Mirskoy
03/19/2023,891,Si,Grzelczak,sgrzelczakoq@ucsd.edu,Male,Xinlin
01/19/2023,892,Wilfred,Hoffner,whoffneror@squidoo.com,Male,Joroinen
02/13/2023,893,Anne-marie,Mungane,amunganeos@oakley.com,Bigender,Jingling
01/23/2023,894,Malinde,Snedker,msnedkerot@indiegogo.com,Female,Kthella e Epërme
03/15/2023,895,Esra,Titcomb,etitcombou@taobao.com,Male,Comagascas
01/05/2023,896,Ancell,Goranov,agoranovov@altervista.org,Male,Succha
02/01/2023,897,Augustine,Bauldrey,abauldreyow@virginia.edu,Male,Dadap
03/11/2023,898,Jacklin,Lumbers,jlumbersox@mozilla.com,Female,Kirs
02/04/2023,899,Alano,Duxfield,aduxfieldoy@de.vu,Male,Quebo
02/27/2023,900,Tarra,Hailey,thaileyoz@t.co,Female,Zaporizhzhya
03/27/2023,901,Zackariah,Ericssen,zericssenp0@eepurl.com,Male,Piritiba
03/30/2023,902,Ailsun,Eles,aelesp1@multiply.com,Female,Alhambra
02/09/2023,903,Rosemonde,McGlone,rmcglonep2@goo.ne.jp,Female,Sepanjang
04/05/2023,904,Florentia,Quarrington,fquarringtonp3@freewebs.com,Female,Jolo
03/17/2023,905,Cornie,Goodsall,cgoodsallp4@ucla.edu,Male,Tomelilla
01/17/2023,906,Saudra,McCosker,smccoskerp5@slideshare.net,Female,Bārkhān
03/24/2023,907,Serge,McPhater,smcphaterp6@sphinn.com,Male,Konārak
03/22/2023,908,Deena,Widger,dwidgerp7@elpais.com,Female,Igoumenítsa
01/21/2023,909,Corry,Pizer,cpizerp8@answers.com,Female,Mailag
01/21/2023,910,Hedwig,De Roeck,hderoeckp9@ft.com,Female,Fenggao
02/07/2023,911,Robenia,Bernlin,rbernlinpa@smh.com.au,Female,Renfrew
04/01/2023,912,Ethelbert,Faunch,efaunchpb@netscape.com,Male,Washington
01/05/2023,913,Bobby,Borgne,bborgnepc@macromedia.com,Female,Jonkowo
03/26/2023,914,Eben,Jeens,ejeenspd@mayoclinic.com,Male,Aso
04/12/2023,915,Barthel,Wollen,bwollenpe@issuu.com,Male,Issy-les-Moulineaux
04/07/2023,916,Deloris,Dangl,ddanglpf@bloomberg.com,Female,Wien
02/06/2023,917,Dore,Wilcot,dwilcotpg@lycos.com,Female,Bila Tserkva
03/17/2023,918,Gradey,Davidovicz,gdavidoviczph@indiatimes.com,Male,Lages
03/15/2023,919,Valeria,Baiss,vbaisspi@prlog.org,Female,Niushou
02/12/2023,920,Dore,Jedrzejczak,djedrzejczakpj@berkeley.edu,Female,Huangtan
03/12/2023,921,Hymie,Geram,hgerampk@smugmug.com,Male,Karpushikha
01/28/2023,922,Sharron,Paskerful,spaskerfulpl@hao123.com,Female,Lipinki Łużyckie
02/14/2023,923,Benjy,Quiney,bquineypm@homestead.com,Male,Otorohanga
01/22/2023,924,Tracy,Bourthoumieux,tbourthoumieuxpn@themeforest.net,Female,Hagfors
03/15/2023,925,Daryn,Ives,divespo@ehow.com,Female,Qihama
01/27/2023,926,Leanna,Downgate,ldowngatepp@friendfeed.com,Female,São José dos Pinhais
02/05/2023,927,Wilton,Bissett,wbissettpq@cpanel.net,Male,Sundbyberg
03/01/2023,928,Mellicent,Caddick,mcaddickpr@mail.ru,Female,Korem
02/28/2023,929,Vin,Willshaw,vwillshawps@dmoz.org,Female,Ejido
02/24/2023,930,Giraldo,Dillway,gdillwaypt@ask.com,Non-binary,Horní Bříza
02/09/2023,931,Essa,Bartlomiejczyk,ebartlomiejczykpu@patch.com,Female,Неготино
02/15/2023,932,Dwight,Davitt,ddavittpv@loc.gov,Male,Naftalan
03/18/2023,933,Stafani,Stanley,sstanleypw@ca.gov,Female,Claye-Souilly
03/27/2023,934,Colly,Colleford,ccollefordpx@dmoz.org,Female,Višnjevac
01/19/2023,935,Patrice,Shallcroff,pshallcroffpy@vimeo.com,Female,Pāvilosta
03/10/2023,936,Justine,Brimmell,jbrimmellpz@wufoo.com,Female,Okocim
02/09/2023,937,Kipp,Tefft,ktefftq0@discovery.com,Female,Seget
04/13/2023,938,Hephzibah,Fahrenbach,hfahrenbachq1@geocities.jp,Female,Xunzhai
02/11/2023,939,Elton,Brasner,ebrasnerq2@loc.gov,Male,Panyambungan
01/21/2023,940,Kitti,Necolds,knecoldsq3@bravesites.com,Female,Kotablolong
01/03/2023,941,Domeniga,Licciardiello,dlicciardielloq4@bloglines.com,Female,Otorohanga
01/26/2023,942,Filide,Cases,fcasesq5@jimdo.com,Female,Lelkowo
03/28/2023,943,Cosme,Farron,cfarronq6@lycos.com,Male,Szemud
04/16/2023,944,Marje,Garbutt,mgarbuttq7@flavors.me,Female,Meishan
02/20/2023,945,Oriana,Skegg,oskeggq8@hibu.com,Female,Podgorenskiy
01/15/2023,946,Dimitry,Prazer,dprazerq9@senate.gov,Male,Besançon
01/02/2023,947,Xenos,Prout,xproutqa@ted.com,Male,Minna
03/05/2023,948,Kerk,Kirrens,kkirrensqb@cmu.edu,Male,Bang Rakam
04/09/2023,949,Perrine,Heaseman,pheasemanqc@upenn.edu,Female,Koror
04/05/2023,950,Shayla,Gitthouse,sgitthouseqd@nymag.com,Female,Shiroi
01/30/2023,951,Manon,Goldie,mgoldieqe@nsw.gov.au,Female,Paris 17
03/03/2023,952,Sheffield,Wildt,swildtqf@digg.com,Male,Muladbucad
02/03/2023,953,Rutledge,Eakley,reakleyqg@si.edu,Male,Radocza
03/22/2023,954,Franzen,Presnall,fpresnallqh@newsvine.com,Male,Fangxi
04/08/2023,955,Rafa,Dix,rdixqi@cbslocal.com,Female,Marathókampos
02/02/2023,956,Trix,McAleese,tmcaleeseqj@icq.com,Female,Machikou
01/08/2023,957,Roselin,Duchatel,rduchatelqk@noaa.gov,Female,Bazhu
01/15/2023,958,Krispin,Errol,kerrolql@livejournal.com,Male,Likhovskoy
03/27/2023,959,Jasmin,Praundl,jpraundlqm@facebook.com,Female,Rawaapu
04/14/2023,960,Estrella,Dimitrie,edimitrieqn@nymag.com,Female,Caçapava
04/15/2023,961,Paolina,Meaker,pmeakerqo@360.cn,Female,Mabu
02/20/2023,962,Jolie,Godbolt,jgodboltqp@photobucket.com,Female,Cimanggu Wetan
03/28/2023,963,Daloris,Knevet,dknevetqq@hp.com,Female,Sugihmukti
02/03/2023,964,Maryann,Urwen,murwenqr@washingtonpost.com,Female,Benguela
02/07/2023,965,Beauregard,Hembry,bhembryqs@surveymonkey.com,Male,Katoro
01/31/2023,966,Garvin,Findlay,gfindlayqt@exblog.jp,Male,Gainesville
01/28/2023,967,Darcey,Daniele,ddanielequ@prweb.com,Female,Tha Ruea
04/16/2023,968,Josefina,Toffanini,jtoffaniniqv@cnn.com,Female,Maebaru
02/16/2023,969,Gayelord,Gimert,ggimertqw@addtoany.com,Male,Újezd
02/16/2023,970,Cletus,Connerly,cconnerlyqx@walmart.com,Male,Benito Juarez
03/14/2023,971,Beatrice,Gillebert,bgillebertqy@amazon.co.uk,Female,Chengfeng
03/08/2023,972,Salomone,Meysham,smeyshamqz@google.it,Male,Valdice
03/09/2023,973,Kennett,Scothron,kscothronr0@bizjournals.com,Male,Vales
04/10/2023,974,Jennie,Cullingworth,jcullingworthr1@tiny.cc,Female,Pukhavichy
03/27/2023,975,Matthaeus,Cardall,mcardallr2@guardian.co.uk,Male,Kanada
04/11/2023,976,Simone,Hailey,shaileyr3@toplist.cz,Female,Rungis
03/07/2023,977,Martie,Spoward,mspowardr4@ft.com,Male,Rebe
04/05/2023,978,Kessia,McClymond,kmcclymondr5@slideshare.net,Female,Otradnoye
02/16/2023,979,Jamie,Belle,jbeller6@umn.edu,Female,Venda do Alcaide
04/10/2023,980,Louisette,Border,lborderr7@cbsnews.com,Female,Seputih
01/28/2023,981,Minni,Guitonneau,mguitonneaur8@hhs.gov,Female,Privas
02/17/2023,982,Bax,Rentcome,brentcomer9@npr.org,Male,Ullubiyaul
01/11/2023,983,Lindsay,Elfitt,lelfittra@mapquest.com,Male,Qingzhou
03/06/2023,984,Anna-diane,Raffan,araffanrb@uol.com.br,Female,San Juan Nepomuceno
02/14/2023,985,Delainey,Ferreo,dferreorc@linkedin.com,Male,North Cowichan
04/11/2023,986,Tudor,Clurow,tclurowrd@state.tx.us,Male,Inuotose
01/17/2023,987,Chandler,Dodimead,cdodimeadre@shareasale.com,Male,Al Quşayr
01/05/2023,988,Steward,Otterwell,sotterwellrf@moonfruit.com,Male,Benito Juarez
04/10/2023,989,Abby,McMurty,amcmurtyrg@123-reg.co.uk,Male,Kadipaten
02/16/2023,990,Becka,Horbart,bhorbartrh@e-recht24.de,Female,Jajce
03/02/2023,991,Gertie,Reilly,greillyri@chicagotribune.com,Female,Górki Wielkie
03/13/2023,992,Darlene,Molian,dmolianrj@macromedia.com,Polygender,Cantapoy
01/26/2023,993,Bendicty,Grabb,bgrabbrk@nationalgeographic.com,Male,Kruševica
02/13/2023,994,Erv,Rex,erexrl@google.ru,Male,Jolo
02/15/2023,995,Zared,Shorte,zshorterm@yolasite.com,Male,Sadar
02/11/2023,996,Yolande,Merrall,ymerrallrn@walmart.com,Female,Labnig
01/18/2023,997,Malvina,Grelik,mgrelikro@com.com,Agender,Horodnya
02/18/2023,998,Dody,Gloucester,dgloucesterrp@statcounter.com,Female,Cisasak
03/15/2023,999,Petunia,Catlin,pcatlinrq@patch.com,Female,Shadrinsk
02/01/2023,1000,Anna-maria,Schankelborg,aschankelborgrr@theguardian.com,Female,Tagakpan
