created,id,first_name,last_name,email,gender,city
02/26/2023,1,Heinrik,Loader,hloader0@about.me,Male,Xingpinglu
04/16/2023,2,Vivian,Rouby,vrouby1@businesswire.com,Female,Alvaro Obregon
01/08/2023,3,Ivory,King,iking2@gnu.org,Genderqueer,Pampas
01/29/2023,4,Ursa,Fotheringham,ufotheringham3@360.cn,Female,Dianya
02/04/2023,5,Cristie,Nolleau,cnolleau4@amazon.com,Female,Hengpi
01/31/2023,6,Joannes,Farleigh,jfarleigh5@pcworld.com,Female,Bengubelan
04/12/2023,7,Barnard,Cartmale,bcartmale6@purevolume.com,Male,Alindao
02/22/2023,8,Hagan,Rivlin,hrivlin7@163.com,Male,Labuhansumbawa
01/01/2023,9,Merle,Shippam,mshippam8@imdb.com,Male,Cilebang Satu
04/08/2023,10,Lawrence,Babington,lbabington9@booking.com,Male,Ārt Khwājah
02/04/2023,11,Annalise,Oyley,aoyleya@seattletimes.com,Female,Macun
01/03/2023,12,Bethina,Teas,bteasb@printfriendly.com,Female,Kubangsari
02/23/2023,13,Wallace,Nockles,wnocklesc@wired.com,Male,Hekou
03/12/2023,14,Hermina,Manuely,hmanuelyd@cnet.com,Female,Gŭlŭbovo
01/17/2023,15,Joann,Skellion,jskellione@google.cn,Polygender,Castro Barros
04/14/2023,16,Eudora,Warner,ewarnerf@ftc.gov,Female,Itabaiana
01/09/2023,17,Idaline,Speers,ispeersg@cdc.gov,Female,Xinshi
01/17/2023,18,Nixie,Tod,ntodh@paypal.com,Female,Sabanalarga
01/28/2023,19,Janie,Bream,jbreami@whitehouse.gov,Female,Yuyue
01/04/2023,20,Leonora,Gever,lgeverj@sfgate.com,Female,Omoku
01/23/2023,21,Julieta,Wint,jwintk@redcross.org,Female,Daba
01/23/2023,22,Prudy,Shenley,pshenleyl@foxnews.com,Female,Orléans
03/18/2023,23,Vinita,Hinckesman,vhinckesmanm@acquirethisname.com,Genderqueer,Subic
01/05/2023,24,Verla,Boat,vboatn@geocities.jp,Female,Świdwin
04/15/2023,25,Maurice,Kensit,mkensito@psu.edu,Male,Werang
02/09/2023,26,Wally,Regglar,wregglarp@prweb.com,Female,Changsha
03/22/2023,27,Carmine,Challens,cchallensq@flickr.com,Female,Jinli
03/11/2023,28,Cassy,Carsberg,ccarsbergr@columbia.edu,Genderfluid,Clanwilliam
01/01/2023,29,Hussein,Beaulieu,hbeaulieus@linkedin.com,Male,Mġarr
01/27/2023,30,Horatio,Fontelles,hfontellest@wordpress.com,Male,Kobayashi
02/05/2023,31,Sunny,Kull,skullu@arizona.edu,Female,Sydney
02/17/2023,32,Laird,Orwin,lorwinv@fema.gov,Male,Cincinnati
01/10/2023,33,Lockwood,Jakes,ljakesw@ezinearticles.com,Male,Tegalgede
02/10/2023,34,Kincaid,Castaneda,kcastanedax@topsy.com,Male,Koua
01/15/2023,35,Judah,Bunworth,jbunworthy@cdbaby.com,Male,Carregal
03/01/2023,36,Hubie,MacMakin,hmacmakinz@weather.com,Male,Gostivar
03/20/2023,37,Berrie,Walls,bwalls10@slideshare.net,Female,Tuapse
02/20/2023,38,Nolie,Dagworthy,ndagworthy11@addthis.com,Female,Ballymun
02/02/2023,39,Krisha,Ringwood,kringwood12@who.int,Male,Saniwonorejo
03/21/2023,40,Tierney,Lowerson,tlowerson13@sun.com,Female,Saint-Maur-des-Fossés
03/08/2023,41,Edna,Edgerton,eedgerton14@prnewswire.com,Female,Borås
02/03/2023,42,Terry,Marflitt,tmarflitt15@etsy.com,Female,Kalianda
03/21/2023,43,Dorothea,McIlroy,dmcilroy16@desdev.cn,Female,Uchiza
01/01/2023,44,Samaria,Ticehurst,sticehurst17@skype.com,Female,Paurito
03/29/2023,45,Irv,Chaytor,ichaytor18@infoseek.co.jp,Male,Chajarí
03/20/2023,46,Yorgo,Beumant,ybeumant19@techcrunch.com,Male,Morazán
01/02/2023,47,Odelia,Elwin,oelwin1a@hhs.gov,Female,Řečany nad Labem
03/15/2023,48,Kelcy,MacFarlan,kmacfarlan1b@auda.org.au,Female,Yuandun
04/14/2023,49,Hillier,Antonioni,hantonioni1c@pen.io,Male,Mulyoagung
01/14/2023,50,Coletta,Bettles,cbettles1d@photobucket.com,Female,Xiangcunxiang
01/07/2023,51,Alidia,Withringten,awithringten1e@blogspot.com,Female,Guingamp
01/22/2023,52,Estrella,Leahy,eleahy1f@theguardian.com,Female,Quimper
01/12/2023,53,Cathy,Pargeter,cpargeter1g@usa.gov,Female,Wailiang
01/29/2023,54,Tiffy,Lanchester,tlanchester1h@nps.gov,Female,Portela
02/04/2023,55,Reese,Moisey,rmoisey1i@i2i.jp,Male,Le Perreux-sur-Marne
03/18/2023,56,Abran,Passe,apasse1j@freewebs.com,Agender,Adzopé
04/03/2023,57,Vaughn,Hayen,vhayen1k@wufoo.com,Male,Jia’an
02/12/2023,58,Ninette,Timny,ntimny1l@thetimes.co.uk,Female,Chengnan
03/23/2023,59,Duffy,Keyson,dkeyson1m@symantec.com,Polygender,Falënki
01/28/2023,60,Dorie,Cullen,dcullen1n@army.mil,Male,Quartier Morin
03/29/2023,61,Alfred,Franca,afranca1o@yale.edu,Male,Toyohama
02/22/2023,62,Ara,Drillingcourt,adrillingcourt1p@tripadvisor.com,Male,Péfki
03/08/2023,63,Dore,Raw,draw1q@cargocollective.com,Male,Igreja
03/23/2023,64,Archibald,Cosham,acosham1r@w3.org,Male,Pozo Hondo
02/08/2023,65,Karmen,Roberson,kroberson1s@quantcast.com,Female,Oroqen Zizhiqi
02/15/2023,66,Jen,Wylder,jwylder1t@sphinn.com,Female,Campechuela
01/17/2023,67,Marlowe,Crowe,mcrowe1u@va.gov,Male,Poços de Caldas
03/17/2023,68,Lion,Schankelborg,lschankelborg1v@yale.edu,Male,Przemęt
03/18/2023,69,Monte,Yair,myair1w@wikimedia.org,Male,Kowo
02/24/2023,70,Klarika,Ternouth,kternouth1x@cbc.ca,Female,Hongdu
03/14/2023,71,Jsandye,Bounde,jbounde1y@seesaa.net,Female,Carapelhos
04/09/2023,72,Bibi,Carlesi,bcarlesi1z@ucoz.com,Female,Alca
02/08/2023,73,Boyce,Ruse,bruse20@google.cn,Male,Priupskiy
02/12/2023,74,Maggi,Arrighetti,marrighetti21@aboutads.info,Female,Sagay
04/06/2023,75,Cecilla,Found,cfound22@tinyurl.com,Female,Outeirô
02/06/2023,76,Lynde,Nash,lnash23@cocolog-nifty.com,Female,Fiães
04/08/2023,77,Tome,Lordon,tlordon24@dion.ne.jp,Male,Bayt Sāḩūr
01/07/2023,78,Laure,Hunday,lhunday25@webnode.com,Polygender,Shuiyuan
03/08/2023,79,Raynor,Gomby,rgomby26@rambler.ru,Male,Ad Dimnah
01/04/2023,80,Alic,Donan,adonan27@accuweather.com,Male,Majunying
01/22/2023,81,Rosalinda,Cunnah,rcunnah28@amazon.com,Female,Vischongo
01/10/2023,82,Karly,Scanderet,kscanderet29@woothemes.com,Female,Mount Frere
02/06/2023,83,Fae,Anstey,fanstey2a@geocities.com,Female,Jiancheng
01/12/2023,84,Moore,Laity,mlaity2b@twitpic.com,Polygender,Cartago
01/02/2023,85,Everett,Davidde,edavidde2c@wsj.com,Male,Müllendorf
04/15/2023,86,Bambi,Collard,bcollard2d@blogger.com,Female,Buchach
01/13/2023,87,Hilton,Sinclar,hsinclar2e@wired.com,Male,Podporozh’ye
04/10/2023,88,Chantal,Kilfether,ckilfether2f@microsoft.com,Female,Klášter
03/06/2023,89,Gabriel,Knotton,gknotton2g@sina.com.cn,Female,Gongju
01/24/2023,90,Carleen,Velten,cvelten2h@tiny.cc,Female,Jiulian
01/07/2023,91,Lucho,Hause,lhause2i@linkedin.com,Male,Rolândia
02/24/2023,92,Jolyn,Welman,jwelman2j@intel.com,Bigender,Budrus
01/22/2023,93,Isacco,Ripsher,iripsher2k@fotki.com,Male,Bayuwan
04/11/2023,94,Debra,Ferbrache,dferbrache2l@auda.org.au,Female,Tembeling
04/08/2023,95,Verne,Duffyn,vduffyn2m@cornell.edu,Male,Nueva Esperanza
04/06/2023,96,Eveleen,Ryburn,eryburn2n@shop-pro.jp,Female,Semanding Barat
03/23/2023,97,Gerick,Spadari,gspadari2o@army.mil,Bigender,Klobuky
02/09/2023,98,Klara,Drohane,kdrohane2p@t-online.de,Female,Antimácheia
04/02/2023,99,Barr,Tytcomb,btytcomb2q@whitehouse.gov,Male,Nezvěstice
02/02/2023,100,Grady,Arnull,garnull2r@cafepress.com,Male,Acharnés
01/11/2023,101,Laney,O'Dougherty,lodougherty2s@wiley.com,Male,Yanhe
03/26/2023,102,Pedro,Broyd,pbroyd2t@google.ru,Male,Jingxin
03/24/2023,103,Dyane,Hunnam,dhunnam2u@chicagotribune.com,Genderfluid,Trzciana
01/03/2023,104,Estelle,Parades,eparades2v@usatoday.com,Female,Almeria
04/02/2023,105,Vonny,O'Regan,voregan2w@noaa.gov,Female,Verona
03/31/2023,106,Sabrina,Domenge,sdomenge2x@house.gov,Female,Tawen Aobao
01/20/2023,107,Egon,Navarre,enavarre2y@pinterest.com,Male,Kupchino
01/05/2023,108,Sharlene,Santacrole,ssantacrole2z@ow.ly,Female,Kiel
01/11/2023,109,Pyotr,de Castelain,pdecastelain30@t.co,Male,Milltown
04/07/2023,110,Cristionna,McKeighen,cmckeighen31@booking.com,Female,Monastyryshche
04/14/2023,111,Lonnie,Zettoi,lzettoi32@nature.com,Female,Rungis
04/10/2023,112,Raine,Curm,rcurm33@army.mil,Female,Esperanza
01/19/2023,113,Monti,Farnhill,mfarnhill34@pen.io,Male,Kushiro
01/31/2023,114,Bernie,Sybbe,bsybbe35@oakley.com,Male,Sumberejo
02/03/2023,115,Zed,Cheesman,zcheesman36@skyrock.com,Male,Oranzherei
02/08/2023,116,Janaye,Ryburn,jryburn37@xrea.com,Female,Yihe
02/26/2023,117,Lizbeth,Crothers,lcrothers38@tumblr.com,Female,Dobropillya
03/10/2023,118,Fleming,MacGraith,fmacgraith39@springer.com,Male,Phra Phutthabat
03/09/2023,119,Louella,Gramer,lgramer3a@salon.com,Female,Cabrobó
01/09/2023,120,Decca,Howen,dhowen3b@diigo.com,Male,San Carlos
02/14/2023,121,Peterus,De Blasiis,pdeblasiis3c@histats.com,Male,Kolomak
03/23/2023,122,Vikki,Moyer,vmoyer3d@china.com.cn,Female,Blučina
03/22/2023,123,Emmery,Conichie,econichie3e@artisteer.com,Male,Pitogo
02/23/2023,124,Lacee,Gowthorpe,lgowthorpe3f@google.ca,Female,El Valle del Espíritu Santo
02/23/2023,125,Osmund,Baitman,obaitman3g@ow.ly,Male,Gananoque
03/07/2023,126,Evvie,Leacy,eleacy3h@friendfeed.com,Genderfluid,München
01/29/2023,127,Brittni,Fenners,bfenners3i@economist.com,Female,Swan Hills
01/25/2023,128,Danyette,Siggens,dsiggens3j@adobe.com,Polygender,Ettal
01/20/2023,129,Christoper,Suddock,csuddock3k@aboutads.info,Male,Ōfunato
02/20/2023,130,Ervin,Helsdon,ehelsdon3l@twitpic.com,Male,Yorosso
03/20/2023,131,Dale,Bacup,dbacup3m@example.com,Genderqueer,Dongchong
03/18/2023,132,Alvy,Santacrole,asantacrole3n@1und1.de,Male,Xiaozhang
02/24/2023,133,Lezley,Mashro,lmashro3o@dagondesign.com,Genderqueer,Korenëvo
01/11/2023,134,Calypso,Hayball,chayball3p@over-blog.com,Female,Puerto Galera
04/03/2023,135,Antoni,Ortiger,aortiger3q@house.gov,Male,Tessalit
03/25/2023,136,Gar,Munkton,gmunkton3r@com.com,Male,Donomulyo
01/30/2023,137,Denys,Brabyn,dbrabyn3s@usgs.gov,Male,Shah Alam
02/13/2023,138,Calla,Biggs,cbiggs3t@devhub.com,Bigender,Cornwall
03/25/2023,139,Bond,Dreus,bdreus3u@vimeo.com,Male,Gaspar
01/18/2023,140,Rhoda,Yezafovich,ryezafovich3v@hexun.com,Female,Katsuura
03/24/2023,141,Bartholomew,Halgarth,bhalgarth3w@businessinsider.com,Male,Tha Mai
02/04/2023,142,Noah,Grumbridge,ngrumbridge3x@goodreads.com,Male,Vawkavysk
03/18/2023,143,Boyce,Brithman,bbrithman3y@sphinn.com,Male,Ducheng
03/23/2023,144,Jaquenetta,Copas,jcopas3z@cisco.com,Female,Qiwen
01/19/2023,145,Goldie,Ibarra,gibarra40@cargocollective.com,Female,Centro Habana
03/30/2023,146,Kristoffer,Hunting,khunting41@photobucket.com,Male,Sakassou
02/09/2023,147,Yorgo,Jerzak,yjerzak42@histats.com,Male,San Miguel de Tucumán
03/30/2023,148,Tine,Shrive,tshrive43@sourceforge.net,Female,Sitajara
01/08/2023,149,Lalo,Friday,lfriday44@cpanel.net,Genderqueer,San Rafael
02/13/2023,150,Silvio,Pakes,spakes45@yahoo.com,Male,Quetigny
02/06/2023,151,Jethro,Casino,jcasino46@hatena.ne.jp,Male,Sidirókastro
01/22/2023,152,Joelie,Feria,jferia47@360.cn,Female,Kihniö
02/01/2023,153,Chrissy,Smallshaw,csmallshaw48@ow.ly,Female,Qingshan
02/10/2023,154,Isaiah,Baxill,ibaxill49@tripod.com,Male,Yelan’
02/09/2023,155,Nelli,Tollow,ntollow4a@time.com,Female,Luofang
03/30/2023,156,Garfield,Ruffell,gruffell4b@house.gov,Male,Real
03/30/2023,157,Ann,Ashman,aashman4c@printfriendly.com,Female,Banocboc
04/03/2023,158,Pammie,Clemendet,pclemendet4d@elegantthemes.com,Female,Tahara
02/13/2023,159,Risa,Yearne,ryearne4e@domainmarket.com,Female,Edsbyn
01/11/2023,160,Aleta,Swinburne,aswinburne4f@mapy.cz,Female,Laau
02/12/2023,161,Orion,Bendixen,obendixen4g@ning.com,Male,Tembladera
03/28/2023,162,Alexandra,Garthland,agarthland4h@netvibes.com,Agender,Nizhniy Ufaley
02/23/2023,163,Horst,Colebourn,hcolebourn4i@state.tx.us,Male,Kaolack
03/09/2023,164,Timothea,Butter,tbutter4j@home.pl,Female,Porvoo
03/13/2023,165,Jonis,Filer,jfiler4k@cbsnews.com,Female,Shuangjiang
04/03/2023,166,Zorana,Muslim,zmuslim4l@spotify.com,Female,Krajan
01/10/2023,167,Roddie,Arson,rarson4m@istockphoto.com,Male,Bali
02/13/2023,168,Novelia,Banbrook,nbanbrook4n@mail.ru,Female,Juanshui
02/20/2023,169,Wenonah,Hiorn,whiorn4o@msn.com,Female,Mercedes
01/13/2023,170,Letitia,Every,levery4p@wix.com,Female,Bader
01/26/2023,171,Lauraine,Kitchen,lkitchen4q@dion.ne.jp,Female,Batallas
02/07/2023,172,Jany,Churches,jchurches4r@webs.com,Female,Islāmkot
01/31/2023,173,Kris,Trevino,ktrevino4s@zdnet.com,Male,Urus-Martan
01/14/2023,174,Hewet,Drakeley,hdrakeley4t@aol.com,Male,Kivertsi
02/24/2023,175,Kiri,Aylward,kaylward4u@berkeley.edu,Female,Gading
04/05/2023,176,Bobine,Ferre,bferre4v@goo.gl,Female,Muesanaik
03/05/2023,177,Garland,Hebditch,ghebditch4w@economist.com,Female,Alangalang
01/29/2023,178,Judye,Daniello,jdaniello4x@stumbleupon.com,Female,La Labor
01/11/2023,179,Glennie,Casewell,gcasewell4y@tumblr.com,Female,Beizhuang
02/28/2023,180,Bertrando,Guise,bguise4z@shop-pro.jp,Agender,Piñahan
04/07/2023,181,Edwin,Cristofalo,ecristofalo50@sourceforge.net,Male,Pahonjean
01/23/2023,182,Reagen,Gavin,rgavin51@flickr.com,Male,Bagnolet
03/17/2023,183,Joni,Drinkel,jdrinkel52@google.com.au,Polygender,Närpes
03/12/2023,184,Pattie,Choak,pchoak53@opensource.org,Male,San Vicente
02/17/2023,185,Domenic,Kaindl,dkaindl54@163.com,Male,Pleasant Point
03/29/2023,186,Jinny,Cokayne,jcokayne55@mail.ru,Female,Kotabaru
04/06/2023,187,Seymour,Reynard,sreynard56@devhub.com,Male,Maunatlala
01/04/2023,188,Davey,Sapshed,dsapshed57@timesonline.co.uk,Genderfluid,Miguel Hidalgo
02/26/2023,189,Brenda,Minillo,bminillo58@nps.gov,Female,Stockholm
02/06/2023,190,Kim,Dedam,kdedam59@marketwatch.com,Female,Nykvarn
03/11/2023,191,Ring,Jurick,rjurick5a@indiegogo.com,Male,Kasama
04/03/2023,192,Janean,Hinners,jhinners5b@hatena.ne.jp,Female,Shuanglong
01/20/2023,193,Stavros,Van der Veldt,svanderveldt5c@census.gov,Male,Gromadka
02/26/2023,194,Sharai,Hutcheson,shutcheson5d@ucla.edu,Female,Guadalupe
01/04/2023,195,Lilah,Dohr,ldohr5e@goo.gl,Female,Oenpeotnai
03/12/2023,196,Bibbie,Covendon,bcovendon5f@barnesandnoble.com,Female,Pule
02/07/2023,197,Blythe,Brandsma,bbrandsma5g@1und1.de,Female,Almere Haven
04/15/2023,198,Jasmina,Reddish,jreddish5h@histats.com,Agender,Figueiras
03/22/2023,199,Corine,Brackstone,cbrackstone5i@abc.net.au,Female,Komsomolets
01/15/2023,200,Andrew,Paffitt,apaffitt5j@discuz.net,Male,Dianfang
02/12/2023,201,Haley,Isselee,hisselee5k@shop-pro.jp,Male,Lille
02/27/2023,202,Lindsey,Bonehill,lbonehill5l@ucla.edu,Female,Talnakh
03/15/2023,203,Darlleen,Estrella,destrella5m@indiatimes.com,Bigender,Jingxiyuan
02/05/2023,204,Elyn,Goosey,egoosey5n@disqus.com,Female,Albany
04/08/2023,205,Brad,Bownass,bbownass5o@time.com,Male,Anjie
01/05/2023,206,Maryellen,Symers,msymers5p@cocolog-nifty.com,Female,Ponte
03/23/2023,207,Lincoln,Sibthorpe,lsibthorpe5q@meetup.com,Male,Cherëmushki
03/09/2023,208,Alec,Gaspar,agaspar5r@cbslocal.com,Male,Xitou
02/17/2023,209,Curry,Bockmaster,cbockmaster5s@technorati.com,Male,Lichinga
03/20/2023,210,Lynelle,Edens,ledens5t@taobao.com,Female,Ipís
04/08/2023,211,Barnaby,Hardson,bhardson5u@prnewswire.com,Male,Guanqing
02/23/2023,212,Tann,Raithby,traithby5v@theglobeandmail.com,Male,Recreio
01/09/2023,213,Tresa,Ballentime,tballentime5w@com.com,Female,Biaoxi
03/15/2023,214,Lauree,Hacksby,lhacksby5x@howstuffworks.com,Agender,Serzedo
01/02/2023,215,Loree,Crosston,lcrosston5y@harvard.edu,Female,Magutian
02/28/2023,216,Ardith,Stile,astile5z@kickstarter.com,Female,Bovec
04/13/2023,217,Mariellen,Melbert,mmelbert60@homestead.com,Female,Foča
01/13/2023,218,Stavro,Gammill,sgammill61@ameblo.jp,Male,Shahkot
03/11/2023,219,Callie,Poupard,cpoupard62@wsj.com,Female,Titao
04/11/2023,220,Pen,Scohier,pscohier63@stumbleupon.com,Male,Passa Quatro
01/09/2023,221,Benedikt,Andreolli,bandreolli64@eventbrite.com,Male,Kushima
02/11/2023,222,Norah,Albisser,nalbisser65@mail.ru,Female,Sobreira
04/03/2023,223,Lesley,Clarke,lclarke66@pbs.org,Female,Salgueiro
04/06/2023,224,Karon,Bootman,kbootman67@dagondesign.com,Female,Eybens
01/04/2023,225,Filip,Copley,fcopley68@sogou.com,Male,Morinville
01/22/2023,226,Felike,Rillatt,frillatt69@usda.gov,Male,Šuto Orizare
01/29/2023,227,Abraham,Liggens,aliggens6a@ocn.ne.jp,Male,Heerlen
02/14/2023,228,Cristal,Noads,cnoads6b@cam.ac.uk,Female,Tours
03/28/2023,229,Gui,Ciccoloi,gciccoloi6c@usa.gov,Female,A dos Negros
03/14/2023,230,Gardie,Roizn,groizn6d@wikia.com,Male,Shaliu
04/13/2023,231,Sidoney,Freear,sfreear6e@hc360.com,Female,Imider
02/16/2023,232,Ainslee,Simond,asimond6f@biglobe.ne.jp,Female,Ouricuri
03/30/2023,233,Valencia,Philippard,vphilippard6g@hugedomains.com,Female,Kwangju
04/14/2023,234,Orella,Dudley,odudley6h@prweb.com,Female,Bojonghaur
02/15/2023,235,Lilias,Alban,lalban6i@cnn.com,Female,Wola Rębkowska
03/30/2023,236,Kienan,de Keep,kdekeep6j@opera.com,Male,Léo
02/11/2023,237,Nomi,O' Mullane,nomullane6k@cisco.com,Female,Chigan
01/04/2023,238,Roldan,Stile,rstile6l@live.com,Male,Batan
01/05/2023,239,Umeko,Willcox,uwillcox6m@privacy.gov.au,Female,Zhouwang
04/15/2023,240,Sauveur,Hawkswood,shawkswood6n@mozilla.org,Male,Banjarejo
04/06/2023,241,Bartlet,Bright,bbright6o@wunderground.com,Male,Ресен
03/14/2023,242,Jaime,Nicolson,jnicolson6p@google.pl,Female,Sobue
03/02/2023,243,Thayne,Hannibal,thannibal6q@facebook.com,Male,Lincoln
02/23/2023,244,Jens,Pilfold,jpilfold6r@qq.com,Male,Phu Sang
02/23/2023,245,Moritz,Sissel,msissel6s@miibeian.gov.cn,Male,Lyon
03/03/2023,246,Porter,Cucinotta,pcucinotta6t@nih.gov,Male,Timaru
02/08/2023,247,Christine,Clowes,cclowes6u@cam.ac.uk,Female,Santo Amaro
02/20/2023,248,Lemmie,Febre,lfebre6v@intel.com,Male,Nova Olímpia
01/14/2023,249,Daisi,Fosten,dfosten6w@wisc.edu,Female,Timon
03/07/2023,250,Delilah,Bartolomieu,dbartolomieu6x@harvard.edu,Female,Stockholm
02/04/2023,251,Stephana,Davidesco,sdavidesco6y@ca.gov,Female,Cieplice Śląskie Zdrój
02/16/2023,252,Gradey,Lewendon,glewendon6z@symantec.com,Polygender,Haoyi
01/15/2023,253,Carver,Hadwick,chadwick70@ftc.gov,Male,Xuchang
02/28/2023,254,Lula,Mannering,lmannering71@naver.com,Female,Tralee
04/12/2023,255,Celeste,Edeler,cedeler72@cnn.com,Female,Ārān Bīdgol
02/10/2023,256,Brittni,Mauchline,bmauchline73@nps.gov,Female,Panyam
02/17/2023,257,Gwenette,Coat,gcoat74@phpbb.com,Female,Chengnan
01/28/2023,258,Odilia,Plues,oplues75@engadget.com,Agender,Jinshan
03/23/2023,259,Zed,Ondrusek,zondrusek76@accuweather.com,Male,Aix-en-Provence
01/17/2023,260,Royal,Fawcett,rfawcett77@spiegel.de,Male,Maceda
03/30/2023,261,Anette,Morden,amorden78@oaic.gov.au,Bigender,Oytal
03/28/2023,262,Kane,Hawlgarth,khawlgarth79@hc360.com,Male,Mugan
04/08/2023,263,Antons,Suddell,asuddell7a@eepurl.com,Male,Zbůch
02/01/2023,264,Abbye,Spencley,aspencley7b@columbia.edu,Female,Aix-en-Provence
01/07/2023,265,Michal,McIan,mmcian7c@gov.uk,Male,Sutton
02/27/2023,266,Juieta,Rickards,jrickards7d@washington.edu,Female,Duzhenwan
04/16/2023,267,Alia,Ruecastle,aruecastle7e@umich.edu,Female,Phra Phutthabat
03/12/2023,268,Britta,Gethin,bgethin7f@sina.com.cn,Female,Jiyang
01/01/2023,269,Lizabeth,Osorio,losorio7g@goodreads.com,Female,Watuagung
01/17/2023,270,Oates,Clamp,oclamp7h@bloglovin.com,Male,Kālia
01/14/2023,271,Orazio,Crane,ocrane7i@clickbank.net,Genderfluid,Hal’shany
01/25/2023,272,Emile,Darwent,edarwent7j@virginia.edu,Male,Kokhanava
03/13/2023,273,Elisabet,Cuerdale,ecuerdale7k@google.es,Female,Mississauga
02/13/2023,274,Quentin,Smout,qsmout7l@time.com,Female,Västerås
01/01/2023,275,Orrin,Trebbett,otrebbett7m@deliciousdays.com,Male,Mountain View
02/25/2023,276,Isadora,De Leek,ideleek7n@bloomberg.com,Female,Albuquerque
02/04/2023,277,Darleen,Klarzynski,dklarzynski7o@plala.or.jp,Female,Timoulilt
03/29/2023,278,Belvia,Cyples,bcyples7p@xrea.com,Female,Linköping
01/16/2023,279,Court,Bereford,cbereford7q@google.com.br,Male,Örnsköldsvik
02/27/2023,280,Hunfredo,Dodshun,hdodshun7r@live.com,Male,Wangong
03/28/2023,281,Ardyth,Izakoff,aizakoff7s@surveymonkey.com,Female,Ad Dawḩah
04/04/2023,282,Stacee,Toun,stoun7t@va.gov,Male,Fenghuang
01/27/2023,283,Quintina,Grealey,qgrealey7u@linkedin.com,Female,Karlskoga
01/04/2023,284,Pamela,Pengelley,ppengelley7v@ed.gov,Female,Lófos
01/18/2023,285,Sofia,Hearthfield,shearthfield7w@europa.eu,Female,Berëzovka
04/11/2023,286,Fulvia,Methley,fmethley7x@meetup.com,Female,Vila Ribeiro
01/11/2023,287,Blake,Rigard,brigard7y@wikia.com,Female,Langsepan
02/21/2023,288,Andi,Sidebottom,asidebottom7z@flavors.me,Female,Oliveira
01/22/2023,289,Kaye,Lundy,klundy80@google.com.au,Female,Baisha
01/26/2023,290,Buddie,MacCarlich,bmaccarlich81@cisco.com,Non-binary,Sala
03/01/2023,291,Pattie,Stilgoe,pstilgoe82@epa.gov,Male,Piraí
01/31/2023,292,Nataline,Nolleth,nnolleth83@chronoengine.com,Female,Zapala
02/06/2023,293,Darin,Dodge,ddodge84@ebay.com,Male,Bonthe
03/14/2023,294,Latia,Hellen,lhellen85@tumblr.com,Female,Pariaman
04/16/2023,295,Benny,Orchard,borchard86@163.com,Bigender,Großklein
01/12/2023,296,Sophey,Burnage,sburnage87@hhs.gov,Female,Oullins
03/07/2023,297,Kristoffer,Greening,kgreening88@symantec.com,Male,Virginia
02/25/2023,298,Richie,Doughill,rdoughill89@businesswire.com,Male,Yulin
01/13/2023,299,Niko,Oselton,noselton8a@cbc.ca,Male,Tomepampa
03/22/2023,300,Ruby,Mallia,rmallia8b@seattletimes.com,Female,Sbo’o
03/23/2023,301,Tremaine,Dot,tdot8c@globo.com,Bigender,Mīr Bachah Kōṯ
01/05/2023,302,Giacobo,Brigdale,gbrigdale8d@1und1.de,Male,Fengcheng
02/28/2023,303,Durante,Beardow,dbeardow8e@technorati.com,Male,Krajan Ngrambingan
02/07/2023,304,Sarge,De Nisco,sdenisco8f@statcounter.com,Male,Buka
02/08/2023,305,Codi,Haworth,chaworth8g@hud.gov,Female,Volodarka
03/01/2023,306,Evangeline,Shreeve,eshreeve8h@etsy.com,Female,Žatec
01/24/2023,307,Violetta,Petren,vpetren8i@marketwatch.com,Female,Sukamulya
01/16/2023,308,Marcia,Elsegood,melsegood8j@vinaora.com,Female,Sutukung
03/22/2023,309,Chucho,Wressell,cwressell8k@merriam-webster.com,Male,Zhendong
04/16/2023,310,Amara,Klimschak,aklimschak8l@wordpress.org,Female,Kamen
04/02/2023,311,Hillier,Gude,hgude8m@g.co,Male,Baoping
02/23/2023,312,Elli,Mapplebeck,emapplebeck8n@phpbb.com,Female,Mandi Bahāuddīn
03/30/2023,313,Jdavie,Maddinon,jmaddinon8o@live.com,Male,Sankeng
03/28/2023,314,Isabelle,Kuhnel,ikuhnel8p@friendfeed.com,Female,Zhongshi
02/20/2023,315,Vincenty,Girkin,vgirkin8q@wunderground.com,Male,Anak
03/24/2023,316,Augie,Crayton,acrayton8r@paginegialle.it,Male,Bansalan
02/19/2023,317,Ronica,Gooderham,rgooderham8s@trellian.com,Female,Beaumont
03/10/2023,318,Jard,Matterson,jmatterson8t@salon.com,Male,Niafunké
04/11/2023,319,Tarrance,Salatino,tsalatino8u@forbes.com,Male,Pardubice
01/09/2023,320,Conrad,Feaveer,cfeaveer8v@usatoday.com,Male,Paris 18
04/11/2023,321,Alister,Benjafield,abenjafield8w@facebook.com,Male,Santi Suk
01/19/2023,322,Dorine,Grainge,dgrainge8x@wikia.com,Polygender,Wuxiang
04/12/2023,323,Dill,Sakins,dsakins8y@blogs.com,Male,Pāvilosta
04/01/2023,324,Doti,O'Currigan,docurrigan8z@ca.gov,Female,La Esperanza
01/06/2023,325,Glenn,Kinworthy,gkinworthy90@discuz.net,Female,Göteborg
02/19/2023,326,Bryant,Coule,bcoule91@howstuffworks.com,Male,Angkahgede
01/19/2023,327,Benny,Keeves,bkeeves92@privacy.gov.au,Female,Hou’an
04/13/2023,328,Saundra,Jordison,sjordison93@scribd.com,Male,Ramalhal
01/07/2023,329,Gilli,Stiell,gstiell94@washington.edu,Female,Jermuk
03/25/2023,330,Mirilla,Didball,mdidball95@webnode.com,Female,Santa Cruz
01/22/2023,331,Issie,Vanichkin,ivanichkin96@stumbleupon.com,Female,Bang Mun Nak
02/25/2023,332,Marta,Ferrige,mferrige97@cpanel.net,Female,Amadora
03/11/2023,333,Dinah,Kynder,dkynder98@fastcompany.com,Female,Kista
02/06/2023,334,Marcellina,Haddeston,mhaddeston99@google.cn,Female,Luofang
01/13/2023,335,Marcus,Lamb,mlamb9a@census.gov,Male,Gävle
01/09/2023,336,Lenka,Westmorland,lwestmorland9b@japanpost.jp,Female,Leping
01/09/2023,337,Thorn,Eliasson,teliasson9c@reference.com,Male,Huayuanli
01/04/2023,338,Gil,Guerreru,gguerreru9d@yelp.com,Male,Dranoc
03/02/2023,339,Vittoria,Thrower,vthrower9e@nhs.uk,Female,Strabychovo
03/11/2023,340,Leah,Tollemache,ltollemache9f@domainmarket.com,Female,Tunduma
03/29/2023,341,Shayla,Kaley,skaley9g@shareasale.com,Female,Parbatipur
04/09/2023,342,Yalonda,Merrett,ymerrett9h@seattletimes.com,Female,Sātkhira
01/18/2023,343,Kendricks,Evequot,kevequot9i@prnewswire.com,Male,Xue’an
01/18/2023,344,Candide,Bidewell,cbidewell9j@ibm.com,Female,Buje
01/29/2023,345,Kristofor,Squelch,ksquelch9k@marriott.com,Male,Las Palmas
03/09/2023,346,Arnie,Maulden,amaulden9l@whitehouse.gov,Bigender,Fujinomiya
02/16/2023,347,Huntley,Markwell,hmarkwell9m@behance.net,Male,Kawit
03/10/2023,348,Dewitt,Ranyell,dranyell9n@sciencedirect.com,Male,Bīrganj
02/11/2023,349,Austin,MacGinney,amacginney9o@ask.com,Female,Santo Domingo
01/05/2023,350,Fremont,Dudman,fdudman9p@hubpages.com,Male,Penang
01/20/2023,351,Kania,Heikkinen,kheikkinen9q@hubpages.com,Female,Glamoč
04/11/2023,352,Culver,Giff,cgiff9r@nsw.gov.au,Male,Pagaden
02/12/2023,353,Karalee,Randales,krandales9s@google.pl,Female,Qaţanah
01/09/2023,354,Russ,Killick,rkillick9t@exblog.jp,Male,Cherven Bryag
03/09/2023,355,Mandie,Murtimer,mmurtimer9u@opera.com,Female,Sertãozinho
01/14/2023,356,Rutledge,Breeton,rbreeton9v@soundcloud.com,Male,Diré
01/26/2023,357,Shanta,Mager,smager9w@soup.io,Female,Tirapata
03/18/2023,358,Meyer,Fuzzens,mfuzzens9x@google.ru,Male,Hezhi
03/05/2023,359,Corine,Whetland,cwhetland9y@berkeley.edu,Female,Perosinho
04/13/2023,360,Cory,Tonry,ctonry9z@mail.ru,Male,Mangulile
03/28/2023,361,Alaric,Lynam,alynama0@cbc.ca,Male,Xieqiao
04/15/2023,362,Dolley,Cheyney,dcheyneya1@dagondesign.com,Genderqueer,Roodepoort
02/12/2023,363,Alejandrina,Alekseev,aalekseeva2@digg.com,Female,Milton
01/01/2023,364,Leila,Glaves,lglavesa3@parallels.com,Female,Luleå
02/08/2023,365,Reg,Dommersen,rdommersena4@edublogs.org,Male,Betim
01/22/2023,366,Brnaba,Torrisi,btorrisia5@barnesandnoble.com,Male,Daxbet
01/06/2023,367,Jakob,Ebi,jebia6@myspace.com,Male,Novi Slankamen
04/07/2023,368,Maren,Cooley,mcooleya7@i2i.jp,Female,Néa Manolás
01/26/2023,369,Forrester,MacRannell,fmacrannella8@typepad.com,Male,Tanda
03/15/2023,370,Mattie,Mariel,mmariela9@adobe.com,Male,Toulouse
03/18/2023,371,Arnuad,Clamo,aclamoaa@google.co.uk,Male,Morelos
03/18/2023,372,Lincoln,Trenbay,ltrenbayab@about.com,Male,Pak Thong Chai
02/26/2023,373,Elsy,Tailour,etailourac@fotki.com,Female,Catujal
04/10/2023,374,Edin,Goaley,egoaleyad@ow.ly,Female,Pyinmana
01/20/2023,375,Carlita,Walklate,cwalklateae@google.es,Female,Weepanapi
01/13/2023,376,Gerrie,Worstall,gworstallaf@bluehost.com,Male,Mohelnice
01/23/2023,377,Johnette,Savell,jsavellag@ameblo.jp,Female,Hagonoy
01/29/2023,378,Maryellen,Avramchik,mavramchikah@nhs.uk,Female,La Rochelle
01/15/2023,379,Lilas,McGovern,lmcgovernai@topsy.com,Female,Kohlu
03/18/2023,380,Bernard,Shalliker,bshallikeraj@sphinn.com,Male,Panaytayon
04/05/2023,381,Konstance,Stiles,kstilesak@ustream.tv,Female,Maromitsa
04/14/2023,382,Hillary,Mongenot,hmongenotal@xing.com,Female,Nuevo Emperador
02/28/2023,383,Lonna,Palffrey,lpalffreyam@oaic.gov.au,Female,Lazaro Cardenas
03/03/2023,384,Zilvia,Edgeller,zedgelleran@blinklist.com,Female,Dana
04/14/2023,385,Marlowe,Synnott,msynnottao@phpbb.com,Male,Khovd
02/23/2023,386,Karalee,Agglio,kagglioap@dedecms.com,Female,Frederiksberg
02/27/2023,387,Jenni,Klais,jklaisaq@rambler.ru,Female,Limatambo
03/22/2023,388,Court,Guinery,cguineryar@blogtalkradio.com,Male,Ocumare de la Costa
03/11/2023,389,Sutton,Jaan,sjaanas@cbslocal.com,Male,Bofuer
01/07/2023,390,Leann,Creegan,lcreeganat@wordpress.org,Female,Nunchía
04/06/2023,391,Nicholas,Morales,nmoralesau@kickstarter.com,Male,Boyany
01/23/2023,392,Janene,Mingame,jmingameav@qq.com,Female,Espinal
03/13/2023,393,Greta,Dillistone,gdillistoneaw@i2i.jp,Female,‘Abasān al Kabīrah
02/10/2023,394,Berty,Brundle,bbrundleax@zimbio.com,Bigender,Washington
01/06/2023,395,Marietta,Arr,marray@reddit.com,Male,Balakhninskiy
04/16/2023,396,Thaxter,Polon,tpolonaz@free.fr,Male,Zürich
04/03/2023,397,Giff,De Cleen,gdecleenb0@ask.com,Male,Suwaru
01/18/2023,398,Trueman,Mixter,tmixterb1@is.gd,Male,Mallow
02/20/2023,399,Wilhelm,Collier,wcollierb2@netscape.com,Male,Uppsala
01/12/2023,400,Der,Morkham,dmorkhamb3@google.it,Male,Walferdange
04/04/2023,401,Nial,Alders,naldersb4@sphinn.com,Male,Qaffīn
04/08/2023,402,Riva,Tremblay,rtremblayb5@cbc.ca,Genderfluid,Yangirabot
01/16/2023,403,Kit,Sennett,ksennettb6@flavors.me,Female,Sasovo
03/15/2023,404,Cris,Greenhalgh,cgreenhalghb7@ow.ly,Female,Beihe
03/09/2023,405,Lesley,Layzell,llayzellb8@cam.ac.uk,Female,Gävle
01/17/2023,406,Cassandra,Scutching,cscutchingb9@fema.gov,Female,Loučná nad Desnou
01/25/2023,407,Amargo,Tombleson,atomblesonba@imgur.com,Female,Champigny-sur-Marne
01/05/2023,408,Bendicty,Barns,bbarnsbb@amazon.co.jp,Male,Arinos
03/24/2023,409,Mitchael,Douse,mdousebc@facebook.com,Male,Sinjhoro
03/15/2023,410,Drugi,Sked,dskedbd@nydailynews.com,Agender,Suizhong
02/24/2023,411,Wolfy,Gadaud,wgadaudbe@fda.gov,Male,Rogowo
03/08/2023,412,Heywood,Tapin,htapinbf@soup.io,Male,Wilmington
03/01/2023,413,Dory,Sone,dsonebg@zdnet.com,Female,Daphu
01/20/2023,414,Ardyce,Waddams,awaddamsbh@shutterfly.com,Genderfluid,Montpellier
03/16/2023,415,Daron,Anten,dantenbi@youtube.com,Male,Oke Ila
01/14/2023,416,Brig,Laste,blastebj@wisc.edu,Male,Gornje Moštre
02/03/2023,417,Heath,Bleackley,hbleackleybk@issuu.com,Female,Santa Maria
02/23/2023,418,Cornell,Clendening,cclendeningbl@alibaba.com,Male,Frankfurt am Main
04/11/2023,419,Shaine,Browse,sbrowsebm@skype.com,Female,Cruz das Almas
01/23/2023,420,Jessie,Wayne,jwaynebn@edublogs.org,Female,Naro-Fominsk
02/03/2023,421,Kameko,Adamolli,kadamollibo@deviantart.com,Female,Danyang
02/04/2023,422,Ashby,Augar,aaugarbp@redcross.org,Male,Nanhe
02/20/2023,423,Chiquia,Runnacles,crunnaclesbq@google.co.uk,Female,Bojadła
04/03/2023,424,Kirbie,Hrishanok,khrishanokbr@t-online.de,Female,Wantan
01/27/2023,425,Otes,Dowry,odowrybs@timesonline.co.uk,Male,Shiogama
04/09/2023,426,Ulric,Kellough,ukelloughbt@discuz.net,Male,Fortaleza
03/25/2023,427,Nadean,Stigell,nstigellbu@photobucket.com,Female,Kaliska
04/11/2023,428,Nero,Kob,nkobbv@scientificamerican.com,Male,Preko
01/17/2023,429,Garrot,Rodenborch,grodenborchbw@google.cn,Male,Herálec
03/18/2023,430,Duncan,Yabsley,dyabsleybx@gizmodo.com,Male,Osogbo
04/08/2023,431,Kristan,Santello,ksantelloby@github.com,Female,Działdowo
02/21/2023,432,Hildagard,Johnstone,hjohnstonebz@free.fr,Female,Fort Worth
02/13/2023,433,Ketty,Stanners,kstannersc0@illinois.edu,Female,Termas de Río Hondo
03/29/2023,434,Emmery,Francis,efrancisc1@un.org,Male,Balin
03/22/2023,435,Kyle,Henighan,khenighanc2@si.edu,Male,Athi River
01/15/2023,436,Conan,Harness,charnessc3@hostgator.com,Male,Bungbulang
04/05/2023,437,Hermy,Cheales,hchealesc4@bravesites.com,Male,Phan Rang-Tháp Chàm
02/10/2023,438,Marylynne,O' Ronan,moronanc5@merriam-webster.com,Female,Taha Man Zu
02/19/2023,439,Meriel,Ralston,mralstonc6@feedburner.com,Female,Macaíba
02/23/2023,440,Modestia,Venart,mvenartc7@eepurl.com,Female,Yubilyeyny
01/12/2023,441,Dedra,Jaycock,djaycockc8@histats.com,Female,Metulla
04/09/2023,442,Land,Robic,lrobicc9@gravatar.com,Male,Blimbing
01/28/2023,443,Cyrus,Tidder,ctidderca@salon.com,Male,Rumat Heib
03/05/2023,444,Doreen,Shevlin,dshevlincb@mozilla.com,Female,Kalmar
02/28/2023,445,Daffi,Bizzey,dbizzeycc@nature.com,Female,Gowurdak
02/22/2023,446,Falito,Miche,fmichecd@cyberchimps.com,Male,Huatajata
03/25/2023,447,Issi,Dohrmann,idohrmannce@goo.gl,Genderqueer,Assiniboia
02/24/2023,448,Meade,Thews,mthewscf@webeden.co.uk,Female,Zvenyhorodka
02/12/2023,449,Torry,Bresnahan,tbresnahancg@apache.org,Male,Hikone
04/01/2023,450,Vidovik,Itzchaky,vitzchakych@issuu.com,Male,Ouranoupolis
04/02/2023,451,Sadella,Gerrey,sgerreyci@alibaba.com,Female,Changshan
03/24/2023,452,Portia,Antonich,pantonichcj@oakley.com,Female,Tha Luang
04/09/2023,453,Sioux,Lighton,slightonck@free.fr,Female,Zernograd
02/27/2023,454,Weidar,Ielden,wieldencl@networksolutions.com,Bigender,Upton
03/17/2023,455,Claiborne,Fitzsymonds,cfitzsymondscm@newsvine.com,Male,Oenam
01/22/2023,456,Ortensia,O'Moylane,oomoylanecn@pinterest.com,Genderqueer,Longonjo
03/02/2023,457,Julissa,Puckett,jpuckettco@va.gov,Female,Sājir
01/21/2023,458,Lanie,Garred,lgarredcp@digg.com,Male,Dolod
01/24/2023,459,Berti,Fewings,bfewingscq@bloglovin.com,Male,Žebrák
04/13/2023,460,Kirbie,Prangnell,kprangnellcr@seesaa.net,Female,Boise
02/23/2023,461,Michel,Corson,mcorsoncs@deviantart.com,Female,Murtajih
02/01/2023,462,Kristine,Stocken,kstockenct@biblegateway.com,Female,Koffiefontein
02/23/2023,463,Granger,Amyes,gamyescu@eventbrite.com,Male,La Coipa
03/01/2023,464,Clementine,Harkness,charknesscv@google.com.hk,Polygender,Ningxi
04/16/2023,465,Ailina,Giovannacc@i,agiovannaccicw@google.it,Female,Cut-cut Primero
01/05/2023,466,Gayle,Pol,gpolcx@mapy.cz,Male,Álvares Machado
01/24/2023,467,Alden,Pullinger,apullingercy@people.com.cn,Male,Cabeço
04/14/2023,468,Tye,Childrens,tchildrenscz@php.net,Male,Timeng
03/19/2023,469,Waneta,Laverack,wlaverackd0@mediafire.com,Female,Duishan
03/24/2023,470,Valentino,Wyley,vwyleyd1@dot.gov,Male,Tallaght
04/04/2023,471,Lucas,Soltan,lsoltand2@mashable.com,Male,Guamal
03/13/2023,472,Malvina,Athey,matheyd3@wunderground.com,Female,Huayuan
02/15/2023,473,Caryl,Calvert,ccalvertd4@jimdo.com,Male,Maldonado
01/18/2023,474,Beauregard,Pollie,bpollied5@engadget.com,Male,Jiaoqi
02/22/2023,475,Brittney,Barrand,bbarrandd6@accuweather.com,Agender,António Enes
02/01/2023,476,Steffen,Klauber,sklauberd7@biblegateway.com,Male,Winschoten
02/26/2023,477,Carl,Menere,cmenered8@adobe.com,Male,Guérande
01/08/2023,478,Nicko,Shellcross,nshellcrossd9@wisc.edu,Male,Norfolk
02/15/2023,479,Karna,McComish,kmccomishda@angelfire.com,Female,Tsaritsyno
01/02/2023,480,Florencia,Staines,fstainesdb@yellowbook.com,Female,Zhiryatino
03/03/2023,481,Verene,Drakers,vdrakersdc@51.la,Agender,Manfalūţ
04/08/2023,482,Dianna,Tranter,dtranterdd@amazonaws.com,Female,Rače
02/21/2023,483,Evin,Burland,eburlandde@patch.com,Male,Gaofeng
01/13/2023,484,Obadias,Butte,obuttedf@theglobeandmail.com,Male,Nanjing
03/27/2023,485,Joela,Crean,jcreandg@facebook.com,Female,Kyoto
01/14/2023,486,Fonzie,Skingle,fskingledh@soundcloud.com,Male,Kedatuan
03/05/2023,487,Lowe,Brinklow,lbrinklowdi@upenn.edu,Male,Yangji
02/04/2023,488,Caroline,Hunter,chunterdj@google.nl,Bigender,Thiès Nones
02/23/2023,489,Minna,Mycock,mmycockdk@ed.gov,Genderfluid,Rakek
04/09/2023,490,Zared,Crosskell,zcrosskelldl@newyorker.com,Male,Marcq-en-Barœul
03/14/2023,491,Allys,Sweetenham,asweetenhamdm@netscape.com,Female,Chunoyar
01/19/2023,492,Trisha,Tringham,ttringhamdn@omniture.com,Genderqueer,Zbąszyń
01/17/2023,493,Goldina,Thurlby,gthurlbydo@jiathis.com,Female,Makīnsk
04/05/2023,494,Vivienne,Kelleway,vkellewaydp@hatena.ne.jp,Female,Lubichowo
01/06/2023,495,Thom,Tooke,ttookedq@kickstarter.com,Genderfluid,Yablonovskiy
02/02/2023,496,Margette,Tetsall,mtetsalldr@google.nl,Female,Timoulilt
03/04/2023,497,Winny,Deedes,wdeedesds@dailymotion.com,Genderfluid,Umunede
02/04/2023,498,Tedda,Spinella,tspinelladt@independent.co.uk,Female,Cedar Rapids
01/01/2023,499,Lilly,Stannard,lstannarddu@ezinearticles.com,Female,Qianguo
01/21/2023,500,Boy,Slesser,bslesserdv@is.gd,Male,Villeneuve-la-Garenne
01/29/2023,501,Mile,Lomis,mlomisdw@google.co.jp,Bigender,Velký Týnec
01/08/2023,502,Pennie,Smythin,psmythindx@scientificamerican.com,Male,Sinanju
01/09/2023,503,Lanette,Burley,lburleydy@google.it,Female,Mbinga
01/17/2023,504,Hettie,Salsberg,hsalsbergdz@goo.ne.jp,Female,Yaroslavskiy
04/14/2023,505,Nady,Pearse,npearsee0@zimbio.com,Female,Juntas
01/03/2023,506,Annabelle,Lutz,alutze1@cdc.gov,Female,Kulun
04/15/2023,507,Sherill,Gerhold,sgerholde2@photobucket.com,Female,Thành Phố Phủ Lý
02/07/2023,508,Jonie,Harnett,jharnette3@aboutads.info,Female,Kamo
03/21/2023,509,Conney,Woodberry,cwoodberrye4@meetup.com,Male,Vasilikón
04/01/2023,510,Joletta,Crampsey,jcrampseye5@dyndns.org,Female,Corralito
01/01/2023,511,Stewart,Domney,sdomneye6@skype.com,Male,La Cruz de Taratara
04/13/2023,512,Alvy,Rouzet,arouzete7@51.la,Male,Wurno
01/07/2023,513,Georgi,Shurlock,gshurlocke8@virginia.edu,Male,Cikole
01/15/2023,514,Ives,Swaite,iswaitee9@pinterest.com,Male,Trikora
02/06/2023,515,Hana,McKinley,hmckinleyea@irs.gov,Female,Kotabaru Hilir
02/19/2023,516,Franzen,Simonato,fsimonatoeb@weibo.com,Male,Tsaghkaber
02/17/2023,517,Carol,Allder,callderec@behance.net,Female,Nong Bun Nak
04/11/2023,518,Lemuel,Gowdie,lgowdieed@shop-pro.jp,Male,Saint-Chamond
03/02/2023,519,Denise,Rickaert,drickaertee@taobao.com,Female,Lavia
03/31/2023,520,Rita,Punt,rpuntef@bizjournals.com,Genderqueer,Pasirbatang
02/13/2023,521,Sheri,Mulderrig,smulderrigeg@hhs.gov,Female,Mukō
03/18/2023,522,Angel,Elverston,aelverstoneh@4shared.com,Female,Moss
03/02/2023,523,Lucius,Dutnell,ldutnellei@tumblr.com,Male,Guanyinsi
02/07/2023,524,Damita,Creelman,dcreelmanej@live.com,Female,Malpique
02/27/2023,525,Gayle,Torres,gtorresek@google.de,Male,Foumban
02/24/2023,526,Prudi,Josefsson,pjosefssonel@biglobe.ne.jp,Female,Tabu
03/09/2023,527,Dione,Petrulis,dpetrulisem@live.com,Female,Santa Cruz
01/11/2023,528,Ulla,Kumar,ukumaren@miibeian.gov.cn,Genderfluid,Enrile
03/04/2023,529,Guido,Karpushkin,gkarpushkineo@live.com,Agender,Sigiriya
04/06/2023,530,Sloan,Espinheira,sespinheiraep@uol.com.br,Male,Tucupido
01/13/2023,531,Ericka,Refford,ereffordeq@geocities.com,Female,Naḥf
02/28/2023,532,Ardene,Massey,amasseyer@bloglovin.com,Female,Täby
01/05/2023,533,Decca,Collop,dcollopes@friendfeed.com,Male,Souto
03/31/2023,534,Bartholomeus,Le Maitre,blemaitreet@photobucket.com,Male,Al Jaghbūb
03/28/2023,535,Sigrid,Langeren,slangereneu@msu.edu,Female,Hobart
01/21/2023,536,Ailsun,Dockery,adockeryev@netvibes.com,Female,Veselynove
01/16/2023,537,Andi,Klejin,aklejinew@prweb.com,Female,Shangani
02/12/2023,538,Gib,Forestall,gforestallex@wunderground.com,Male,Kroonstad
01/11/2023,539,Chico,Carlsen,ccarlseney@dedecms.com,Male,Amiens
03/12/2023,540,Jack,Showt,jshowtez@wikia.com,Male,Yangdun
03/12/2023,541,Jessi,Kirke,jkirkef0@bluehost.com,Polygender,Gerong
03/30/2023,542,Nickolas,Spridgeon,nspridgeonf1@wsj.com,Male,Shensuo
03/12/2023,543,Blair,Ivushkin,bivushkinf2@cloudflare.com,Female,Mafra
04/05/2023,544,Josselyn,Agent,jagentf3@wsj.com,Female,Pregrada
01/10/2023,545,Anne,Serck,aserckf4@geocities.jp,Female,Dongke
01/31/2023,546,Tanitansy,Elphinstone,telphinstonef5@addtoany.com,Female,Bohai
01/15/2023,547,Thoma,Fresson,tfressonf6@deliciousdays.com,Male,Taesal-li
02/26/2023,548,Robbert,Lipprose,rlipprosef7@myspace.com,Male,Pakokku
03/14/2023,549,Fredrika,Leijs,fleijsf8@drupal.org,Female,Tolotangga
02/25/2023,550,Tobe,Jessope,tjessopef9@digg.com,Male,Kaoma
03/31/2023,551,Des,Woolacott,dwoolacottfa@google.it,Male,Nowosielce
02/14/2023,552,Wynn,Gasperi,wgasperifb@ustream.tv,Male,Verkhniy Yasenov
03/18/2023,553,Amos,Arminger,aarmingerfc@xinhuanet.com,Genderqueer,Trabulheira
03/27/2023,554,Rollie,Dibsdale,rdibsdalefd@wix.com,Male,Roissy Charles-de-Gaulle
01/17/2023,555,Miof mela,Culwen,mculwenfe@biblegateway.com,Female,Luklukan
03/11/2023,556,Fidole,Killich,fkillichff@fc2.com,Male,Montluel
01/14/2023,557,Carol,Rayner,craynerfg@wordpress.com,Female,Zhuanqiang
02/17/2023,558,Maire,Fetters,mfettersfh@t.co,Female,Dongtuan
03/08/2023,559,Velma,Spere,vsperefi@webs.com,Female,Chengjiao
02/22/2023,560,Brittan,Slingsby,bslingsbyfj@berkeley.edu,Female,Saladas
04/08/2023,561,Lazare,Govey,lgoveyfk@google.es,Male,Binzhou
03/24/2023,562,Theresina,Henrion,thenrionfl@g.co,Female,Örebro
01/04/2023,563,Sheridan,Bruinsma,sbruinsmafm@sohu.com,Male,Blatná
03/21/2023,564,Monroe,Hammelberg,mhammelbergfn@nih.gov,Male,Sukhothai
01/01/2023,565,Remy,Luttgert,rluttgertfo@dagondesign.com,Female,Darungan
02/28/2023,566,Cassius,McLafferty,cmclaffertyfp@cbc.ca,Male,Panaoti
01/08/2023,567,Kipp,Bick,kbickfq@usatoday.com,Female,Angus
02/02/2023,568,Amelina,Prall,aprallfr@hc360.com,Female,Krajenka
03/12/2023,569,Burty,Dargie,bdargiefs@tripadvisor.com,Male,Cincinnati
01/24/2023,570,Quent,Everix,qeverixft@squidoo.com,Male,Shiling
03/08/2023,571,Tani,Josefsen,tjosefsenfu@issuu.com,Female,Monastirákion
02/07/2023,572,Mel,Maggi,mmaggifv@examiner.com,Female,Igreja
02/06/2023,573,Tonya,Mawhinney,tmawhinneyfw@mail.ru,Female,Duobao
02/05/2023,574,Galvan,Guerrieri,gguerrierifx@globo.com,Male,Billa
04/14/2023,575,Lexine,Charles,lcharlesfy@fema.gov,Female,Bergen
03/19/2023,576,Clim,Hainey,chaineyfz@soup.io,Male,Greensboro
01/10/2023,577,Rance,Murden,rmurdeng0@soup.io,Male,Manzil Bū Zalafah
01/02/2023,578,Sydney,Bruckshaw,sbruckshawg1@shutterfly.com,Female,Nazca
03/12/2023,579,Antony,Pickover,apickoverg2@twitter.com,Male,Mölndal
01/01/2023,580,Torrance,Alldritt,talldrittg3@unblog.fr,Male,San Jose
03/16/2023,581,Lezlie,Avey,laveyg4@ucoz.com,Female,Paterson
01/14/2023,582,Lemmie,Obin,lobing5@ning.com,Male,Nizhnyaya Tura
03/12/2023,583,Alyse,Fernant,afernantg6@biglobe.ne.jp,Female,Odiong
04/04/2023,584,Aubrey,Frensch,afrenschg7@gravatar.com,Female,Bagorejo
03/11/2023,585,Ag,Furminger,afurmingerg8@usgs.gov,Female,Gannan
01/29/2023,586,Arron,Cantrell,acantrellg9@wikia.com,Male,Maltahöhe
01/15/2023,587,Barbara,Cajkler,bcajklerga@themeforest.net,Female,Soledad
01/04/2023,588,Spense,Huntington,shuntingtongb@a8.net,Male,Baganga
03/03/2023,589,Alisun,Guynemer,aguynemergc@soundcloud.com,Female,Kushikino
03/22/2023,590,Saunderson,Odo,sodogd@youtube.com,Male,Talshand
01/04/2023,591,Meagan,Emsley,memsleyge@lulu.com,Genderqueer,Gaokan
02/27/2023,592,Samara,Geroldini,sgeroldinigf@google.ca,Female,Villa Ascasubi
01/22/2023,593,Johnath,Abramovici,jabramovicigg@theglobeandmail.com,Female,Buenavista
03/21/2023,594,Montague,Killock,mkillockgh@quantcast.com,Male,Al Kittah
01/20/2023,595,Gussy,Mussettini,gmussettinigi@issuu.com,Female,Maceo
03/02/2023,596,Levy,Kitcherside,lkitchersidegj@guardian.co.uk,Male,Elias Fausto
01/27/2023,597,Franzen,Dreakin,fdreakingk@symantec.com,Male,Qingqu
02/20/2023,598,Lawrence,Bloggett,lbloggettgl@narod.ru,Male,Shchukino
02/14/2023,599,Venita,Fluck,vfluckgm@parallels.com,Female,Newmarket on Fergus
01/30/2023,600,Charissa,Auten,cautengn@senate.gov,Female,Murcki
03/06/2023,601,Judas,Arlott,jarlottgo@newsvine.com,Male,Mońki
01/21/2023,602,Gleda,Cheetham,gcheethamgp@163.com,Female,Pingdong
02/21/2023,603,Devonne,Treneman,dtrenemangq@yahoo.com,Female,Poá
03/27/2023,604,Latashia,Hopfer,lhopfergr@rediff.com,Non-binary,København
04/08/2023,605,Rorie,Forty,rfortygs@ca.gov,Female,Pápa
03/21/2023,606,Phaidra,Challiner,pchallinergt@wired.com,Agender,Replot
04/04/2023,607,Brok,Voice,bvoicegu@dot.gov,Male,Mataigou
03/31/2023,608,Dyann,Starkie,dstarkiegv@census.gov,Female,Carcarañá
03/04/2023,609,Vail,Blackhall,vblackhallgw@skype.com,Male,Tai’an
02/08/2023,610,Annice,Sclater,asclatergx@gnu.org,Female,Jutiapa
02/23/2023,611,Tova,Lanham,tlanhamgy@ed.gov,Female,Mutsu
03/20/2023,612,Rosanna,Fleis,rfleisgz@wired.com,Female,Cihideung Satu
02/28/2023,613,Ravi,Hoston,rhostonh0@adobe.com,Male,Khalkhāl
01/31/2023,614,Corrine,Elflain,celflainh1@nifty.com,Female,Coolock
02/20/2023,615,Edita,Dall,edallh2@wordpress.org,Female,As Samawah
02/10/2023,616,Dyna,Wimp,dwimph3@moonfruit.com,Female,Cervantes
04/12/2023,617,Bernette,Goodliff,bgoodliffh4@cornell.edu,Genderqueer,Ikata-chō
04/12/2023,618,Fredrika,Cambling,fcamblingh5@ning.com,Female,Hveragerði
04/11/2023,619,Lori,Ipplett,lippletth6@msn.com,Female,Agalteca
03/31/2023,620,Sherilyn,Tooker,stookerh7@spiegel.de,Female,Portachuelo
02/09/2023,621,Winfield,Beloe,wbeloeh8@va.gov,Male,Zhuhe
01/15/2023,622,Rafaelita,Novkovic,rnovkovich9@php.net,Female,Suyo
02/20/2023,623,Rodger,Duding,rdudingha@wp.com,Male,Ban Lŭng
03/27/2023,624,Kristyn,Flatt,kflatthb@rakuten.co.jp,Female,Wanquan
03/20/2023,625,Erich,Aughton,eaughtonhc@mail.ru,Male,Pontevedra
02/14/2023,626,Henryetta,Coldtart,hcoldtarthd@posterous.com,Female,Amieira
02/16/2023,627,Emmott,Madre,emadrehe@theglobeandmail.com,Male,Cabarroguis
01/21/2023,628,Nappie,Coard,ncoardhf@amazon.co.jp,Male,Xinji
02/14/2023,629,Hewie,Stollery,hstolleryhg@tmall.com,Male,Zhouzhuang
01/21/2023,630,Junette,Elsmere,jelsmerehh@ft.com,Female,Moyynkum
01/21/2023,631,Karilynn,Dahlback,kdahlbackhi@walmart.com,Female,Piedade
04/10/2023,632,Shelli,Batterbee,sbatterbeehj@stanford.edu,Female,Sułoszowa
01/25/2023,633,Urban,Loges,ulogeshk@wikipedia.org,Male,San Miguel Chicaj
03/08/2023,634,Brose,Stacey,bstaceyhl@sitemeter.com,Male,Kadaka
04/14/2023,635,Lurette,Abramovitz,labramovitzhm@about.com,Female,Songwon
03/19/2023,636,Dyan,Dilleston,ddillestonhn@comcast.net,Female,Jinshan
01/07/2023,637,Konrad,Slateford,kslatefordho@boston.com,Male,Ålesund
02/11/2023,638,Alanah,Cantillon,acantillonhp@apple.com,Female,Bilian
03/20/2023,639,Glendon,Tax,gtaxhq@reddit.com,Male,Budapest
03/10/2023,640,Feliks,Seak,fseakhr@columbia.edu,Male,Dubrovka
01/27/2023,641,Sammy,Giovanardi,sgiovanardihs@gmpg.org,Female,Pontinha
02/25/2023,642,Jayson,Duff,jduffht@stumbleupon.com,Male,Al Qardāḩah
02/26/2023,643,Ellery,Mashro,emashrohu@elegantthemes.com,Male,Kabinda
03/06/2023,644,Carey,Gisbye,cgisbyehv@desdev.cn,Female,Grajaú
01/29/2023,645,Chiarra,Taaffe,ctaaffehw@cam.ac.uk,Female,Nueve de Julio
02/08/2023,646,Zackariah,Pool,zpoolhx@usatoday.com,Male,Jacarezinho
01/03/2023,647,Jan,Block,jblockhy@boston.com,Male,Galimuyod
01/31/2023,648,Itch,Haslegrave,ihaslegravehz@mac.com,Male,Modderfontein
04/05/2023,649,Henrik,Griggs,hgriggsi0@photobucket.com,Male,Xiangqiao
02/22/2023,650,Benedict,Rogier,brogieri1@independent.co.uk,Male,Aygeshat
01/25/2023,651,Beilul,Rosi,brosii2@ihg.com,Female,Quintinha
02/21/2023,652,Farly,Leathe,fleathei3@fotki.com,Male,Gobojango
04/16/2023,653,Win,O'Fihillie,wofihilliei4@typepad.com,Male,Umanggudang
04/15/2023,654,Fayina,Lodo,flodoi5@usa.gov,Female,Shangtuhai
01/27/2023,655,Megen,Cristofori,mcristoforii6@uol.com.br,Female,Newtown
03/09/2023,656,Flossy,Gosneye,fgosneyei7@illinois.edu,Female,Foumban
02/12/2023,657,Zarah,Shurman,zshurmani8@godaddy.com,Female,Weitang
03/26/2023,658,Loella,Pedrocchi,lpedrocchii9@usda.gov,Female,Sorong
02/27/2023,659,Freeland,Magauran,fmagaurania@webs.com,Male,Nglengkir
01/31/2023,660,Rivalee,Fere,rfereib@cloudflare.com,Female,Quiriquire
02/19/2023,661,Marthe,Bentzen,mbentzenic@china.com.cn,Female,Šenov
01/07/2023,662,Bruis,Demke,bdemkeid@dailymotion.com,Male,Casalinho
02/18/2023,663,Ginger,MacClancey,gmacclanceyie@usda.gov,Female,Yanjiao
04/05/2023,664,Merwyn,Goodinge,mgoodingeif@homestead.com,Male,Bayt Sāḩūr
03/01/2023,665,Poppy,Sydall,psydallig@china.com.cn,Female,Nakhon Pathom
01/13/2023,666,Kendre,Bonsale,kbonsaleih@harvard.edu,Female,Limeira
02/11/2023,667,Nehemiah,Gaskoin,ngaskoinii@springer.com,Male,Babah Rot
02/10/2023,668,Emmanuel,Doylend,edoylendij@so-net.ne.jp,Male,Nanqiu
03/27/2023,669,Korella,Jentges,kjentgesik@odnoklassniki.ru,Female,Banbalah
02/09/2023,670,Evangelia,Ofer,eoferil@narod.ru,Female,Hirara
03/17/2023,671,Wenda,Perrington,wperringtonim@pcworld.com,Female,Russkaya Polyana
03/03/2023,672,Tiler,Lopez,tlopezin@163.com,Male,Aghavnatun
01/17/2023,673,Audy,Dorin,adorinio@last.fm,Female,Atakpamé
04/11/2023,674,Les,Tabary,ltabaryip@multiply.com,Male,Apartadó
02/11/2023,675,Ignatius,Trapp,itrappiq@thetimes.co.uk,Male,Polel Diaoubé
03/18/2023,676,Lee,Parysowna,lparysownair@themeforest.net,Male,Cocabamba
03/06/2023,677,Carl,Shippam,cshippamis@ucoz.ru,Male,Valmiera
02/04/2023,678,Kessia,Reveley,kreveleyit@mozilla.com,Female,Komarno
01/12/2023,679,Alexi,Wafer,awaferiu@upenn.edu,Female,Lüxiang
01/29/2023,680,Pate,Luchelli,pluchelliiv@craigslist.org,Male,Poste du Lac
02/27/2023,681,Rorke,Challinor,rchallinoriw@marketwatch.com,Male,Pho Thong
01/13/2023,682,Walton,Soulsby,wsoulsbyix@ft.com,Male,Santo Domingo
03/10/2023,683,Sayres,Annion,sannioniy@fotki.com,Male,Siak Sri Indrapura
01/12/2023,684,Helene,Conaghy,hconaghyiz@cdc.gov,Female,Cabugao
01/02/2023,685,Dorothee,Daal,ddaalj0@bbc.co.uk,Female,La Unión
03/03/2023,686,Becki,Cleiment,bcleimentj1@yandex.ru,Female,Barra do Bugres
03/07/2023,687,Reggie,Latore,rlatorej2@imdb.com,Female,Buenos Aires
03/18/2023,688,Manya,Pedwell,mpedwellj3@wordpress.org,Genderqueer,Novogurovskiy
03/07/2023,689,Mohammed,Gilchriest,mgilchriestj4@odnoklassniki.ru,Male,Kąty Wrocławskie
02/11/2023,690,Broderick,Torbard,btorbardj5@cbsnews.com,Male,Lāliān
03/08/2023,691,Cortie,Larcher,clarcherj6@last.fm,Non-binary,Trang
03/01/2023,692,Lyndsey,Stollwerk,lstollwerkj7@typepad.com,Genderfluid,Tha Muang
02/26/2023,693,Vinson,Repp,vreppj8@geocities.com,Male,Naikolan
04/12/2023,694,Thorsten,Nussii,tnussiij9@theatlantic.com,Male,Sebu
03/20/2023,695,Cammie,Cuesta,ccuestaja@usnews.com,Female,Souflí
02/11/2023,696,Gilbert,Loynton,gloyntonjb@cbslocal.com,Male,Xihe
03/02/2023,697,Aime,Burdfield,aburdfieldjc@cornell.edu,Female,Chauk
03/31/2023,698,Rica,Wreath,rwreathjd@dion.ne.jp,Female,Budapest
03/05/2023,699,Holmes,Fayre,hfayreje@cdbaby.com,Male,Jiuzhai
02/03/2023,700,Nico,Gallo,ngallojf@apple.com,Male,San Narciso
03/20/2023,701,Emmeline,Wilkowski,ewilkowskijg@sciencedaily.com,Female,Old Kilcullen
01/24/2023,702,Swen,Golden of Ireland,sgoldenofirelandjh@kickstarter.com,Male,Baiyan
01/03/2023,703,Carrie,Ubank,cubankji@techcrunch.com,Female,Monte Branco
03/04/2023,704,Danice,Doulden,ddouldenjj@creativecommons.org,Female,Tempurejo
03/30/2023,705,Courtnay,Skyppe,cskyppejk@businessweek.com,Female,Yangping
01/05/2023,706,Asa,Putson,aputsonjl@smh.com.au,Male,Malvern
01/10/2023,707,Dulciana,MacCall,dmaccalljm@globo.com,Female,Baita
01/16/2023,708,Buckie,Brouard,bbrouardjn@wikispaces.com,Male,Beigucheng
02/15/2023,709,Lazarus,Feaviour,lfeaviourjo@google.ca,Genderqueer,Shilipu
01/16/2023,710,Millicent,Castell,mcastelljp@nyu.edu,Female,Črenšovci
01/03/2023,711,Caria,Walkden,cwalkdenjq@businesswire.com,Female,Rengasdengklok
02/12/2023,712,Terrence,Dunston,tdunstonjr@feedburner.com,Male,Paris 15
02/02/2023,713,Lorelei,Bonnette,lbonnettejs@timesonline.co.uk,Female,Zhijiang
04/07/2023,714,Lewiss,Rubi,lrubijt@state.tx.us,Male,Sanhe
01/11/2023,715,Noellyn,Kiezler,nkiezlerju@1688.com,Female,Waipukang
04/07/2023,716,Georgi,Jepson,gjepsonjv@epa.gov,Male,Bajo Naranjillo
01/09/2023,717,Kristi,Dorant,kdorantjw@cisco.com,Female,Estrela
04/11/2023,718,Brit,Cristol,bcristoljx@kickstarter.com,Female,Hüremt
03/24/2023,719,Renata,Laux,rlauxjy@behance.net,Female,Örnsköldsvik
01/10/2023,720,Jerri,Taphouse,jtaphousejz@xrea.com,Male,Staryy Cherek
03/01/2023,721,Cary,Broodes,cbroodesk0@bbc.co.uk,Agender,At Tall al Kabīr
01/21/2023,722,Chelsey,Noury,cnouryk1@wisc.edu,Female,Ntoum
03/01/2023,723,Catriona,Cleland,cclelandk2@latimes.com,Female,Al Quţayfah
04/10/2023,724,Vanessa,Backhouse,vbackhousek3@shutterfly.com,Female,Buenos Aires
01/07/2023,725,Goddart,Jeune,gjeunek4@ifeng.com,Male,Łopuszna
02/19/2023,726,Osgood,Lanfer,olanferk5@behance.net,Male,Tsaghkahovit
02/07/2023,727,Alissa,Slorance,aslorancek6@techcrunch.com,Female,Portland
01/16/2023,728,Wake,Staining,wstainingk7@gravatar.com,Agender,Luga
01/02/2023,729,Anabelle,Duer,aduerk8@prnewswire.com,Non-binary,Varennes
01/05/2023,730,Revkah,Densie,rdensiek9@wunderground.com,Female,Nanzamu
04/02/2023,731,Norrie,Haxley,nhaxleyka@wordpress.org,Male,Siao
02/11/2023,732,Reiko,Astlet,rastletkb@ask.com,Female,Majdal Banī Fāḑil
03/14/2023,733,Tawsha,Slatter,tslatterkc@canalblog.com,Female,Sosnovka
03/10/2023,734,Ramonda,Seer,rseerkd@va.gov,Female,Hanggan
04/16/2023,735,Rooney,Hatley,rhatleyke@google.it,Male,Karabash
01/21/2023,736,Harris,Clemencon,hclemenconkf@taobao.com,Male,Daqiao
04/16/2023,737,Redd,Iannitti,riannittikg@goo.ne.jp,Male,Cesvaine
01/09/2023,738,Martin,Trelease,mtreleasekh@baidu.com,Male,Lewo
02/25/2023,739,Hobie,Fentem,hfentemki@cnbc.com,Male,Ujung Gading
03/31/2023,740,Ferris,Grinin,fgrininkj@upenn.edu,Male,Kryry
01/14/2023,741,Leeann,Gergher,lgergherkk@vimeo.com,Female,Kertanegla
04/08/2023,742,Issiah,McComiskie,imccomiskiekl@techcrunch.com,Male,Gore
04/12/2023,743,Liana,Chicken,lchickenkm@lulu.com,Female,Huddinge
01/14/2023,744,Berny,Rait,braitkn@netlog.com,Male,Anzi
02/15/2023,745,Vivie,Pietraszek,vpietraszekko@fastcompany.com,Female,Beiyuan
01/20/2023,746,Leesa,Bauchop,lbauchopkp@gizmodo.com,Genderfluid,Yacuíba
01/04/2023,747,Bjorn,Chilvers,bchilverskq@go.com,Male,Tosno
01/19/2023,748,Benton,Mayhead,bmayheadkr@people.com.cn,Male,Nansheng
03/18/2023,749,Willabella,Sawdy,wsawdyks@fc2.com,Female,Galis
02/10/2023,750,Kevyn,Mussen,kmussenkt@technorati.com,Female,Hoeyang
02/05/2023,751,Husain,Franklin,hfranklinku@ox.ac.uk,Male,Åkersberga
01/05/2023,752,Franzen,Bremmer,fbremmerkv@de.vu,Male,Bełk
03/27/2023,753,Ingrid,Pentlow,ipentlowkw@sun.com,Female,Xinhe
04/13/2023,754,Ynez,Corteney,ycorteneykx@xinhuanet.com,Female,Anastácio
02/20/2023,755,Judah,Knapper,jknapperky@mashable.com,Male,Cikarang
03/14/2023,756,Charlton,Ecclestone,cecclestonekz@plala.or.jp,Male,Lawrenceville
02/12/2023,757,Jodie,Kristufek,jkristufekl0@artisteer.com,Agender,Vredefort
01/17/2023,758,Austin,Starrs,astarrsl1@latimes.com,Female,Longtang
03/22/2023,759,Arman,Gaukroger,agaukrogerl2@constantcontact.com,Male,Czarków
01/03/2023,760,Hurlee,Prince,hprincel3@bravesites.com,Male,Oslob
04/12/2023,761,Liva,MacDuff,lmacduffl4@1688.com,Polygender,Yishui
03/25/2023,762,Deb,Hoult,dhoultl5@list-manage.com,Female,Rudnya
03/05/2023,763,Quintus,Di Matteo,qdimatteol6@dropbox.com,Male,Linghu
01/26/2023,764,Fredek,Draye,fdrayel7@facebook.com,Non-binary,Bergen
03/10/2023,765,Heath,Arling,harlingl8@jalbum.net,Female,Mayang
03/07/2023,766,Bastien,Hilland,bhillandl9@xrea.com,Male,Novosibirsk
01/27/2023,767,Melany,Pidgeon,mpidgeonla@phpbb.com,Female,Kungsbacka
02/21/2023,768,Vern,Hobgen,vhobgenlb@businesswire.com,Male,Nanbao
02/20/2023,769,Clovis,Caskey,ccaskeylc@soup.io,Female,Heicheng
04/04/2023,770,Pennie,Blight,pblightld@com.com,Female,Pointe Michel
01/16/2023,771,Isak,McNish,imcnishle@miitbeian.gov.cn,Non-binary,Chengzhong
02/01/2023,772,Leroy,Vasyutin,lvasyutinlf@rediff.com,Male,Gayle
03/27/2023,773,Jonathon,Roome,jroomelg@360.cn,Male,Awar-awar
04/04/2023,774,Tess,Gobourn,tgobournlh@disqus.com,Female,Zhichanghe
01/08/2023,775,Bald,Dover,bdoverli@ucla.edu,Male,Altan Emel
01/01/2023,776,Deb,Trematick,dtrematicklj@toplist.cz,Female,Alkmaar
03/19/2023,777,Haslett,Bonallack,hbonallacklk@skyrock.com,Male,Santa Lucia
03/19/2023,778,Claiborn,Curman,ccurmanll@msn.com,Male,Whitwell
01/04/2023,779,Vikki,Campanelli,vcampanellilm@taobao.com,Female,Papágou
02/07/2023,780,Ronna,Haycox,rhaycoxln@pbs.org,Female,Kensington
02/12/2023,781,Pattie,Bythway,pbythwaylo@ning.com,Male,Baoshui
03/09/2023,782,Shaine,Michelotti,smichelottilp@stanford.edu,Male,Ikaalinen
01/06/2023,783,Itch,Issard,iissardlq@businesswire.com,Male,Jiangkou
04/08/2023,784,Ogden,Karlicek,okarliceklr@ca.gov,Male,Cihaur
02/22/2023,785,Sherman,Stiffell,sstiffellls@java.com,Male,Baishi
01/02/2023,786,Melba,Beyer,mbeyerlt@ezinearticles.com,Female,Yuhang
03/24/2023,787,Olav,Filyukov,ofilyukovlu@xinhuanet.com,Male,Sanli
01/18/2023,788,Rodolph,Lodewick,rlodewicklv@ebay.co.uk,Male,Huoli
03/22/2023,789,Aline,Carlin,acarlinlw@surveymonkey.com,Female,Paris 08
02/05/2023,790,Jephthah,Cairney,jcairneylx@china.com.cn,Male,Pandasan
01/20/2023,791,Karleen,Cardenas,kcardenasly@google.ru,Female,Opaka
01/25/2023,792,Holmes,Castellaccio,hcastellacciolz@symantec.com,Male,Hou’an
02/17/2023,793,Amie,Stranahan,astranahanm0@irs.gov,Female,Duru
03/03/2023,794,Teresita,Cajkler,tcajklerm1@dot.gov,Female,Boden
03/02/2023,795,Ardelle,McKeown,amckeownm2@cafepress.com,Female,Real
03/24/2023,796,Alec,Queen,aqueenm3@cyberchimps.com,Male,Beit Jann
01/28/2023,797,Nevile,Rechert,nrechertm4@timesonline.co.uk,Male,Rejoyoso
04/10/2023,798,Eugenia,Guterson,egutersonm5@google.co.jp,Female,Tongxing
02/06/2023,799,Erma,Pidgeon,epidgeonm6@qq.com,Female,Dolní Cerekev
02/03/2023,800,Othelia,Milazzo,omilazzom7@e-recht24.de,Female,Viimsi
01/09/2023,801,Austin,Kachel,akachelm8@altervista.org,Male,Pirava
02/15/2023,802,Ettie,Caudrelier,ecaudrelierm9@mit.edu,Female,Moycullen
01/22/2023,803,Genia,O'Kerin,gokerinma@msu.edu,Female,Yanahuaya
04/09/2023,804,Justinian,Hutchin,jhutchinmb@hubpages.com,Polygender,Sabugueiro
01/15/2023,805,Prinz,Tatford,ptatfordmc@hibu.com,Male,Baizhang
02/20/2023,806,Titus,Bednall,tbednallmd@theglobeandmail.com,Male,Kandhkot
02/04/2023,807,Goldie,Ashbee,gashbeeme@ask.com,Female,Tucuran
02/28/2023,808,Obed,Gryglewski,ogryglewskimf@engadget.com,Non-binary,Pedome
03/20/2023,809,Christophe,Sanchis,csanchismg@samsung.com,Male,Peicheng
04/05/2023,810,Arvie,Ockenden,aockendenmh@cafepress.com,Male,Guihing Proper
03/11/2023,811,Filide,Chapelhow,fchapelhowmi@dmoz.org,Female,Yantang
04/03/2023,812,Archie,Cowland,acowlandmj@alibaba.com,Male,Radekhiv
03/24/2023,813,Margret,Skirlin,mskirlinmk@mlb.com,Polygender,Sepahua
03/26/2023,814,Chan,Cardenoza,ccardenozaml@yellowbook.com,Male,Dukuhsia
03/01/2023,815,Russell,Orgill,rorgillmm@cpanel.net,Male,Taguisa
03/01/2023,816,Ricky,Bickley,rbickleymn@themeforest.net,Female,Bunut
02/05/2023,817,Melitta,Epp,meppmo@topsy.com,Female,Īlām
01/15/2023,818,Toinette,Bew,tbewmp@weather.com,Female,Bezons
01/28/2023,819,Andi,Silveston,asilvestonmq@amazon.de,Female,Umm Şalāl ‘Alī
04/03/2023,820,Ferdinande,Heam,fheammr@yellowbook.com,Female,Jingxin
01/19/2023,821,Giles,Clapison,gclapisonms@weather.com,Male,Gwangjeok
02/27/2023,822,Farrell,Witcomb,fwitcombmt@bluehost.com,Male,Novosemeykino
02/07/2023,823,Martyn,Cockshoot,mcockshootmu@com.com,Male,Keti Bandar
03/31/2023,824,Louie,Duggan,ldugganmv@ow.ly,Male,Chengguan
01/19/2023,825,Lem,Bourton,lbourtonmw@hibu.com,Male,Corralito
02/09/2023,826,Bertie,Brand,bbrandmx@engadget.com,Male,Huage
01/11/2023,827,Junia,Watson,jwatsonmy@live.com,Female,Levashi
02/10/2023,828,Tull,Beaumont,tbeaumontmz@lycos.com,Male,Rungis
02/20/2023,829,Callida,Breton,cbretonn0@nydailynews.com,Polygender,Piedras
03/06/2023,830,Ivy,Delagua,idelaguan1@yahoo.com,Female,Plaisir
01/30/2023,831,Cameron,Tappor,ctapporn2@pinterest.com,Male,Kristiansand S
02/03/2023,832,Evin,Louche,elouchen3@typepad.com,Male,Kaum Kaler
01/22/2023,833,Wendall,Friedlos,wfriedlosn4@diigo.com,Genderfluid,Lijiaping
03/19/2023,834,Ichabod,Currall,icurralln5@alexa.com,Polygender,Shekou
04/12/2023,835,Barbee,Danhel,bdanheln6@nsw.gov.au,Female,Ciriri
02/07/2023,836,Meryl,Pepineaux,mpepineauxn7@dailymail.co.uk,Male,Poá
03/11/2023,837,Anthony,Galey,agaleyn8@amazon.co.uk,Agender,Sumuragung
02/20/2023,838,Mirelle,Tonkinson,mtonkinsonn9@bing.com,Female,Slavuta
02/07/2023,839,Zedekiah,Leithgoe,zleithgoena@sakura.ne.jp,Male,Brumado
03/20/2023,840,Stavro,Dutson,sdutsonnb@sakura.ne.jp,Male,Zaragoza
01/24/2023,841,Joey,Grove,jgrovenc@patch.com,Male,Xiaoshiqiao
04/07/2023,842,Bernadina,Venditti,bvendittind@usgs.gov,Non-binary,Cikalang
03/12/2023,843,Sandi,Fripps,sfrippsne@nasa.gov,Agender,Antimácheia
01/15/2023,844,Kassey,Sanpere,ksanperenf@free.fr,Polygender,Labège
01/16/2023,845,Dorella,Belchambers,dbelchambersng@unicef.org,Female,Almirante
03/24/2023,846,Allayne,Margarson,amargarsonnh@china.com.cn,Male,Svorónos
03/31/2023,847,Mavis,Lowless,mlowlessni@facebook.com,Female,Elx/Elche
03/31/2023,848,Amos,Prophet,aprophetnj@mozilla.com,Male,Paris 13
04/09/2023,849,Maryann,Yabsley,myabsleynk@rambler.ru,Female,Kabarnet
03/25/2023,850,Toby,Flather,tflathernl@cbsnews.com,Male,Liuhao
02/04/2023,851,Isabelle,Oganian,ioganiannm@smugmug.com,Female,Pechenizhyn
03/01/2023,852,Pauli,de Grey,pdegreynn@accuweather.com,Female,Pontang Tengah
03/09/2023,853,Chrysler,Plunkett,cplunkettno@adobe.com,Female,Abidjan
01/27/2023,854,Jaymee,Shurey,jshureynp@uiuc.edu,Female,Pamoyanan
02/06/2023,855,Susi,Maly,smalynq@istockphoto.com,Female,Palmira
01/21/2023,856,Oralee,Tutchell,otutchellnr@google.co.jp,Female,Watodei
04/14/2023,857,Lemmy,Murtimer,lmurtimerns@fc2.com,Male,Dongkan
04/04/2023,858,Joelie,Montford,jmontfordnt@weather.com,Female,Jorowaru Daya
03/11/2023,859,Sarah,Peery,speerynu@bizjournals.com,Female,Rubik
02/07/2023,860,Kennett,Gasgarth,kgasgarthnv@google.cn,Male,Balucuc
02/28/2023,861,Geraldine,Newens,gnewensnw@technorati.com,Female,Los Patios
02/05/2023,862,Ab,Spiers,aspiersnx@auda.org.au,Non-binary,Baicheng
01/10/2023,863,Archaimbaud,Corrett,acorrettny@studiopress.com,Male,Kỳ Anh
01/11/2023,864,Roseann,Lorkin,rlorkinnz@ca.gov,Female,Rokem Barat
02/17/2023,865,Myrtle,Grunwald,mgrunwaldo0@wordpress.com,Female,Isugod
02/05/2023,866,Lisha,Knudsen,lknudseno1@newsvine.com,Female,Máncora
03/07/2023,867,Hoyt,Ayliffe,hayliffeo2@naver.com,Male,Parigi
02/03/2023,868,Tabbi,Langstone,tlangstoneo3@istockphoto.com,Female,Ladushkin
02/21/2023,869,Norry,Gelland,ngellando4@jugem.jp,Female,El Limon
01/05/2023,870,Yank,Dionsetto,ydionsettoo5@nature.com,Male,Aţ Ţawīlah
01/15/2023,871,Phebe,Chiplen,pchipleno6@earthlink.net,Female,Avellaneda
03/09/2023,872,Ruby,Wimms,rwimmso7@istockphoto.com,Female,Åby
02/03/2023,873,Melita,Mucklestone,mmucklestoneo8@aol.com,Female,Petrolina
01/01/2023,874,Hy,Ovenell,hovenello9@a8.net,Male,Huifa
03/17/2023,875,Gaspard,Polo,gpolooa@independent.co.uk,Male,Changlu
03/19/2023,876,Aurore,Stansall,astansallob@irs.gov,Female,Broto
04/10/2023,877,Vince,Blunsom,vblunsomoc@goo.gl,Male,Terong
02/23/2023,878,Olly,Pastor,opastorod@delicious.com,Female,Boissy-Saint-Léger
02/26/2023,879,Ashia,Santoro,asantorooe@usnews.com,Female,Hlusk
03/28/2023,880,Inglebert,Aldham,ialdhamof@sakura.ne.jp,Male,Alvand
01/18/2023,881,Stephanie,Gunning,sgunningog@tiny.cc,Female,Heku
02/10/2023,882,Mable,Niemetz,mniemetzoh@privacy.gov.au,Female,Jiangnan
04/06/2023,883,Paddy,Tribble,ptribbleoi@cargocollective.com,Male,Tandahimba
03/20/2023,884,Jeno,Jewkes,jjewkesoj@dedecms.com,Male,Liwale
02/15/2023,885,Win,Grinyer,wgrinyerok@toplist.cz,Male,Jiuxian
01/20/2023,886,Leilah,Surgeoner,lsurgeonerol@gov.uk,Polygender,Waiwejak
01/22/2023,887,Bill,Hagley,bhagleyom@spotify.com,Male,São Sebastião do Passé
01/10/2023,888,Gregg,Castelot,gcasteloton@mlb.com,Male,Dolní Čermná
03/25/2023,889,Rosabelle,Flobert,rflobertoo@paginegialle.it,Female,Maurisu
01/08/2023,890,Mandel,Rose,mroseop@opensource.org,Male,Pueblo Viejo
02/23/2023,891,Martino,Menis,mmenisoq@bloomberg.com,Male,Makoua
03/28/2023,892,Sammy,Thying,sthyingor@goodreads.com,Female,Keruguya
03/13/2023,893,Arlene,Adcock,aadcockos@bigcartel.com,Female,Baopukang
02/08/2023,894,Kahlil,Farington,kfaringtonot@reuters.com,Male,Plast
03/12/2023,895,Julieta,Hardcastle,jhardcastleou@vimeo.com,Female,Jalālpur
01/20/2023,896,Richie,Brierly,rbrierlyov@4shared.com,Male,Töysä
01/20/2023,897,Imogen,Attewell,iattewellow@netscape.com,Female,Balinad
04/02/2023,898,Bell,Spinello,bspinelloox@ft.com,Female,Rapas
03/28/2023,899,Bridie,Jolland,bjollandoy@pagesperso-orange.fr,Female,Nashville
02/02/2023,900,Thornton,Ablett,tablettoz@diigo.com,Male,Goúvai
03/24/2023,901,Sonnie,Speariett,sspeariettp0@chron.com,Female,Calçada
01/10/2023,902,Yurik,Friedlos,yfriedlosp1@sun.com,Male,Tver
01/07/2023,903,Roslyn,Tilt,rtiltp2@indiegogo.com,Genderfluid,Gubat
02/09/2023,904,Selestina,Britland,sbritlandp3@samsung.com,Female,Laohekou
01/04/2023,905,Carr,Dikels,cdikelsp4@phoca.cz,Male,Pesochnoye
02/01/2023,906,Gertrudis,Clarke-Williams,gclarkewilliamsp5@quantcast.com,Female,Malainen Luma
04/01/2023,907,Liuka,Buglass,lbuglassp6@themeforest.net,Non-binary,Namangan Shahri
02/20/2023,908,Harper,Alden,haldenp7@nytimes.com,Male,Shanjiang
01/10/2023,909,Brendin,Lebbern,blebbernp8@wp.com,Male,Bambuí
01/31/2023,910,Boniface,Souch,bsouchp9@furl.net,Male,Novyy Karachay
01/21/2023,911,Grove,Ionn,gionnpa@homestead.com,Male,Vale Boeiro
04/07/2023,912,Aurelie,Kingcote,akingcotepb@purevolume.com,Female,Święciechowa
04/03/2023,913,Jemmie,Banat,jbanatpc@lulu.com,Female,Mitzpe Ramon
03/31/2023,914,Montague,Cammomile,mcammomilepd@geocities.com,Male,Pyt-Yakh
02/13/2023,915,Raynell,Eva,revape@ucla.edu,Female,Shangyu
02/04/2023,916,Helenka,Jeffcoat,hjeffcoatpf@weebly.com,Female,Pasar
02/25/2023,917,Waverly,Pittock,wpittockpg@google.com,Male,Al Jabīn
02/20/2023,918,Joey,Galiford,jgalifordph@dot.gov,Female,Challhuahuacho
03/23/2023,919,Ellsworth,Droogan,edrooganpi@surveymonkey.com,Bigender,Kangān
04/15/2023,920,Brand,Kiljan,bkiljanpj@flavors.me,Male,Jojoima
04/10/2023,921,Allene,Tanti,atantipk@tamu.edu,Polygender,Pengbu
03/02/2023,922,Inglis,Oakwood,ioakwoodpl@wix.com,Male,Borūjen
03/09/2023,923,Nedi,Colaton,ncolatonpm@hugedomains.com,Female,Xinyan
04/09/2023,924,Daile,Curgenuer,dcurgenuerpn@psu.edu,Female,Glazov
02/11/2023,925,Ange,Childs,achildspo@oaic.gov.au,Male,Dobdoban
03/19/2023,926,Grover,Revie,greviepp@tamu.edu,Male,Połomia
04/05/2023,927,Dasi,Wreford,dwrefordpq@comsenz.com,Female,Parrita
01/01/2023,928,Tades,Repper,trepperpr@slashdot.org,Male,Shahe
03/15/2023,929,Durant,Brandom,dbrandomps@cmu.edu,Male,Zhob
01/27/2023,930,Lemmie,Adamsson,ladamssonpt@t.co,Male,Chengbei
01/19/2023,931,Haywood,Allett,hallettpu@china.com.cn,Genderfluid,Pirok
01/15/2023,932,Teena,Sambidge,tsambidgepv@hhs.gov,Female,Vila Ribeiro
03/22/2023,933,Ransom,Kohrs,rkohrspw@noaa.gov,Male,Tiflet
03/31/2023,934,Margret,Littleproud,mlittleproudpx@europa.eu,Female,Jämsänkoski
02/03/2023,935,Jori,Jay,jjaypy@goodreads.com,Female,Willowdale
01/02/2023,936,Sallyann,Giorgetti,sgiorgettipz@umich.edu,Female,Betioky
04/04/2023,937,Bryan,Blease,bbleaseq0@pcworld.com,Male,Pingyi
01/30/2023,938,Waylon,O'Hoey,wohoeyq1@ihg.com,Male,Barbosa
01/20/2023,939,Bary,Ketts,bkettsq2@oaic.gov.au,Male,Kedian
04/07/2023,940,Babb,Semiraz,bsemirazq3@jugem.jp,Genderfluid,Shiroi
03/07/2023,941,Billie,Radband,bradbandq4@nytimes.com,Male,Quxi
03/13/2023,942,Nerita,Athowe,nathoweq5@github.io,Agender,Longzhong
03/05/2023,943,Rene,Duesbury,rduesburyq6@symantec.com,Female,Shuibian
01/17/2023,944,Cordie,Sphinxe,csphinxeq7@goo.gl,Male,Zhangjiawo
01/15/2023,945,Anders,Gibbett,agibbettq8@hud.gov,Male,Aikmel
02/23/2023,946,Wolfie,Worssam,wworssamq9@reference.com,Male,Jianfeng
02/05/2023,947,Valaria,Solley,vsolleyqa@comcast.net,Female,Nantes
04/06/2023,948,Tawsha,Tall,ttallqb@go.com,Female,Seattle
03/08/2023,949,Trent,Allgood,tallgoodqc@squarespace.com,Male,Tekeli
01/21/2023,950,Delphine,Inwood,dinwoodqd@xing.com,Female,Libertad
04/06/2023,951,Tarrance,Pleass,tpleassqe@163.com,Male,Xiaolong
02/09/2023,952,Barnard,Shireff,bshireffqf@google.fr,Male,Belén de Umbría
01/04/2023,953,Lonee,Klezmski,lklezmskiqg@usda.gov,Female,Timiryazevskoye
04/04/2023,954,Boris,Pescud,bpescudqh@exblog.jp,Male,Tobias Barreto
02/18/2023,955,Monti,McCluskey,mmccluskeyqi@intel.com,Male,Xiahong
01/01/2023,956,Valenka,McCann,vmccannqj@admin.ch,Female,Zaoshi
02/02/2023,957,Wake,Boame,wboameqk@ucoz.ru,Male,Louta
03/08/2023,958,Erie,Lashmore,elashmoreql@hp.com,Male,Pentre
03/25/2023,959,Kimbra,Winthrop,kwinthropqm@utexas.edu,Female,Batiovo
01/30/2023,960,Elva,Goodwill,egoodwillqn@theglobeandmail.com,Female,Ostrów Lubelski
02/25/2023,961,Free,Greggor,fgreggorqo@ebay.co.uk,Male,Zhulebino
02/13/2023,962,Kevyn,Pesak,kpesakqp@mapquest.com,Non-binary,Jacksonville
03/22/2023,963,Daisi,Devigne,ddevigneqq@pagesperso-orange.fr,Female,La Punta
01/04/2023,964,Gwyneth,Dummigan,gdummiganqr@youtu.be,Genderfluid,Kuncen
04/09/2023,965,Pyotr,Skae,pskaeqs@skyrock.com,Male,Strelka
02/04/2023,966,Whitney,Brymham,wbrymhamqt@hp.com,Male,Angochi
01/08/2023,967,Bartram,Jina,bjinaqu@smh.com.au,Male,Lushan
04/16/2023,968,Iona,Doelle,idoelleqv@delicious.com,Female,Nanjie
04/07/2023,969,Kimberlyn,Grinyer,kgrinyerqw@bloglovin.com,Female,Sadabumi
03/16/2023,970,Theadora,Tabart,ttabartqx@wsj.com,Female,Barão de São Miguel
01/27/2023,971,Godfry,Lesper,glesperqy@cafepress.com,Male,Sabang
03/03/2023,972,Murray,Landrick,mlandrickqz@youku.com,Male,Santa Cruz
03/15/2023,973,Jamie,Hollebon,jhollebonr0@example.com,Female,Bukbatang
03/31/2023,974,Redford,Cattrall,rcattrallr1@indiatimes.com,Male,Colón
03/03/2023,975,Ferdie,Allridge,fallridger2@nasa.gov,Male,Libice nad Cidlinou
04/16/2023,976,Ashton,Croy,acroyr3@nasa.gov,Male,Mao’er
04/16/2023,977,Leslie,Aslen,laslenr4@tiny.cc,Female,Przystajń
02/03/2023,978,Elbertine,Phillpot,ephillpotr5@unesco.org,Female,Tuchomie
04/14/2023,979,Chrisy,Somner,csomnerr6@umn.edu,Male,Turka
01/13/2023,980,Annabella,Mapledoram,amapledoramr7@naver.com,Female,Naples
02/03/2023,981,Rabbi,Ellaway,rellawayr8@hexun.com,Male,Kuchurhan
01/13/2023,982,Tilda,Lupson,tlupsonr9@ca.gov,Female,Kirkton
03/03/2023,983,Pascal,Kindall,pkindallra@ucsd.edu,Male,Caen
04/01/2023,984,Wang,Matteris,wmatterisrb@weebly.com,Male,Ljusdal
01/18/2023,985,Gabe,Feldmesser,gfeldmesserrc@dagondesign.com,Male,Pesochnoye
02/12/2023,986,Dee,Habbema,dhabbemard@comcast.net,Female,San Sebastián
02/22/2023,987,Wilmette,Rydings,wrydingsre@eventbrite.com,Female,Jāsk
03/28/2023,988,Lisha,Bernhardsson,lbernhardssonrf@multiply.com,Female,Xiaopu
03/13/2023,989,Maximilianus,Kenington,mkeningtonrg@msn.com,Male,Baras
01/03/2023,990,Rube,MacVanamy,rmacvanamyrh@newsvine.com,Male,Huayuan
01/30/2023,991,Sophie,Van Der Vlies,svandervliesri@wikipedia.org,Genderqueer,Pinhão
01/11/2023,992,Jonathon,Ameer-Beg,jameerbegrj@fema.gov,Male,Mikhaylov
04/03/2023,993,Lucine,Churchyard,lchurchyardrk@joomla.org,Female,Stockholm
01/14/2023,994,Kort,Torrese,ktorreserl@cocolog-nifty.com,Male,Gastoúni
01/14/2023,995,Gloria,Gilding,ggildingrm@meetup.com,Female,Werota
02/27/2023,996,Keir,Wandtke,kwandtkern@posterous.com,Male,Zhongshu
02/01/2023,997,Cleon,Jorio,cjorioro@sphinn.com,Male,Gyangkar
02/11/2023,998,Nerti,Baribal,nbaribalrp@spotify.com,Female,Dasht-e Archī
03/26/2023,999,Giana,Scarratt,gscarrattrq@shinystat.com,Female,Banzão
02/25/2023,1000,Thedrick,Lamb-shine,tlambshinerr@huffingtonpost.com,Male,Yasynuvata
