created,id,first_name,last_name,email,gender,city
03/03/2023,1,Lyndsay,Goldine,lgoldine0@4shared.com,Female,Corupá
01/06/2023,2,Aubrey,Grushin,agrushin1@ocn.ne.jp,Non-binary,Donji Dobrić
02/20/2023,3,Rodolph,Wheeldon,rwheeldon2@1und1.de,Male,Shiren
03/03/2023,4,Winna,MacPherson,wmacpherson3@adobe.com,Female,Potrerillos
04/15/2023,5,Beret,Channon,bchannon4@msn.com,Female,Cut-cut Primero
03/14/2023,6,Daron,Drynan,ddrynan5@myspace.com,Female,Offenbach
02/17/2023,7,Robinette,Bogue,rbogue6@odnoklassniki.ru,Female,Dongyu
01/06/2023,8,Katharina,Wotherspoon,kwotherspoon7@guardian.co.uk,Female,Marseille
04/10/2023,9,Sutherlan,Gowanlock,sgowanlock8@latimes.com,Male,Abangay
04/11/2023,10,Gannon,Gareisr,ggareisr9@indiegogo.com,Male,Dashi
01/19/2023,11,Abey,Cater,acatera@pinterest.com,Male,Khoyniki
02/27/2023,12,Claudina,Garmon,cgarmonb@home.pl,Female,Drásov
01/02/2023,13,Will,Clappson,wclappsonc@omniture.com,Male,Changxing
01/10/2023,14,Hyatt,Paffitt,hpaffittd@java.com,Male,Göteborg
03/14/2023,15,Archibald,Gloyens,agloyense@imgur.com,Male,Rouen
03/13/2023,16,Mellicent,Gemlett,mgemlettf@imageshack.us,Genderfluid,Qal‘ah-ye Shāhī
03/30/2023,17,Hilton,Paszek,hpaszekg@dion.ne.jp,Polygender,Wengyang
03/26/2023,18,Winne,Starkie,wstarkieh@shutterfly.com,Female,Villeneuve-d'Ascq
03/24/2023,19,Daveen,Driffe,ddriffei@technorati.com,Female,Abomey-Calavi
03/07/2023,20,Jehanna,Wrigley,jwrigleyj@toplist.cz,Female,Kihancha
02/25/2023,21,Linea,Tuite,ltuitek@patch.com,Female,Ghāt
03/07/2023,22,Devan,Matthai,dmatthail@netlog.com,Female,Ta Khmau
03/31/2023,23,Jefferson,Whyffen,jwhyffenm@umn.edu,Male,Kuwayris Sharqī
03/03/2023,24,Bendix,Gon,bgonn@aboutads.info,Male,Shucheng Chengguanzhen
02/25/2023,25,Cathee,Bisterfeld,cbisterfeldo@yellowpages.com,Female,Hultsfred
01/28/2023,26,Petr,Trethowan,ptrethowanp@shop-pro.jp,Male,Zoushi
04/15/2023,27,Hailee,Devitt,hdevittq@cnet.com,Female,Patsi
03/13/2023,28,Gerda,Ropartz,gropartzr@symantec.com,Female,Breda
01/24/2023,29,Tristan,McDuffie,tmcduffies@altervista.org,Male,Yermish’
03/13/2023,30,Janice,Davys,jdavyst@boston.com,Female,Malandag
03/27/2023,31,Lesya,Berney,lberneyu@dell.com,Female,Adelaide Mail Centre
02/24/2023,32,Ann-marie,Geddes,ageddesv@nytimes.com,Female,Banhā
03/13/2023,33,Meredeth,Necolds,mnecoldsw@oracle.com,Polygender,Cheqiao
03/02/2023,34,Nicki,Brill,nbrillx@wikispaces.com,Female,Huayllati
03/23/2023,35,Harmonie,Ferriday,hferridayy@elegantthemes.com,Female,Bykivka
04/15/2023,36,Leonardo,Cradoc,lcradocz@elegantthemes.com,Male,Laguilayan
02/03/2023,37,Lefty,Featonby,lfeatonby10@discuz.net,Male,Houston
02/03/2023,38,Nappie,de Amaya,ndeamaya11@networkadvertising.org,Non-binary,Andrijaševci
02/27/2023,39,Otis,Tosdevin,otosdevin12@time.com,Male,Nyuksenitsa
01/17/2023,40,Ida,Cozins,icozins13@hao123.com,Female,Ilihan
02/23/2023,41,Towney,Stickney,tstickney14@tinypic.com,Male,Dedenëvo
03/04/2023,42,Thomas,Dodsworth,tdodsworth15@163.com,Male,Bogorame
04/15/2023,43,Aliza,Aristide,aaristide16@stumbleupon.com,Female,Karangturi
03/05/2023,44,Jarib,Bleas,jbleas17@over-blog.com,Male,Ransiki
03/16/2023,45,Willamina,Burk,wburk18@soundcloud.com,Genderqueer,Barcelona
02/24/2023,46,Raimund,Pinson,rpinson19@flavors.me,Male,Independencia
04/16/2023,47,Mariann,Grayley,mgrayley1a@people.com.cn,Female,Lyubeshiv
02/10/2023,48,Candice,Cawood,ccawood1b@flavors.me,Female,Daitou
02/04/2023,49,Maurizia,Ouchterlony,mouchterlony1c@prnewswire.com,Female,Londres
02/08/2023,50,Karmen,Melsom,kmelsom1d@so-net.ne.jp,Female,Delingha
04/09/2023,51,Verena,Abelevitz,vabelevitz1e@bravesites.com,Female,Staryy Dobrotvir
04/13/2023,52,Jesus,Alywin,jalywin1f@ucla.edu,Male,Lushan
03/24/2023,53,Vally,Havvock,vhavvock1g@51.la,Female,Qitao
02/17/2023,54,Licha,Hiddy,lhiddy1h@scientificamerican.com,Female,Lawrenceville
03/11/2023,55,Korrie,Sawers,ksawers1i@howstuffworks.com,Female,São Sebastião
01/12/2023,56,Conny,Wigelsworth,cwigelsworth1j@wiley.com,Male,Xinbu
03/31/2023,57,Dominick,Ohrtmann,dohrtmann1k@deliciousdays.com,Male,Barra
02/01/2023,58,Franny,Reeday,freeday1l@unc.edu,Female,Santiago de las Vegas
01/17/2023,59,Ewell,Constant,econstant1m@epa.gov,Male,Tanumshede
02/13/2023,60,Monti,Clemson,mclemson1n@myspace.com,Male,El Kef
01/02/2023,61,Guglielma,McKilroe,gmckilroe1o@yolasite.com,Female,Zagora
03/21/2023,62,Winny,Towersey,wtowersey1p@ovh.net,Male,Eksjö
02/14/2023,63,Alyosha,Esley,aesley1q@pcworld.com,Male,Shuanggang
03/20/2023,64,Ericka,Wavell,ewavell1r@thetimes.co.uk,Female,Yangmingbu
02/22/2023,65,Kalindi,Scinelli,kscinelli1s@psu.edu,Female,Niederwaldkirchen
03/15/2023,66,Latisha,McCrow,lmccrow1t@sogou.com,Genderqueer,Marília
04/13/2023,67,Stace,Naughton,snaughton1u@slashdot.org,Female,Klobuky
03/25/2023,68,Caleb,Papes,cpapes1v@economist.com,Male,Chenqing
02/05/2023,69,Francesco,Sreenan,fsreenan1w@webmd.com,Male,Baiyun
04/12/2023,70,Lexis,Fritter,lfritter1x@thetimes.co.uk,Genderqueer,Usogorsk
02/08/2023,71,Hillyer,Seefeldt,hseefeldt1y@uol.com.br,Male,Puente Nacional
03/08/2023,72,Ansell,Olliver,aolliver1z@japanpost.jp,Male,Beiquan
03/26/2023,73,Randal,Grevatt,rgrevatt20@phpbb.com,Male,Bekasi
02/10/2023,74,Lorianna,Burel,lburel21@dyndns.org,Genderfluid,Bu‘eina
01/06/2023,75,Adriane,Decort,adecort22@flickr.com,Bigender,Pengdian
03/18/2023,76,Luciano,Philcock,lphilcock23@about.me,Male,Chiguata
01/22/2023,77,Gennie,Lickess,glickess24@ucla.edu,Agender,Longra
04/06/2023,78,Harmonia,Karlolczak,hkarlolczak25@bigcartel.com,Female,Cikoneng
01/13/2023,79,Marrilee,Heppenspall,mheppenspall26@delicious.com,Female,Xilópolis
04/03/2023,80,Neddie,Queen,nqueen27@so-net.ne.jp,Male,Moryń
02/23/2023,81,Leontyne,Hasard,lhasard28@go.com,Female,Kogota
02/08/2023,82,Hillier,Ferns,hferns29@scribd.com,Male,Jinhua
03/25/2023,83,Amery,Fold,afold2a@weebly.com,Male,Hudong
03/10/2023,84,Filbert,Guys,fguys2b@zimbio.com,Male,Gul’cha
02/13/2023,85,Rad,Battisson,rbattisson2c@facebook.com,Male,Pilpichaca
03/10/2023,86,Banky,Metzig,bmetzig2d@toplist.cz,Male,Tours
02/26/2023,87,Bernie,Durnill,bdurnill2e@ted.com,Male,Alfta
04/08/2023,88,Norrie,Junkinson,njunkinson2f@1und1.de,Female,Ervedosa do Douro
02/28/2023,89,Rog,Whyteman,rwhyteman2g@digg.com,Male,Sa Kaeo
03/22/2023,90,Valentino,Castangia,vcastangia2h@washington.edu,Male,Drammen
01/05/2023,91,Aristotle,Evert,aevert2i@google.ru,Male,Yara
01/28/2023,92,Astrid,Caps,acaps2j@reverbnation.com,Genderqueer,Göteborg
04/03/2023,93,Amaleta,Toulch,atoulch2k@newsvine.com,Female,Nogoonnuur
04/05/2023,94,Shauna,Mitkcov,smitkcov2l@nps.gov,Female,Ban Thaen
03/10/2023,95,Davide,McDirmid,dmcdirmid2m@craigslist.org,Male,Hāsilpur
02/17/2023,96,Alys,Emmines,aemmines2n@tripadvisor.com,Female,Ditang
02/27/2023,97,Delmar,Gibson,dgibson2o@scribd.com,Male,Storuman
04/12/2023,98,Elissa,Waind,ewaind2p@1und1.de,Female,Thanh Nê
04/04/2023,99,Ram,Spread,rspread2q@soundcloud.com,Male,Najrān
02/08/2023,100,Kelli,Horbart,khorbart2r@blogtalkradio.com,Female,Trzebieszów
02/03/2023,101,Curtis,Pesticcio,cpesticcio2s@elegantthemes.com,Male,Guogan
01/28/2023,102,Bambi,Riccioppo,briccioppo2t@bloglines.com,Female,Revolucion
03/14/2023,103,Gloriana,Dome,gdome2u@google.com,Female,Palaiochóri
03/11/2023,104,Elora,Buttriss,ebuttriss2v@privacy.gov.au,Female,Pongol
01/10/2023,105,Rochelle,Minucci,rminucci2w@apache.org,Female,Taquari
04/13/2023,106,Orsa,Ducroe,oducroe2x@scientificamerican.com,Bigender,Kelungkung
04/08/2023,107,Brigid,Mulvey,bmulvey2y@oakley.com,Female,Aucallama
03/10/2023,108,Shannan,Terlinden,sterlinden2z@pinterest.com,Male,Polazna
02/05/2023,109,Dulcy,Skittrall,dskittrall30@forbes.com,Female,Venlo
01/07/2023,110,Krishna,Roberds,kroberds31@histats.com,Male,Gorobinci
02/13/2023,111,Carley,Triggol,ctriggol32@wunderground.com,Female,Koshki
03/12/2023,112,Gloria,Bang,gbang33@geocities.jp,Female,Heidelberg
03/24/2023,113,Gerardo,Darko,gdarko34@storify.com,Male,Buena Vista
04/09/2023,114,Janina,Culmer,jculmer35@columbia.edu,Female,Corralillo
03/29/2023,115,Victoria,Olivia,volivia36@facebook.com,Female,Carlton
03/21/2023,116,Colas,Courtois,ccourtois37@economist.com,Male,Shahkot
01/13/2023,117,Gayla,Cowe,gcowe38@baidu.com,Female,Hengxi
01/02/2023,118,Fletch,Airs,fairs39@dropbox.com,Male,Seremban
03/09/2023,119,Jamesy,McCurrie,jmccurrie3a@patch.com,Male,Raşad
01/17/2023,120,Aron,Spowage,aspowage3b@comcast.net,Male,Ruchihe
01/19/2023,121,Miltie,de Savery,mdesavery3c@creativecommons.org,Male,Yinji
03/21/2023,122,Ulric,Hayhoe,uhayhoe3d@uol.com.br,Male,Yanshi
03/24/2023,123,Alicea,Lloyd,alloyd3e@plala.or.jp,Female,Alikalia
03/14/2023,124,Mariejeanne,Ricciardi,mricciardi3f@spotify.com,Female,Qingshandi
02/15/2023,125,Langston,Jossel,ljossel3g@weibo.com,Male,Galapa
03/03/2023,126,Katharyn,Enrietto,kenrietto3h@weebly.com,Polygender,Bowang
03/05/2023,127,Hunfredo,Ruddin,hruddin3i@tripod.com,Male,Oudtshoorn
02/06/2023,128,Sibel,O'Crevy,socrevy3j@eventbrite.com,Female,Rehnān
01/24/2023,129,Jolynn,Dax,jdax3k@reverbnation.com,Female,El Quebrachal
03/15/2023,130,Celene,Correa,ccorrea3l@ed.gov,Agender,Kungsör
02/10/2023,131,Fianna,Mettericke,fmettericke3m@apache.org,Female,Cihideung Satu
02/17/2023,132,Pearle,Nel,pnel3n@reuters.com,Female,Lingyuan
03/12/2023,133,Brendin,Taffs,btaffs3o@tuttocitta.it,Male,Pag
02/23/2023,134,Duncan,Ziemsen,dziemsen3p@php.net,Male,Sankanan
01/22/2023,135,Andria,Ackerman,aackerman3q@amazonaws.com,Agender,Useldange
03/24/2023,136,Robinette,Barham,rbarham3r@themeforest.net,Female,Zongzhai
01/17/2023,137,Dixie,Gaspero,dgaspero3s@elegantthemes.com,Female,Hecun
01/13/2023,138,Anne,Jozwicki,ajozwicki3t@ft.com,Female,Pita
02/22/2023,139,Harper,Scandrett,hscandrett3u@cbslocal.com,Male,Bhakkar
02/22/2023,140,Thane,Dishmon,tdishmon3v@theatlantic.com,Polygender,Paraguaçu Paulista
04/16/2023,141,Sumner,Goodbourn,sgoodbourn3w@google.it,Male,Shuanglu
02/04/2023,142,Humberto,Leonida,hleonida3x@nydailynews.com,Genderqueer,Tarutung
01/29/2023,143,Payton,Chedgey,pchedgey3y@amazon.de,Male,Göteborg
02/21/2023,144,Ginelle,Lifton,glifton3z@friendfeed.com,Non-binary,Zubrzyca Dolna
04/09/2023,145,Jolene,Wollacott,jwollacott40@clickbank.net,Female,Barranquilla
04/03/2023,146,Rodrigo,Rigate,rrigate41@ehow.com,Male,Vyksa
03/07/2023,147,Ade,Veart,aveart42@economist.com,Male,Xinlong
02/13/2023,148,Zaria,Fenix,zfenix43@wiley.com,Female,Maisí
04/04/2023,149,Fallon,Hardwicke,fhardwicke44@cbsnews.com,Female,Nakusp
01/10/2023,150,Germaine,McIlveen,gmcilveen45@walmart.com,Male,Thị Trấn Thuận Châu
03/22/2023,151,Crosby,Dowrey,cdowrey46@apache.org,Male,Kuhmo
03/10/2023,152,Olivero,Allibone,oallibone47@arstechnica.com,Male,El Tambo
02/12/2023,153,Sonia,Clarkson,sclarkson48@archive.org,Female,Hailang
04/07/2023,154,Liam,Rizzillo,lrizzillo49@artisteer.com,Male,Huanxi
02/25/2023,155,Jacobo,Handrik,jhandrik4a@de.vu,Male,Stockholm
01/23/2023,156,Betti,Hedge,bhedge4b@weebly.com,Female,Krajan Kerjo
02/03/2023,157,Jazmin,Damrel,jdamrel4c@techcrunch.com,Female,Gīvī
03/07/2023,158,Petronille,Blunderfield,pblunderfield4d@discuz.net,Female,Datan
02/15/2023,159,Madelyn,Klos,mklos4e@reference.com,Female,Ríohacha
02/18/2023,160,Nissa,Martignoni,nmartignoni4f@google.it,Polygender,Yanino Vtoroye
01/29/2023,161,Chan,Tierney,ctierney4g@tmall.com,Male,Pingshi
02/16/2023,162,Brook,Vidgeon,bvidgeon4h@chron.com,Male,Achiaman
03/17/2023,163,Danila,Folan,dfolan4i@acquirethisname.com,Female,Khelyulya
01/22/2023,164,Godfree,Whitelock,gwhitelock4j@go.com,Male,Joaçaba
01/18/2023,165,Mandy,Hadny,mhadny4k@dmoz.org,Female,Jiuquan
02/05/2023,166,Toby,Brainsby,tbrainsby4l@printfriendly.com,Male,Āsasa
03/17/2023,167,Una,Saurat,usaurat4m@home.pl,Female,Molochnoye
04/01/2023,168,Jarrod,Luckett,jluckett4n@alibaba.com,Male,Chitose
02/02/2023,169,Merwin,Lucas,mlucas4o@live.com,Male,Donduşeni
01/15/2023,170,Henderson,Wardrope,hwardrope4p@qq.com,Male,Limassol
01/16/2023,171,Suzanne,Hyatt,shyatt4q@house.gov,Female,Hinapalanan
01/21/2023,172,Scarface,Compfort,scompfort4r@tumblr.com,Male,Honkajoki
03/11/2023,173,Billi,Westrope,bwestrope4s@plala.or.jp,Female,Leśna Podlaska
01/18/2023,174,Carley,Carvill,ccarvill4t@disqus.com,Genderfluid,Hecheng
02/05/2023,175,Idelle,Martino,imartino4u@disqus.com,Female,Kukur
02/19/2023,176,Gayler,Kennelly,gkennelly4v@reverbnation.com,Male,Herval
01/04/2023,177,Jeramey,Grummitt,jgrummitt4w@fc2.com,Male,Chinandega
01/20/2023,178,Morley,McCahill,mmccahill4x@redcross.org,Male,Zhemtala
02/15/2023,179,Harlan,Nyssens,hnyssens4y@linkedin.com,Male,Jargalant
02/05/2023,180,Marion,Scoffins,mscoffins4z@hatena.ne.jp,Female,Sidzina
01/28/2023,181,Riva,Ciciari,rciciari50@spiegel.de,Female,Helsingborg
02/16/2023,182,Rheba,Antoniades,rantoniades51@hatena.ne.jp,Female,Huacrapuquio
01/22/2023,183,Raddie,MacClay,rmacclay52@wiley.com,Male,Pan de Azúcar
03/27/2023,184,Lyon,Schaben,lschaben53@free.fr,Male,Dunkerque
04/08/2023,185,Geoffrey,Swarbrick,gswarbrick54@yahoo.co.jp,Male,Sambirata
04/02/2023,186,Corrianne,Klosa,cklosa55@flavors.me,Female,Lishu
03/02/2023,187,Guinevere,McAughtrie,gmcaughtrie56@slashdot.org,Female,Irupi
02/11/2023,188,Rheta,Hildrew,rhildrew57@youku.com,Female,Ciénaga
02/12/2023,189,Dori,Senett,dsenett58@tumblr.com,Female,Longyuanba
01/26/2023,190,Berny,Essel,bessel59@google.de,Male,Jinhua
04/06/2023,191,Zorine,Archbutt,zarchbutt5a@washington.edu,Female,Ciharalang
03/08/2023,192,Giacopo,Pietranek,gpietranek5b@wikia.com,Male,Labé
01/02/2023,193,Dorella,Gantzman,dgantzman5c@ocn.ne.jp,Female,Kedungwaru
02/09/2023,194,Dorian,Heake,dheake5d@cbc.ca,Male,La Victoria
01/09/2023,195,Jemima,Goane,jgoane5e@netvibes.com,Female,Morelos
02/25/2023,196,Karisa,Woollam,kwoollam5f@hao123.com,Female,Villa Alemana
01/22/2023,197,Ingar,Kembley,ikembley5g@youku.com,Male,Isiolo
02/01/2023,198,Hashim,Leyrroyd,hleyrroyd5h@businessinsider.com,Male,Byczyna
01/21/2023,199,Kit,Robelet,krobelet5i@mail.ru,Female,Luleå
02/17/2023,200,Emile,Cattle,ecattle5j@ted.com,Male,An Naşşārīyah
03/23/2023,201,Duky,Salsbury,dsalsbury5k@baidu.com,Male,Qiujia
03/28/2023,202,Bren,Kingerby,bkingerby5l@netlog.com,Male,Gostilitsy
03/18/2023,203,Llywellyn,Eberle,leberle5m@msn.com,Male,Narbonne
03/06/2023,204,Mellicent,Teesdale,mteesdale5n@cam.ac.uk,Female,Xarrë
01/10/2023,205,Kaitlin,Beakes,kbeakes5o@senate.gov,Female,Panambi
02/02/2023,206,Marga,Jacobowitz,mjacobowitz5p@bloomberg.com,Female,Vagos
01/17/2023,207,Carl,Hodgets,chodgets5q@meetup.com,Male,Oslo
01/14/2023,208,Edmon,Kingshott,ekingshott5r@state.gov,Male,Shuguang
01/16/2023,209,Dario,Toogood,dtoogood5s@wunderground.com,Male,Jankovec
03/19/2023,210,Mona,Capaldi,mcapaldi5t@comcast.net,Female,Dmytrivka
02/26/2023,211,Yard,Flisher,yflisher5u@fastcompany.com,Agender,Vanadjou
03/12/2023,212,Sallee,Blackley,sblackley5v@pagesperso-orange.fr,Female,Cipaku
02/20/2023,213,Griffith,Treagust,gtreagust5w@guardian.co.uk,Male,Guayaramerín
03/17/2023,214,Gareth,Oldham,goldham5x@163.com,Male,Takedamachi
03/21/2023,215,Mario,Jury,mjury5y@chicagotribune.com,Male,Uyuni
01/12/2023,216,Garrett,Klambt,gklambt5z@skype.com,Male,Zephyrhills
04/02/2023,217,Joyan,Domoni,jdomoni60@phoca.cz,Female,Melíssia
02/11/2023,218,Jandy,Hubbold,jhubbold61@independent.co.uk,Female,Lianga
02/27/2023,219,Aristotle,Lemmertz,alemmertz62@miitbeian.gov.cn,Male,Gorzyce
03/20/2023,220,Adelina,Conkling,aconkling63@cam.ac.uk,Female,Kushikino
04/13/2023,221,Leland,Briston,lbriston64@aboutads.info,Female,Chikola
03/13/2023,222,Idette,Duny,iduny65@sciencedirect.com,Female,Ulyanovsk
04/10/2023,223,Iona,Lammerich,ilammerich66@networksolutions.com,Female,Jiaohu
02/24/2023,224,Rosita,Havoc,rhavoc67@google.es,Non-binary,Potikosin
01/10/2023,225,Barret,Healey,bhealey68@instagram.com,Male,Dambořice
03/13/2023,226,Terry,McKerrow,tmckerrow69@cdc.gov,Female,Canauay
02/10/2023,227,Minny,Withrop,mwithrop6a@nature.com,Female,Uva
01/05/2023,228,Mikol,Reddington,mreddington6b@amazon.co.uk,Male,Shitong
01/07/2023,229,Arron,Kingsbury,akingsbury6c@nifty.com,Male,Pivovarikha
03/09/2023,230,Ailina,Phelit,aphelit6d@npr.org,Female,Rauco
01/07/2023,231,Afton,Whenham,awhenham6e@sakura.ne.jp,Female,Boise
02/03/2023,232,Erl,Athowe,eathowe6f@multiply.com,Male,Usuki
03/18/2023,233,Neala,Bomb,nbomb6g@tripadvisor.com,Female,Acaraú
04/16/2023,234,Binnie,Overnell,bovernell6h@china.com.cn,Female,Paraíso
01/02/2023,235,Roanna,Adamovsky,radamovsky6i@gnu.org,Female,Trail
01/07/2023,236,Garreth,Dyka,gdyka6j@elpais.com,Male,Madīnat Lab‘ūs
02/26/2023,237,Fulton,Bener,fbener6k@vkontakte.ru,Male,Baitu
03/13/2023,238,Helen,Netherclift,hnetherclift6l@earthlink.net,Female,Sanfins
02/22/2023,239,Bayard,Rimes,brimes6m@walmart.com,Male,Skoroszyce
03/31/2023,240,Pinchas,Meredyth,pmeredyth6n@gnu.org,Genderqueer,Vila
01/07/2023,241,Ewell,Daw,edaw6o@flavors.me,Male,Chalandrítsa
02/27/2023,242,Munroe,de Pinna,mdepinna6p@chicagotribune.com,Male,Ciputat
01/15/2023,243,Shay,Baggallay,sbaggallay6q@archive.org,Genderfluid,Entebbe
03/02/2023,244,Cahra,Gridley,cgridley6r@yelp.com,Polygender,Dorotea
02/09/2023,245,Shay,Ionesco,sionesco6s@php.net,Agender,Dalu
03/10/2023,246,Linzy,Rany,lrany6t@umich.edu,Female,Parfino
01/20/2023,247,Kakalina,Groves,kgroves6u@parallels.com,Female,Poyang
02/10/2023,248,Kathi,Pocock,kpocock6v@themeforest.net,Female,Soras
03/17/2023,249,Ginger,Syms,gsyms6w@yelp.com,Non-binary,Apače
04/14/2023,250,Fran,Pearde,fpearde6x@goodreads.com,Male,Old Harbour Bay
04/05/2023,251,Zorina,Glitherow,zglitherow6y@cbsnews.com,Female,El Cantón
01/11/2023,252,Emelyne,Carne,ecarne6z@dailymotion.com,Female,San Bernardino
02/26/2023,253,Lucita,Licari,llicari70@telegraph.co.uk,Female,São Pedro
02/14/2023,254,Garrett,Curmi,gcurmi71@seattletimes.com,Male,Apeldoorn
02/15/2023,255,Rodrick,Crowhurst,rcrowhurst72@slideshare.net,Male,Gävle
01/18/2023,256,Winna,Almack,walmack73@exblog.jp,Female,Oleszyce
03/02/2023,257,Filip,Yitzovicz,fyitzovicz74@mashable.com,Male,Lac La Biche
02/17/2023,258,Blake,Marthen,bmarthen75@qq.com,Female,Drajak
01/29/2023,259,Donovan,Balmer,dbalmer76@ning.com,Male,Taishanmiao
01/15/2023,260,Adolph,Lorey,alorey77@google.fr,Male,Kurnāz
04/01/2023,261,Alison,Gillicuddy,agillicuddy78@nih.gov,Non-binary,Sabandia
02/10/2023,262,Bear,Cordery,bcordery79@go.com,Male,Rattanaburi
04/12/2023,263,Reg,Gossage,rgossage7a@reuters.com,Male,Nouvelle France
01/29/2023,264,Cedric,Winkless,cwinkless7b@google.co.uk,Male,Paraíso
03/22/2023,265,Sean,Dilke,sdilke7c@engadget.com,Female,Morelos
02/26/2023,266,Zachery,Kell,zkell7d@simplemachines.org,Male,Catarman
03/08/2023,267,Dukey,Thonger,dthonger7e@washington.edu,Male,Paranaguá
03/08/2023,268,Charita,Arnaudet,carnaudet7f@hud.gov,Female,Flen
04/02/2023,269,Faith,Cawkwell,fcawkwell7g@linkedin.com,Female,Dobrica
01/21/2023,270,Nikolas,Greenalf,ngreenalf7h@com.com,Male,Hengshitang
02/18/2023,271,Marcelline,Schurig,mschurig7i@theglobeandmail.com,Female,Yangjiang
04/01/2023,272,Nicolea,Dorin,ndorin7j@cnbc.com,Female,Andrijevica
01/21/2023,273,Reider,Willerson,rwillerson7k@jiathis.com,Male,El Mida
04/14/2023,274,Alvan,Klossek,aklossek7l@163.com,Male,Manjo
01/26/2023,275,Jacenta,Findley,jfindley7m@list-manage.com,Female,Esmoriz
01/01/2023,276,Dan,Kensett,dkensett7n@yelp.com,Non-binary,Duwe
01/25/2023,277,Napoleon,Huguet,nhuguet7o@booking.com,Male,Gulao
01/07/2023,278,Dev,Ashpole,dashpole7p@baidu.com,Male,Loreto
03/14/2023,279,Jessey,O'Connolly,joconnolly7q@1und1.de,Male,Şuwayr
04/02/2023,280,Arvy,Winslow,awinslow7r@ezinearticles.com,Male,Bintulu
04/15/2023,281,Courtnay,Giottini,cgiottini7s@istockphoto.com,Female,Dengjiang
04/10/2023,282,Juliana,Lunge,jlunge7t@bravesites.com,Female,East Angus
04/01/2023,283,Niel,Mingotti,nmingotti7u@cnn.com,Male,Desa Gegempalan
04/11/2023,284,Townsend,Brockhouse,tbrockhouse7v@hud.gov,Male,Myasnikyan
02/16/2023,285,Reid,Woodburn,rwoodburn7w@shinystat.com,Male,Marelesu
01/24/2023,286,Cornell,Libreros,clibreros7x@amazon.co.jp,Male,Slobozia
02/12/2023,287,Tani,Pock,tpock7y@blogs.com,Female,Changchi
01/17/2023,288,Osborn,Truter,otruter7z@comcast.net,Male,Guaçuí
03/28/2023,289,Noella,McMillan,nmcmillan80@bravesites.com,Female,Huanglong
03/31/2023,290,Gayelord,Musselwhite,gmusselwhite81@feedburner.com,Male,Kalimeneng
02/01/2023,291,Rubi,Websdale,rwebsdale82@moonfruit.com,Female,Zhucun
03/05/2023,292,Emelia,Lafont,elafont83@trellian.com,Female,Agrela
03/22/2023,293,Marcus,Rablin,mrablin84@msn.com,Male,Rájec-Jestřebí
01/09/2023,294,Noby,Habens,nhabens85@si.edu,Male,Nice
02/05/2023,295,Sergei,Gurnell,sgurnell86@narod.ru,Male,Rājbirāj
01/26/2023,296,Cherri,Lampert,clampert87@nba.com,Female,Mingfeng
02/15/2023,297,Basile,Skamell,bskamell88@eventbrite.com,Male,Quba
01/18/2023,298,Rhianna,Howett,rhowett89@netlog.com,Female,Cikuda
03/08/2023,299,Zita,Chatburn,zchatburn8a@rakuten.co.jp,Female,Palhais
01/08/2023,300,Nalani,Kermitt,nkermitt8b@angelfire.com,Genderfluid,Novo-Nikol’skoye
04/07/2023,301,Aleta,Murr,amurr8c@nsw.gov.au,Female,Donabate
03/13/2023,302,Zulema,Bernadon,zbernadon8d@wunderground.com,Female,Tsiroanomandidy
01/11/2023,303,Tadio,Cardenosa,tcardenosa8e@icq.com,Male,Stuttgart
01/31/2023,304,Holly-anne,Scouller,hscouller8f@nbcnews.com,Female,Uppsala
02/12/2023,305,Pall,Tinmouth,ptinmouth8g@networksolutions.com,Male,Amahusu
04/11/2023,306,Liuka,Sutherden,lsutherden8h@biglobe.ne.jp,Female,Chai Nat
02/17/2023,307,Zacherie,Roblett,zroblett8i@quantcast.com,Male,Xiangrong
03/19/2023,308,Anjela,Fike,afike8j@vistaprint.com,Female,San Ignacio
01/28/2023,309,Oran,Kurdani,okurdani8k@paypal.com,Male,Alcaria
01/11/2023,310,Helyn,Pettigree,hpettigree8l@123-reg.co.uk,Female,Owando
01/28/2023,311,Elia,Queripel,equeripel8m@gov.uk,Male,Tomay Kichwa
03/02/2023,312,Zea,Lanphere,zlanphere8n@mtv.com,Female,Boé
01/13/2023,313,Merwyn,Guillot,mguillot8o@phpbb.com,Male,Liushan
03/15/2023,314,Ninnetta,Roddick,nroddick8p@photobucket.com,Female,San Martín
02/15/2023,315,Hamnet,Vasilkov,hvasilkov8q@reverbnation.com,Bigender,Baofeng
01/30/2023,316,Kev,Bewley,kbewley8r@163.com,Male,Novomoskovsk
03/24/2023,317,Marjory,Grundell,mgrundell8s@friendfeed.com,Female,Mengdadazhuang
01/03/2023,318,Carmencita,Fetters,cfetters8t@infoseek.co.jp,Female,Jixian
01/10/2023,319,Knox,Crewe,kcrewe8u@latimes.com,Male,Kwangyang
03/16/2023,320,Carola,Ledram,cledram8v@wsj.com,Female,Yanling
01/06/2023,321,Keelby,McLean,kmclean8w@examiner.com,Male,Dharān Bāzār
04/02/2023,322,Morgan,Settle,msettle8x@google.com.au,Male,Changgang
04/01/2023,323,Trenna,Scrace,tscrace8y@skyrock.com,Female,Pedregulho
04/03/2023,324,Gusta,Zohrer,gzohrer8z@blogger.com,Female,Toutai
04/12/2023,325,Alick,Balbeck,abalbeck90@dell.com,Male,Manikchari
01/21/2023,326,Penny,Stother,pstother91@ovh.net,Female,Pengwan
03/30/2023,327,Juieta,Shovelbottom,jshovelbottom92@rambler.ru,Female,Xilu
01/07/2023,328,Deloria,Sheriff,dsheriff93@npr.org,Female,Torres Novas
02/26/2023,329,Antoinette,Durie,adurie94@jimdo.com,Female,Lyon
03/09/2023,330,Orv,Baukham,obaukham95@paypal.com,Male,Gotse Delchev
01/23/2023,331,Delphinia,Laye,dlaye96@4shared.com,Female,Bojszowy Nowe
02/20/2023,332,Tomaso,Adey,tadey97@hostgator.com,Male,São João
02/13/2023,333,Emilia,Wisden,ewisden98@who.int,Female,Pacora
04/07/2023,334,Wittie,Farfolomeev,wfarfolomeev99@flickr.com,Non-binary,Quipot
01/27/2023,335,Jeanie,Towson,jtowson9a@pinterest.com,Female,Gavinhos de Baixo
02/07/2023,336,Berkley,Pitson,bpitson9b@amazon.co.jp,Male,Ciudad Arce
03/01/2023,337,Britt,Chafer,bchafer9c@symantec.com,Female,Imrīsh
03/11/2023,338,Sarine,Belton,sbelton9d@dagondesign.com,Female,La Tinguiña
04/01/2023,339,Karina,Dering,kdering9e@nationalgeographic.com,Bigender,Cauayan
01/04/2023,340,Derby,Handslip,dhandslip9f@amazon.com,Male,Nantes
04/08/2023,341,Marylynne,Pady,mpady9g@rakuten.co.jp,Female,Kraljevo
01/16/2023,342,Rosalie,Climson,rclimson9h@wisc.edu,Female,Avignon
02/09/2023,343,Reg,Pimblett,rpimblett9i@omniture.com,Male,Nurlat
04/07/2023,344,Mauricio,Dukelow,mdukelow9j@joomla.org,Male,Ouahigouya
01/25/2023,345,Clevie,Webberley,cwebberley9k@sohu.com,Genderfluid,La Jagua de Ibirico
03/22/2023,346,Aeriel,Guerner,aguerner9l@ezinearticles.com,Female,Craigavon
02/24/2023,347,Jason,Sabberton,jsabberton9m@weibo.com,Agender,Quankou
01/03/2023,348,Aretha,Rainford,arainford9n@google.com.hk,Female,Jiangnan
03/22/2023,349,Elvera,Gives,egives9o@dropbox.com,Female,Estevan
01/30/2023,350,Bret,Terron,bterron9p@multiply.com,Male,Manaoag
02/12/2023,351,Lynn,Costen,lcosten9q@wordpress.com,Male,Kalianget
04/03/2023,352,Reynard,Kepling,rkepling9r@canalblog.com,Male,Oslo
01/12/2023,353,Madelin,Gidley,mgidley9s@usnews.com,Female,Kruhlaye
03/17/2023,354,Baron,Myrick,bmyrick9t@bravesites.com,Male,Tbêng Méanchey
01/25/2023,355,Persis,Balaisot,pbalaisot9u@smh.com.au,Female,Kembang
01/17/2023,356,Kaitlin,Kendred,kkendred9v@zdnet.com,Female,Ramotswa
01/05/2023,357,Lettie,Lingfoot,llingfoot9w@soundcloud.com,Female,Wajak
04/03/2023,358,Montgomery,Feighry,mfeighry9x@blogs.com,Male,Yangjia
03/20/2023,359,Jeanne,Joscelyne,jjoscelyne9y@china.com.cn,Female,Kristianstad
03/21/2023,360,Nathanil,Rothert,nrothert9z@xing.com,Male,Pavino
02/28/2023,361,Jannel,Bovis,jbovisa0@merriam-webster.com,Female,Cilentung
03/02/2023,362,Terra,Haugh,thaugha1@hud.gov,Female,Sammatti
02/06/2023,363,Jamaal,Tertre,jtertrea2@yandex.ru,Male,Sveg
01/29/2023,364,Thekla,Raselles,trasellesa3@dailymail.co.uk,Female,Zhayang
03/06/2023,365,Cristabel,Eastway,ceastwaya4@wikimedia.org,Genderqueer,Hampton
02/16/2023,366,Gregg,Matchell,gmatchella5@opensource.org,Male,Hai Riêng
02/05/2023,367,Codi,Banke,cbankea6@jimdo.com,Male,Kafachan
02/16/2023,368,Alanah,Mardoll,amardolla7@posterous.com,Female,São José dos Campos
01/25/2023,369,Jesse,Widdison,jwiddisona8@nationalgeographic.com,Male,Torzhok
02/02/2023,370,Wes,Behrens,wbehrensa9@tmall.com,Male,Guomaying
04/01/2023,371,Kelly,Milmoe,kmilmoeaa@blinklist.com,Male,Tondano
02/08/2023,372,Cobby,Akid,cakidab@google.com.br,Male,Chastyye
03/17/2023,373,Katrinka,Bramham,kbramhamac@phpbb.com,Female,Ishiki
04/14/2023,374,Randa,Evitt,revittad@boston.com,Female,San Jose
03/12/2023,375,Skipton,Clamp,sclampae@youtu.be,Genderfluid,Waihibar
01/28/2023,376,Vivyanne,Goodley,vgoodleyaf@ft.com,Female,Kissimmee
03/11/2023,377,Carmine,McCreedy,cmccreedyag@who.int,Male,Chita
03/26/2023,378,Cara,Marioneau,cmarioneauah@hud.gov,Bigender,Sijunjung
03/19/2023,379,Lanie,Peagram,lpeagramai@yale.edu,Male,Shanxia
03/16/2023,380,Hamish,Colbridge,hcolbridgeaj@gmpg.org,Male,Eauripik
02/19/2023,381,Germain,Purbrick,gpurbrickak@meetup.com,Female,Bujanovac
02/22/2023,382,Ian,Nairn,inairnal@163.com,Male,Huacapampa
03/21/2023,383,Hal,Garrud,hgarrudam@who.int,Male,Pampas
04/04/2023,384,Reidar,Thaxter,rthaxteran@pcworld.com,Male,Little Current
01/26/2023,385,Dehlia,Kinig,dkinigao@ibm.com,Female,Černožice
01/04/2023,386,Eb,Jakubowicz,ejakubowiczap@ocn.ne.jp,Male,Sanok
03/20/2023,387,Fredric,Harverson,fharversonaq@technorati.com,Non-binary,Zoumi
03/23/2023,388,Simon,Serjeantson,sserjeantsonar@delicious.com,Male,Chalaco
04/04/2023,389,Lynne,Simonin,lsimoninas@whitehouse.gov,Female,Marinilla
03/06/2023,390,Norbert,Challen,nchallenat@pagesperso-orange.fr,Male,Frampol
01/08/2023,391,Ange,Tomaszynski,atomaszynskiau@pcworld.com,Male,Ōi
04/07/2023,392,Roxane,Gladwell,rgladwellav@fastcompany.com,Female,Hoogeveen
01/27/2023,393,Ced,Astridge,castridgeaw@utexas.edu,Male,Krajan
02/04/2023,394,Giraud,Meikle,gmeikleax@wikia.com,Polygender,Néa Karyá
02/18/2023,395,Elna,Kaygill,ekaygillay@arizona.edu,Female,Myski
03/08/2023,396,Kelley,Ridgewell,kridgewellaz@squarespace.com,Male,Bayaguana
03/07/2023,397,Silas,Shevelin,sshevelinb0@china.com.cn,Male,Rontu
03/02/2023,398,Ilysa,Zealy,izealyb1@cbsnews.com,Female,Ashiya
03/23/2023,399,Maryann,Scammell,mscammellb2@gov.uk,Female,Salzburg
01/18/2023,400,Pierette,Peters,ppetersb3@arizona.edu,Female,Ubaitaba
03/06/2023,401,Whitney,Monck,wmonckb4@g.co,Female,Psary
02/22/2023,402,Jerry,La Padula,jlapadulab5@businesswire.com,Genderqueer,Zaoshi
03/11/2023,403,Katti,Stilling,kstillingb6@networksolutions.com,Female,Kyperoúnta
04/07/2023,404,Jean,Ainslee,jainsleeb7@constantcontact.com,Male,Vũng Tàu
01/13/2023,405,Daloris,Langtry,dlangtryb8@alexa.com,Female,Dongxing
02/26/2023,406,Tab,Ebbitt,tebbittb9@tmall.com,Male,Chengfeng
03/22/2023,407,Delcina,Annable,dannableba@addthis.com,Female,Bolaoit
03/26/2023,408,Rory,Guidotti,rguidottibb@quantcast.com,Male,Yurla
03/30/2023,409,Cherilynn,Pelz,cpelzbc@archive.org,Female,Tulyushka
02/16/2023,410,Lindsy,Gyorffy,lgyorffybd@redcross.org,Female,Hecun
02/24/2023,411,Charlean,Hartgill,chartgillbe@plala.or.jp,Female,Kalamáta
01/28/2023,412,Allix,Feld,afeldbf@csmonitor.com,Female,Xiamayu
02/27/2023,413,Frazer,Annion,fannionbg@telegraph.co.uk,Male,Kampong Speu
04/09/2023,414,Morganne,MacEnelly,mmacenellybh@themeforest.net,Female,Majāz al Bāb
02/08/2023,415,Gran,MacNamee,gmacnameebi@com.com,Male,Butterworth
01/07/2023,416,Xenia,Westmore,xwestmorebj@smh.com.au,Female,San Vicente
03/31/2023,417,Jessalyn,Drewett,jdrewettbk@dion.ne.jp,Female,Jiangcun
02/18/2023,418,Mayer,Beresford,mberesfordbl@marriott.com,Male,Presnenskiy
02/09/2023,419,Pansie,O'Canavan,pocanavanbm@dedecms.com,Female,Wushi
02/25/2023,420,Emmie,Spriggin,esprigginbn@creativecommons.org,Female,Gunungkencana
03/25/2023,421,Fabien,Hawtry,fhawtrybo@vimeo.com,Male,Sísion
03/17/2023,422,Broddie,Samper,bsamperbp@google.ca,Male,Xikou
01/12/2023,423,Star,Jeandon,sjeandonbq@discovery.com,Female,Khlung
01/30/2023,424,Ringo,Suttell,rsuttellbr@irs.gov,Male,Akunk’
01/23/2023,425,Ansell,Edmondson,aedmondsonbs@printfriendly.com,Male,Glubokiy
01/20/2023,426,Araldo,Veneur,aveneurbt@seesaa.net,Male,Orong
03/04/2023,427,Kylen,Fumagallo,kfumagallobu@slideshare.net,Female,Rychnov nad Kněžnou
04/11/2023,428,Gaelan,O'Shiel,goshielbv@google.com.au,Male,Lewolere
01/02/2023,429,Mateo,Hartgill,mhartgillbw@usda.gov,Male,Nalbandyan
02/01/2023,430,Lindsey,Benning,lbenningbx@myspace.com,Male,Áyioi Apóstoloi
01/17/2023,431,Jehanna,Varcoe,jvarcoeby@ow.ly,Genderqueer,Windsor
03/25/2023,432,Agnese,Ladon,aladonbz@dot.gov,Female,Yingcheng
02/09/2023,433,Derrek,Huet,dhuetc0@xing.com,Male,Batelov
04/07/2023,434,Mirelle,Patkin,mpatkinc1@loc.gov,Female,Xinmin
04/02/2023,435,Demott,Stranio,dstranioc2@washington.edu,Male,Cayambe
01/16/2023,436,Regine,Knath,rknathc3@nifty.com,Female,Inari
02/20/2023,437,Bondie,Arndell,barndellc4@yandex.ru,Male,Biaoxi
01/07/2023,438,Shelley,Ordish,sordishc5@columbia.edu,Female,Chãos
03/29/2023,439,Emlyn,Peeter,epeeterc6@newsvine.com,Male,Xiting
04/14/2023,440,Leela,Gritland,lgritlandc7@ehow.com,Female,Garwolin
01/17/2023,441,Devlen,Iverson,diversonc8@nhs.uk,Male,Três Pontas
02/05/2023,442,Ferdinanda,Bertie,fbertiec9@usgs.gov,Female,Dizhai
01/15/2023,443,Kevina,Mepham,kmephamca@stanford.edu,Female,Pan de Azúcar
03/09/2023,444,Marcelia,McHardy,mmchardycb@wunderground.com,Female,Kalāt
04/03/2023,445,Dorolice,Ritchard,dritchardcc@wsj.com,Female,Bigaa
04/07/2023,446,Howard,Crucitti,hcrucitticd@elegantthemes.com,Male,Valka
02/20/2023,447,Albertina,Shakesbye,ashakesbyece@foxnews.com,Female,Shirone
02/19/2023,448,Jermain,Helks,jhelkscf@nbcnews.com,Male,São Luiz Gonzaga
02/26/2023,449,Israel,Houtbie,ihoutbiecg@ucoz.com,Male,Žalec
03/30/2023,450,Thomasina,Mander,tmanderch@ovh.net,Female,Bagani
01/04/2023,451,Rori,Reinert,rreinertci@google.cn,Female,Kołczygłowy
04/13/2023,452,Fredra,Greetham,fgreethamcj@umn.edu,Female,Butterworth
04/09/2023,453,Loren,Hobgen,lhobgenck@paginegialle.it,Female,Pogwizdów
03/13/2023,454,Lorinda,Pineaux,lpineauxcl@seattletimes.com,Female,Homa Bay
03/14/2023,455,Lorette,Adcocks,ladcockscm@trellian.com,Female,Paris 19
02/13/2023,456,Enrico,Werndley,ewerndleycn@naver.com,Male,Pursat
01/15/2023,457,Josee,Rysdale,jrysdaleco@etsy.com,Female,Demerval Lobão
01/08/2023,458,Bronny,Extence,bextencecp@state.gov,Male,Caen
03/16/2023,459,Sergent,Biddiss,sbiddisscq@cnbc.com,Male,Wahai
01/14/2023,460,Harriett,Bonhan,hbonhancr@smugmug.com,Female,Buriti Alegre
04/01/2023,461,Calida,Filipczynski,cfilipczynskics@ow.ly,Female,Malaga
03/31/2023,462,Allx,Icke,aickect@auda.org.au,Female,Jiquilillo
03/31/2023,463,Ansell,Pitchers,apitcherscu@istockphoto.com,Male,Qabaqçöl
03/14/2023,464,Annamarie,Ilyenko,ailyenkocv@netvibes.com,Female,Patía
01/04/2023,465,Melania,Faragher,mfaraghercw@elpais.com,Female,Tagasilay
02/01/2023,466,Veda,Storkes,vstorkescx@myspace.com,Female,Tullyallen
04/04/2023,467,Lisle,Whorf,lwhorfcy@ebay.co.uk,Male,Ranot
03/22/2023,468,Melessa,Cammock,mcammockcz@springer.com,Female,Boljevci
03/27/2023,469,Davine,Dungate,ddungated0@theglobeandmail.com,Non-binary,Souillac
01/09/2023,470,Morganica,MacDiarmid,mmacdiarmidd1@about.me,Female,Dubti
01/12/2023,471,Fidelia,Johananoff,fjohananoffd2@tripod.com,Female,Tlumačov
04/10/2023,472,Ariadne,Andriveau,aandriveaud3@economist.com,Female,Ilandža
04/12/2023,473,Gayler,Barkshire,gbarkshired4@dedecms.com,Male,Qingliu
04/05/2023,474,Minnaminnie,Lorraine,mlorrained5@dagondesign.com,Female,Pajo
01/26/2023,475,Nil,Deaton,ndeatond6@liveinternet.ru,Male,Kuala Terengganu
02/12/2023,476,Terencio,Pollendine,tpollendined7@home.pl,Male,‘Ayn al Bayḑā
02/24/2023,477,Rik,Golsthorp,rgolsthorpd8@accuweather.com,Male,Chengjiao
01/20/2023,478,Judi,Bamfield,jbamfieldd9@examiner.com,Female,Nan’an
02/19/2023,479,Tabbatha,Rowsell,trowsellda@live.com,Female,Dno
04/14/2023,480,Lacy,Quinnell,lquinnelldb@nyu.edu,Female,Dajin
02/16/2023,481,Dian,Dreng,ddrengdc@ted.com,Female,Blagoevgrad
01/15/2023,482,Jamima,Deabill,jdeabilldd@w3.org,Female,Tía Juana
01/28/2023,483,Rozina,Bradnocke,rbradnockede@samsung.com,Female,Saint-Maurice-l'Exil
04/07/2023,484,Aldin,Ayree,aayreedf@goo.gl,Male,Sembabule
02/21/2023,485,Raynor,Croome,rcroomedg@boston.com,Male,Lgota Wielka
03/30/2023,486,Bessy,Matoshin,bmatoshindh@umn.edu,Female,Duboka
03/22/2023,487,Maridel,Blenkinsop,mblenkinsopdi@jimdo.com,Non-binary,Ingersoll
01/02/2023,488,Robbyn,Quiddington,rquiddingtondj@gizmodo.com,Non-binary,Símantra
01/17/2023,489,Mead,Stocky,mstockydk@hatena.ne.jp,Male,Dongting
04/12/2023,490,Leela,Ruselin,lruselindl@angelfire.com,Female,Springfield
01/20/2023,491,Berti,Steers,bsteersdm@walmart.com,Male,Guimba
02/05/2023,492,Maynord,Romi,mromidn@vk.com,Male,Kyzyl-Oktyabr’skiy
04/15/2023,493,Marquita,Thurstance,mthurstancedo@microsoft.com,Female,Tabanan
04/06/2023,494,Mayor,Whether,mwhetherdp@shareasale.com,Male,Changmaoling
03/10/2023,495,Weider,Schubuser,wschubuserdq@columbia.edu,Male,Srebrenik
01/20/2023,496,Flossy,Drinan,fdrinandr@google.co.jp,Female,Anulid
01/28/2023,497,Gwendolin,Stonall,gstonallds@newyorker.com,Female,Ventspils
01/25/2023,498,Trace,Balcock,tbalcockdt@printfriendly.com,Male,Campo de la Cruz
01/30/2023,499,Towney,Topes,ttopesdu@dailymotion.com,Non-binary,Emiliano Zapata
02/27/2023,500,Mercie,McVrone,mmcvronedv@craigslist.org,Female,Shinjō
04/01/2023,501,Caitlin,Calltone,ccalltonedw@squarespace.com,Female,Linköping
03/09/2023,502,Josias,McKane,jmckanedx@businessweek.com,Male,Vitry-le-François
03/26/2023,503,Wanids,Batrip,wbatripdy@uol.com.br,Female,Pärnu-Jaagupi
01/27/2023,504,Griffy,Rubke,grubkedz@oaic.gov.au,Male,Brest
04/09/2023,505,Dave,Varren,dvarrene0@google.com.br,Male,Krivyanskaya
02/18/2023,506,Daisy,Smorfit,dsmorfite1@deliciousdays.com,Female,Stamford
02/10/2023,507,Northrup,Edginton,nedgintone2@dot.gov,Male,Nagpandayan
01/17/2023,508,Wade,Long,wlonge3@cam.ac.uk,Male,Júlio de Castilhos
03/15/2023,509,Teodorico,Ibanez,tibaneze4@unblog.fr,Male,San Francisco
02/10/2023,510,Sloan,Wyatt,swyatte5@washingtonpost.com,Male,Muara Dua
03/02/2023,511,Berry,Sheron,bsherone6@apache.org,Female,Sharga
03/30/2023,512,Shalne,Adamsson,sadamssone7@ask.com,Female,Södertälje
03/17/2023,513,Maurise,Tighe,mtighee8@nasa.gov,Male,Sigma
03/21/2023,514,Hannis,Sancias,hsanciase9@stanford.edu,Female,Leicheng
02/04/2023,515,Nye,Dougher,ndougherea@netscape.com,Male,Rivas
02/13/2023,516,Michell,Perel,mpereleb@imdb.com,Female,Ea Drăng
03/29/2023,517,Faulkner,Bouchard,fbouchardec@t-online.de,Male,Lusambo
03/14/2023,518,Kristoforo,Huish,khuished@narod.ru,Male,Jīsh
01/22/2023,519,Bunni,Zorzini,bzorziniee@symantec.com,Female,Cete
04/13/2023,520,Dinnie,MacNalley,dmacnalleyef@quantcast.com,Female,Virje
03/30/2023,521,Reece,Lago,rlagoeg@netvibes.com,Male,Ancenis
01/20/2023,522,Madison,Koppen,mkoppeneh@hostgator.com,Male,Damao
02/01/2023,523,Amandi,Hempshall,ahempshallei@g.co,Female,Karang Kulon
02/21/2023,524,Iorgo,Mosson,imossonej@gnu.org,Male,Mandalasari
03/12/2023,525,Anett,Porritt,aporrittek@studiopress.com,Female,Jeremi
02/12/2023,526,Chris,Muckersie,cmuckersieel@tamu.edu,Male,Baltimore
01/13/2023,527,Elwira,Paszak,epaszakem@clickbank.net,Female,Kitapak
04/04/2023,528,Gwenni,Mobius,gmobiusen@storify.com,Female,Xizhong
01/01/2023,529,Estell,Parres,eparreseo@intel.com,Female,Diriamba
02/16/2023,530,Ronny,Dennerley,rdennerleyep@dell.com,Female,Kangping
03/24/2023,531,Sasha,Conibere,sconibereeq@soundcloud.com,Genderfluid,Yanwang
03/12/2023,532,Emelyne,Greenstock,egreenstocker@cocolog-nifty.com,Female,Malausma Kidul
03/19/2023,533,Ruthy,Goldring,rgoldringes@goo.gl,Female,Witihama
04/08/2023,534,Opalina,Warstall,owarstallet@barnesandnoble.com,Female,Xintian
04/03/2023,535,Myrah,Janous,mjanouseu@alibaba.com,Female,Naranjal
01/07/2023,536,Theodore,Tour,ttourev@linkedin.com,Male,Novyy Oskol
01/21/2023,537,Hilly,Topling,htoplingew@ucla.edu,Male,Sigeng
03/28/2023,538,Florian,Mintoff,fmintoffex@de.vu,Male,Konakridee
02/06/2023,539,Crosby,Strase,cstraseey@cam.ac.uk,Male,Chişinău
04/11/2023,540,Shelly,Kettley,skettleyez@com.com,Female,Caldas da Felgueira
01/13/2023,541,Berky,Studman,bstudmanf0@ox.ac.uk,Male,Koukkuniemi
03/21/2023,542,Georgena,Bagott,gbagottf1@quantcast.com,Female,Kinmparana
01/30/2023,543,Tandy,O'Shiels,toshielsf2@jigsy.com,Female,Novais
02/14/2023,544,Kevan,McGenis,kmcgenisf3@comsenz.com,Male,Tomilino
01/22/2023,545,Veda,Semon,vsemonf4@google.com.hk,Female,Longhe
02/13/2023,546,Stephen,Guymer,sguymerf5@hhs.gov,Male,Tha Wang Pha
01/25/2023,547,Nicola,Crowest,ncrowestf6@feedburner.com,Male,Casais Baleal
02/20/2023,548,Allys,Tattershaw,atattershawf7@sun.com,Female,Nynäshamn
01/02/2023,549,Sylas,Moogan,smooganf8@reference.com,Male,Faleula
02/27/2023,550,Carmine,Lehemann,clehemannf9@bandcamp.com,Female,Alvaiázere
02/02/2023,551,Jess,Golley,jgolleyfa@dell.com,Male,Lemland
02/18/2023,552,Austen,Abrashkin,aabrashkinfb@hud.gov,Male,Bayrachky
03/06/2023,553,Care,Itzkovwich,citzkovwichfc@zdnet.com,Male,Jianggao
02/06/2023,554,Zachery,Shrawley,zshrawleyfd@ox.ac.uk,Male,Bāqim as Sūq
03/20/2023,555,Braden,Bousquet,bbousquetfe@irs.gov,Male,Uinskoye
01/04/2023,556,Antoine,Croot,acrootff@mayoclinic.com,Polygender,Paços de Ferreira
01/29/2023,557,Sloane,Streeton,sstreetonfg@stumbleupon.com,Male,Selat
03/02/2023,558,Britta,Nicklinson,bnicklinsonfh@51.la,Female,Chigoré
02/22/2023,559,Erna,O'Dee,eodeefi@cpanel.net,Female,Pamoyanan
03/11/2023,560,Cooper,Moizer,cmoizerfj@phpbb.com,Male,Marseille
04/04/2023,561,Willa,Carne,wcarnefk@virginia.edu,Female,Huangdu
01/31/2023,562,Waylan,Deinhardt,wdeinhardtfl@mayoclinic.com,Male,Moriyama
01/21/2023,563,Hugibert,Mullin,hmullinfm@unicef.org,Male,Zhangcun
01/13/2023,564,Danila,Timny,dtimnyfn@irs.gov,Female,Idritsa
03/19/2023,565,Myca,Dando,mdandofo@ning.com,Male,Chegdomyn
01/19/2023,566,Thaddus,Radin,tradinfp@trellian.com,Male,Yenangyaung
02/10/2023,567,Hamil,O'Griffin,hogriffinfq@ask.com,Male,Haveliān
01/30/2023,568,Friedrich,Izzatt,fizzattfr@youtube.com,Male,Rongxi
01/28/2023,569,Christophorus,Treasaden,ctreasadenfs@intel.com,Male,Tianzhu
02/06/2023,570,Gay,Hampshire,ghampshireft@youku.com,Female,Tabia
03/21/2023,571,Tillie,Chandlar,tchandlarfu@slideshare.net,Female,Wum
03/28/2023,572,Chandra,Blazhevich,cblazhevichfv@imageshack.us,Female,Kertahayu
01/17/2023,573,Orren,Keuneke,okeunekefw@salon.com,Genderfluid,Boliney
01/08/2023,574,Solomon,Pinnere,spinnerefx@furl.net,Male,Tagta
04/04/2023,575,Bruno,Snellman,bsnellmanfy@smugmug.com,Male,Debre Mark’os
02/06/2023,576,Katti,Legat,klegatfz@dot.gov,Female,Polel Diaoubé
01/05/2023,577,Rhodie,Landeg,rlandegg0@shutterfly.com,Female,Palmital
03/27/2023,578,Dedra,Filippone,dfilipponeg1@alexa.com,Female,Ying’ebu
03/15/2023,579,Thomasa,Jendrys,tjendrysg2@washingtonpost.com,Female,Vysočany
01/16/2023,580,Bernie,Francino,bfrancinog3@miibeian.gov.cn,Female,Yanwo
02/18/2023,581,Dosi,De Bruyne,ddebruyneg4@time.com,Female,Cuauhtemoc
01/06/2023,582,Loree,Houlison,lhoulisong5@mtv.com,Female,Molave
03/18/2023,583,Dulci,Lippett,dlippettg6@infoseek.co.jp,Female,Mamanguape
03/17/2023,584,Edmon,Lafflin,elaffling7@google.pl,Male,Xifangcheng
03/19/2023,585,Meghan,Braithwaite,mbraithwaiteg8@aol.com,Female,Domoni
04/09/2023,586,Renault,Tollit,rtollitg9@state.gov,Male,Hongwei
03/24/2023,587,Rickie,MacIlriach,rmacilriachga@prweb.com,Male,Kastornoye
02/12/2023,588,Pauly,Spinney,pspinneygb@goodreads.com,Male,Kanália
01/30/2023,589,Harvey,Pennicott,hpennicottgc@e-recht24.de,Male,Venda Nova
01/25/2023,590,Emmerich,Harrowing,eharrowinggd@moonfruit.com,Male,Dasha
01/31/2023,591,Connie,D'Abbot-Doyle,cdabbotdoylege@columbia.edu,Male,Tân Hiệp
01/09/2023,592,Byrle,Hawkslee,bhawksleegf@google.com.hk,Male,Oullins
01/12/2023,593,Georas,Mulrenan,gmulrenangg@guardian.co.uk,Male,Oklahoma City
01/16/2023,594,Catherine,Sharpous,csharpousgh@dion.ne.jp,Bigender,Fushi
04/02/2023,595,Alexina,Linay,alinaygi@ustream.tv,Female,Houk
01/30/2023,596,Benjamin,Giorgietto,bgiorgiettogj@addthis.com,Genderfluid,Vrbice
03/07/2023,597,Christophorus,Roches,crochesgk@shinystat.com,Male,Villa Bisonó
01/05/2023,598,Shirleen,Curr,scurrgl@home.pl,Female,Huanshan
01/16/2023,599,Lexine,Goulborn,lgoulborngm@surveymonkey.com,Female,Trollhättan
01/08/2023,600,Culver,Duesberry,cduesberrygn@imgur.com,Male,Rēzekne
03/08/2023,601,Erastus,Westmerland,ewestmerlandgo@etsy.com,Non-binary,Matalam
03/12/2023,602,Annabelle,Kingcote,akingcotegp@yelp.com,Female,Cimongkor
02/05/2023,603,Cissy,Cridlin,ccridlingq@washingtonpost.com,Female,Infantas
03/17/2023,604,Nancee,Chazette,nchazettegr@nature.com,Female,Imeni Tsyurupy
03/09/2023,605,Krishna,Emblem,kemblemgs@auda.org.au,Male,Kota Kinabalu
04/11/2023,606,Perla,Massot,pmassotgt@ihg.com,Female,Bishan
01/31/2023,607,Tiffany,Heald,thealdgu@omniture.com,Female,Xialaxiu
01/19/2023,608,Garrard,Castagneto,gcastagnetogv@netvibes.com,Male,Vimieiro
03/15/2023,609,Constantin,Cockshut,ccockshutgw@youtube.com,Male,Chenghe
03/04/2023,610,Helli,Illes,hillesgx@weebly.com,Female,Ljubovija
04/09/2023,611,Enrico,Bashford,ebashfordgy@pbs.org,Male,Novomichurinsk
02/23/2023,612,Quinlan,Weald,qwealdgz@unc.edu,Male,Bajingmeduro
01/30/2023,613,Shellysheldon,Renne,srenneh0@wikimedia.org,Male,Meitang
02/06/2023,614,Ervin,Coils,ecoilsh1@ted.com,Male,Longxing
03/14/2023,615,Giraud,Muscroft,gmuscrofth2@fc2.com,Male,Yingde’er
04/12/2023,616,Austin,O'Rafferty,aoraffertyh3@cnn.com,Polygender,Qasr Abu Hadi
03/15/2023,617,Den,Pindred,dpindredh4@businesswire.com,Male,Kéfalos
01/05/2023,618,Ailis,Stather,astatherh5@upenn.edu,Female,Longgang
01/22/2023,619,Quinton,Desson,qdessonh6@thetimes.co.uk,Agender,Hanyuan
03/22/2023,620,Josy,Prestidge,jprestidgeh7@homestead.com,Female,Zengfu
02/27/2023,621,Maryanna,Winsome,mwinsomeh8@lycos.com,Female,Salaverry
03/19/2023,622,Frankie,Heindrich,fheindrichh9@instagram.com,Male,Phumĭ Véal Srê
01/26/2023,623,Jamison,Sponton,jspontonha@instagram.com,Bigender,Toledo
03/11/2023,624,Vita,Magog,vmagoghb@is.gd,Female,Jacareí
04/14/2023,625,Regan,Whelpton,rwhelptonhc@facebook.com,Male,La Esperanza
02/22/2023,626,Tybie,Van den Dael,tvandendaelhd@wordpress.org,Female,Kosamphi Nakhon
02/26/2023,627,Vanda,Selwood,vselwoodhe@ox.ac.uk,Female,Impalutao
01/08/2023,628,Kaja,Kurth,kkurthhf@ca.gov,Female,Dongdu
02/13/2023,629,Eric,Sainsbury,esainsburyhg@csmonitor.com,Male,Nowy Tomyśl
01/17/2023,630,Bryan,Mabbs,bmabbshh@wp.com,Male,Hartford
03/22/2023,631,Mack,Francello,mfrancellohi@dot.gov,Male,San Jose
02/20/2023,632,Allison,Plumtree,aplumtreehj@yellowpages.com,Female,Shatoujiao
01/04/2023,633,Kiley,Imison,kimisonhk@simplemachines.org,Male,Kuloy
02/06/2023,634,Sampson,Mingame,smingamehl@eventbrite.com,Male,Sandgerði
02/18/2023,635,Sollie,Prall,sprallhm@devhub.com,Male,Chon Buri
03/20/2023,636,Benton,Antonovic,bantonovichn@amazon.de,Male,Bukabu
01/24/2023,637,Prudy,Lindfors,plindforsho@ucsd.edu,Female,Chencai
02/19/2023,638,Olympe,Cowern,ocowernhp@omniture.com,Non-binary,Cluain Meala
03/09/2023,639,Ulrike,Spada,uspadahq@theatlantic.com,Female,Apalit
01/21/2023,640,Lorena,Worgen,lworgenhr@seesaa.net,Female,Andrijevica
01/28/2023,641,Bern,Olensby,bolensbyhs@twitter.com,Male,Kuchinarai
03/01/2023,642,Albie,Davisson,adavissonht@i2i.jp,Male,Zaječí
02/27/2023,643,Twyla,Tibb,ttibbhu@wired.com,Female,Campo Largo
02/16/2023,644,Koral,Cudby,kcudbyhv@clickbank.net,Female,Portumna
04/08/2023,645,Jerry,Kalisch,jkalischhw@multiply.com,Agender,Chernigovka
01/08/2023,646,Webster,Rymour,wrymourhx@github.com,Male,Liuji
04/10/2023,647,Eudora,Sleany,esleanyhy@miitbeian.gov.cn,Female,Kumai
02/10/2023,648,Myrtice,Huckerby,mhuckerbyhz@cargocollective.com,Genderqueer,Huili
01/03/2023,649,Carry,Mansuer,cmansueri0@acquirethisname.com,Female,Eišiškės
02/16/2023,650,Frankie,Winney,fwinneyi1@typepad.com,Male,Armenia
03/05/2023,651,Lydia,Broadey,lbroadeyi2@hao123.com,Non-binary,Warungawi
01/24/2023,652,Kathie,McGuirk,kmcguirki3@typepad.com,Female,Kuanda
01/08/2023,653,Gage,Sheircliffe,gsheircliffei4@list-manage.com,Male,Novoselec
02/14/2023,654,Maryanne,Partener,mparteneri5@yellowpages.com,Female,Guimarães
02/22/2023,655,Nita,Glasman,nglasmani6@nytimes.com,Female,Despotovac
03/19/2023,656,Hayes,Kesby,hkesbyi7@craigslist.org,Male,Bobrovka
03/16/2023,657,Claudius,Loffill,cloffilli8@smh.com.au,Male,Yangjiao
02/02/2023,658,Benedicta,Sanper,bsanperi9@prweb.com,Female,Vokhaïkó
03/24/2023,659,Coraline,Ivens,civensia@archive.org,Female,Cepões
03/03/2023,660,Blisse,O'Corrin,bocorrinib@domainmarket.com,Female,Shido
02/02/2023,661,Roarke,Orteu,rorteuic@360.cn,Male,Chmielno
03/08/2023,662,Maritsa,Depper,mdepperid@macromedia.com,Female,Huangshi
03/12/2023,663,Seumas,Boas,sboasie@purevolume.com,Male,Tālīn
02/12/2023,664,Ara,Somerscales,asomerscalesif@qq.com,Male,Konsoy
03/15/2023,665,Aguste,Berth,aberthig@dedecms.com,Non-binary,Beishan
02/09/2023,666,Tynan,Este,testeih@unicef.org,Male,Ochakovo-Matveyevskoye
01/23/2023,667,Cathlene,Gaughan,cgaughanii@tiny.cc,Female,San Juan Nepomuceno
02/15/2023,668,Meier,Weavill,mweavillij@kickstarter.com,Male,Altan Emel
04/09/2023,669,Mable,Calvey,mcalveyik@discuz.net,Bigender,Longgang
03/31/2023,670,Gwenni,Bolino,gbolinoil@hibu.com,Non-binary,Chivhu
01/30/2023,671,Star,Hambatch,shambatchim@goo.ne.jp,Female,Toyota
03/06/2023,672,Rici,Schutze,rschutzein@typepad.com,Female,Girijaya
02/28/2023,673,Davy,Flux,dfluxio@ucoz.com,Male,Gulou
03/23/2023,674,Eryn,Gibberd,egibberdip@ow.ly,Female,Sathon
01/17/2023,675,Eldin,Balchin,ebalchiniq@wunderground.com,Agender,Shibi
02/12/2023,676,Rossy,Menego,rmenegoir@blinklist.com,Male,Windsor
01/25/2023,677,Jere,Bentinck,jbentinckis@howstuffworks.com,Genderqueer,Shtip
03/12/2023,678,Stepha,Cicconetti,scicconettiit@cam.ac.uk,Female,Xiaxi
01/29/2023,679,Barbabra,Smallcombe,bsmallcombeiu@storify.com,Female,Babakanloa
04/01/2023,680,Jakob,Forsey,jforseyiv@istockphoto.com,Male,Maigo
02/18/2023,681,York,McGriele,ymcgrieleiw@ca.gov,Male,Proboštov
02/20/2023,682,Adriano,Sindell,asindellix@nih.gov,Male,Évora
03/09/2023,683,Erhard,Ambridge,eambridgeiy@cloudflare.com,Male,Dārāb
02/28/2023,684,Dolorita,Abys,dabysiz@livejournal.com,Female,Tangub
02/12/2023,685,Ardine,Lavin,alavinj0@eepurl.com,Female,Zhovti Vody
01/08/2023,686,Ambrosi,McCaskill,amccaskillj1@bizjournals.com,Male,Juhaynah
01/24/2023,687,Sid,Goskar,sgoskarj2@prlog.org,Male,Sypniewo
01/26/2023,688,Jaquelyn,Tomkins,jtomkinsj3@diigo.com,Female,Minbu
04/08/2023,689,Hillel,Faragan,hfaraganj4@mapquest.com,Male,Puerto Rico
02/21/2023,690,Chuck,Mouton,cmoutonj5@thetimes.co.uk,Male,Jangas
04/07/2023,691,Quent,Quinby,qquinbyj6@reuters.com,Male,Matai
03/11/2023,692,Renado,Daynter,rdaynterj7@cloudflare.com,Male,Tsybli
02/28/2023,693,Gale,Hirschmann,ghirschmannj8@google.com.hk,Female,Kendalngupuk
01/14/2023,694,Molli,Stovell,mstovellj9@prlog.org,Female,Stockholm
01/12/2023,695,Brook,Skinner,bskinnerja@pbs.org,Female,Kalmar
02/25/2023,696,Fannie,Benoiton,fbenoitonjb@yahoo.com,Female,Wuling
04/15/2023,697,Patten,Attiwill,pattiwilljc@chronoengine.com,Male,Bolesławiec
02/13/2023,698,Dehlia,Bonny,dbonnyjd@com.com,Female,Enrile
03/08/2023,699,Florinda,Mayhead,fmayheadje@exblog.jp,Female,Cintawana
04/03/2023,700,Graham,Baumert,gbaumertjf@addtoany.com,Male,Dogarmo
03/26/2023,701,Vernen,Barke,vbarkejg@wp.com,Male,Guará
03/29/2023,702,West,Towl,wtowljh@cbslocal.com,Male,Chagou
02/04/2023,703,Burt,McAllen,bmcallenji@ucla.edu,Male,Shanlian
02/25/2023,704,Quinton,Lebel,qlebeljj@google.com.hk,Male,Mancilang
03/18/2023,705,Leroy,Bronger,lbrongerjk@godaddy.com,Male,Hunkuyi
03/02/2023,706,Leo,Bartelot,lbartelotjl@rediff.com,Male,Jiehu
03/23/2023,707,Neda,Doudney,ndoudneyjm@eventbrite.com,Female,Borovikha
03/05/2023,708,Karen,Heigl,kheigljn@jugem.jp,Female,Henghe
03/12/2023,709,Ignaz,Brandone,ibrandonejo@pinterest.com,Male,Dadap
02/25/2023,710,Marya,Stockill,mstockilljp@ihg.com,Non-binary,Huilongshan
01/12/2023,711,Abbey,Shorten,ashortenjq@hubpages.com,Female,Lodan Wetan
01/05/2023,712,Olia,Hitcham,ohitchamjr@goodreads.com,Genderqueer,Goussainville
03/21/2023,713,Sandy,Autin,sautinjs@unicef.org,Female,Kushelevka
04/01/2023,714,Nert,Kinner,nkinnerjt@indiatimes.com,Female,Manakara
01/08/2023,715,Ave,Illidge,aillidgeju@php.net,Male,Moñitos
01/08/2023,716,Ted,Courage,tcouragejv@joomla.org,Female,Iwai
04/11/2023,717,Lorettalorna,Crossingham,lcrossinghamjw@eepurl.com,Female,Beau Vallon
02/10/2023,718,Joanne,Leythley,jleythleyjx@cargocollective.com,Female,Beichengqu
03/04/2023,719,Demetre,Paoletti,dpaolettijy@symantec.com,Male,Ituberá
03/09/2023,720,Marshal,Muffitt,mmuffittjz@jugem.jp,Male,Xingfeng
03/29/2023,721,Donall,Cortin,dcortink0@yellowpages.com,Male,Sandymount
02/23/2023,722,Melany,De Zuani,mdezuanik1@canalblog.com,Female,Talalayivka
03/23/2023,723,Angeli,Brack,abrackk2@cpanel.net,Male,Checca
03/02/2023,724,Joann,Younge,jyoungek3@issuu.com,Female,Ban Phan Don
04/11/2023,725,Hersch,Pancast,hpancastk4@networkadvertising.org,Male,Erie
03/15/2023,726,Wynny,Glasner,wglasnerk5@ning.com,Polygender,Capitán Bado
02/07/2023,727,Pooh,Poschel,pposchelk6@hao123.com,Male,Maromme
02/06/2023,728,Annabal,Beard,abeardk7@accuweather.com,Female,Daliyuan
02/15/2023,729,Yettie,Cobbe,ycobbek8@is.gd,Female,Yanggang
02/27/2023,730,Fan,Inkles,finklesk9@163.com,Agender,‘Abs
01/23/2023,731,Maryjo,Sharville,msharvilleka@meetup.com,Female,Villasis
02/12/2023,732,Eugen,Chaffin,echaffinkb@parallels.com,Male,Kandun
01/22/2023,733,Dene,Bidder,dbidderkc@chicagotribune.com,Male,Dapeng
04/10/2023,734,Stanleigh,Aldridge,saldridgekd@nba.com,Male,Kaulon
04/14/2023,735,Aeriell,Payfoot,apayfootke@goo.ne.jp,Female,Ohafia-Ifigh
02/01/2023,736,Angel,Camelli,acamellikf@comsenz.com,Male,Huangli
02/23/2023,737,Quincy,Bour,qbourkg@utexas.edu,Male,Ostroróg
02/27/2023,738,Guinna,Trott,gtrottkh@marketwatch.com,Female,Hronov
03/18/2023,739,Tonye,Ackers,tackerski@pagesperso-orange.fr,Female,Atafu Village
01/20/2023,740,Ellette,Fairhead,efairheadkj@marriott.com,Female,Dahe
03/09/2023,741,Tammy,Tasker,ttaskerkk@webnode.com,Female,Kiyevskoye
03/16/2023,742,Maia,Baggallay,mbaggallaykl@nsw.gov.au,Female,Shixi
02/17/2023,743,Garret,Connerly,gconnerlykm@mysql.com,Male,Dengmingsi
02/21/2023,744,Mattie,Swanborrow,mswanborrowkn@aol.com,Genderqueer,Göteborg
01/01/2023,745,Fabiano,Feely,ffeelyko@cbsnews.com,Male,Acarí
04/03/2023,746,Bernadette,Carl,bcarlkp@istockphoto.com,Female,Waekolong
02/11/2023,747,Chase,Lotze,clotzekq@yellowbook.com,Male,Barranco de Loba
02/22/2023,748,Norene,Parkhouse,nparkhousekr@home.pl,Female,Panjiawan
03/19/2023,749,Lauri,Masselin,lmasselinks@ifeng.com,Female,Xai-Xai
04/06/2023,750,Sunny,Gandley,sgandleykt@phoca.cz,Male,Lukou
04/07/2023,751,Eduardo,Fice,eficeku@nationalgeographic.com,Male,Sājir
01/19/2023,752,Lexis,Brinson,lbrinsonkv@fda.gov,Female,Lianhe
04/11/2023,753,Bertrando,Merrett,bmerrettkw@sciencedirect.com,Male,Gävle
02/02/2023,754,Meghann,Kmicicki,mkmicickikx@fda.gov,Female,Hezuo
03/05/2023,755,Sayre,Baldick,sbaldickky@columbia.edu,Male,Boneng
01/20/2023,756,Garth,Andreix,gandreixkz@g.co,Male,Al Farwānīyah
03/19/2023,757,Giffie,Lowery,gloweryl0@who.int,Genderfluid,Tafí del Valle
03/10/2023,758,Inglis,Thackeray,ithackerayl1@qq.com,Genderfluid,Lecherías
03/02/2023,759,Hetty,Gossage,hgossagel2@spotify.com,Female,Bacnotan
03/31/2023,760,Ricca,Ever,reverl3@lycos.com,Female,Mardakyany
02/10/2023,761,Carlos,Dredge,cdredgel4@state.gov,Male,Guojiaba
03/13/2023,762,Cybill,Cammell,ccammelll5@istockphoto.com,Female,Göteborg
02/04/2023,763,Violette,Crum,vcruml6@topsy.com,Female,Huabeitun
04/07/2023,764,Tobe,Shakesbye,tshakesbyel7@goo.ne.jp,Male,Tambong
02/11/2023,765,Laurena,Somerbell,lsomerbelll8@howstuffworks.com,Female,Łomianki
01/30/2023,766,Osbourn,Cracoe,ocracoel9@bizjournals.com,Male,Huangtan
04/14/2023,767,Kellen,Daley,kdaleyla@xinhuanet.com,Male,Villazón
04/01/2023,768,Lawrence,Gluyas,lgluyaslb@bbc.co.uk,Male,Nong Phai
04/06/2023,769,Bogart,Semble,bsemblelc@1und1.de,Male,Nanterre
01/03/2023,770,Gwendolen,Baudoux,gbaudouxld@apple.com,Female,Niedrzwica Duża
01/06/2023,771,Vivia,Corker,vcorkerle@comcast.net,Female,Carania
03/05/2023,772,Christen,Rudiger,crudigerlf@issuu.com,Female,San Marcos
02/18/2023,773,Ezra,Jedryka,ejedrykalg@about.com,Polygender,Łukowa
01/09/2023,774,Maurice,Coulston,mcoulstonlh@fema.gov,Male,Changtang
03/27/2023,775,Darleen,Braunthal,dbraunthalli@ow.ly,Female,Três Passos
03/28/2023,776,Merla,Gamblin,mgamblinlj@nps.gov,Female,Břeclav
03/27/2023,777,Elene,Broadwood,ebroadwoodlk@bloglovin.com,Female,Kunwi
02/24/2023,778,Dorthea,Kasbye,dkasbyell@lulu.com,Female,Löddeköpinge
03/07/2023,779,Buckie,Painter,bpainterlm@independent.co.uk,Male,Lanshan
01/02/2023,780,Fran,Macklin,fmacklinln@cmu.edu,Male,Era
02/06/2023,781,Jocelyne,O'Mullaney,jomullaneylo@amazon.co.uk,Female,Kangin
02/19/2023,782,Corena,Dumbell,cdumbelllp@ocn.ne.jp,Bigender,Ullulluco
01/21/2023,783,Desiri,McKelloch,dmckellochlq@furl.net,Female,Marcabal
01/10/2023,784,Jedediah,Clews,jclewslr@multiply.com,Male,Rio do Sul
01/12/2023,785,Mill,Heindle,mheindlels@issuu.com,Male,Schaan
03/22/2023,786,Krystyna,Mizen,kmizenlt@samsung.com,Female,Dongdu
02/11/2023,787,Crissy,Ewbanck,cewbancklu@geocities.com,Female,Lelystad
03/17/2023,788,Christiano,Venning,cvenninglv@cyberchimps.com,Male,Koźmin Wielkopolski
01/26/2023,789,Zaneta,Garahan,zgarahanlw@weibo.com,Female,Morteros
02/02/2023,790,Clovis,Yokelman,cyokelmanlx@hatena.ne.jp,Genderqueer,Perpignan
02/07/2023,791,Clevey,O'Lennane,colennanely@usgs.gov,Male,Canhestros
01/06/2023,792,Leilah,Vlasin,lvlasinlz@people.com.cn,Female,Si That
03/11/2023,793,Sharl,Everard,severardm0@answers.com,Female,Buga
04/02/2023,794,Martin,Mulford,mmulfordm1@samsung.com,Male,Giv'on HaHadasha
02/16/2023,795,Sanderson,Kincey,skinceym2@yellowpages.com,Male,Thành Phố Hạ Long
01/24/2023,796,Reinald,St Ledger,rstledgerm3@storify.com,Male,Smilavichy
01/05/2023,797,Pammie,Lease,pleasem4@fotki.com,Female,Srpska Crnja
03/07/2023,798,Bertie,Gaunt,bgauntm5@nsw.gov.au,Male,Davyd-Haradok
01/06/2023,799,Vonni,Lansdown,vlansdownm6@washington.edu,Female,Huata
01/13/2023,800,Malena,Neilson,mneilsonm7@angelfire.com,Bigender,Maopingchang
03/07/2023,801,Zachery,Tumielli,ztumiellim8@jiathis.com,Male,Dumingag
02/13/2023,802,Vivia,McCaughran,vmccaughranm9@yahoo.com,Female,Ko Si Chang
03/06/2023,803,Kelsey,Bottle,kbottlema@bbc.co.uk,Male,Markópoulo Oropoú
01/27/2023,804,Mose,Gateland,mgatelandmb@virginia.edu,Male,Nuwara Eliya
04/12/2023,805,Berkie,Hartburn,bhartburnmc@squidoo.com,Male,Yangdian
04/10/2023,806,Baily,Downgate,bdowngatemd@skype.com,Male,Pointe Michel
02/22/2023,807,Camel,Morriss,cmorrissme@buzzfeed.com,Female,Kōfu-shi
01/13/2023,808,Dawna,Kwietek,dkwietekmf@altervista.org,Female,Hamburg
04/15/2023,809,Lem,Boulden,lbouldenmg@china.com.cn,Male,Ichuña
03/09/2023,810,Milt,Whittick,mwhittickmh@toplist.cz,Male,Tullich
03/05/2023,811,Gustavus,Alexsandrov,galexsandrovmi@samsung.com,Genderfluid,Ciego de Ávila
04/10/2023,812,Deva,Spark,dsparkmj@amazon.co.uk,Female,Prey Veng
02/09/2023,813,Howard,Meeny,hmeenymk@jugem.jp,Male,Manjo
04/14/2023,814,Christiano,Jobe,cjobeml@yandex.ru,Male,Uusikaupunki
01/16/2023,815,Ignacio,Frankcom,ifrankcommm@boston.com,Male,Hebei
03/13/2023,816,Lev,Jakobssen,ljakobssenmn@bbb.org,Male,General Alvear
03/14/2023,817,Marve,Vigours,mvigoursmo@patch.com,Male,Carcar
01/12/2023,818,Tobie,Schole,tscholemp@geocities.jp,Male,Washington
02/24/2023,819,Marcus,Domney,mdomneymq@vistaprint.com,Male,Sergiyev Posad
01/10/2023,820,Leontine,McTrustrie,lmctrustriemr@cocolog-nifty.com,Female,Artemivs’k
01/25/2023,821,Sutherlan,Schimke,sschimkems@europa.eu,Male,Cácota
01/21/2023,822,Essa,Sotworth,esotworthmt@noaa.gov,Female,Dingtou
01/26/2023,823,Ailsun,Pocknell,apocknellmu@sohu.com,Female,Sandovo
03/15/2023,824,Gerrard,Kubecka,gkubeckamv@foxnews.com,Male,Gaphatshwe
02/12/2023,825,Allissa,Wyllis,awyllismw@yolasite.com,Female,Vorontsovka
04/12/2023,826,Leora,Elan,lelanmx@xrea.com,Female,Kinamayan
01/19/2023,827,Kial,Wardhaw,kwardhawmy@hhs.gov,Female,Blimbing
01/28/2023,828,Derick,Scotford,dscotfordmz@creativecommons.org,Male,Peraía
02/10/2023,829,Sharron,Briston,sbristonn0@flickr.com,Female,Quyangqiao
01/11/2023,830,Troy,Sherville,tshervillen1@hc360.com,Male,Gustavsberg
02/18/2023,831,Gustav,Loomes,gloomesn2@gizmodo.com,Male,Bordeaux
03/06/2023,832,Kristel,Morrilly,kmorrillyn3@nytimes.com,Female,Kakogawachō-honmachi
04/15/2023,833,Werner,Wyke,wwyken4@blogger.com,Male,Boulder
02/12/2023,834,Porter,Cornuau,pcornuaun5@naver.com,Male,Revda
01/30/2023,835,Odelle,Crayke,ocrayken6@dropbox.com,Female,Xiumei
02/13/2023,836,Yorker,Aldam,yaldamn7@chicagotribune.com,Male,Karlstad
03/23/2023,837,Nanette,Bewsey,nbewseyn8@reference.com,Female,Limen
01/01/2023,838,Charil,Morland,cmorlandn9@wikimedia.org,Female,Maredakamau
04/13/2023,839,Gustie,Glancy,gglancyna@nature.com,Female,Banxi
03/03/2023,840,Wat,Caldera,wcalderanb@list-manage.com,Male,Almoínhas Velhas
02/17/2023,841,Emmit,Bromley,ebromleync@ifeng.com,Male,Courelas Bravas
01/22/2023,842,Barr,Hews,bhewsnd@sourceforge.net,Male,Atolina
02/26/2023,843,Nonah,Nock,nnockne@vistaprint.com,Female,Nis’oni
01/01/2023,844,Gun,Castangia,gcastangianf@theguardian.com,Male,Tarlac City
03/07/2023,845,Jedd,De Angelo,jdeangelong@tamu.edu,Male,El Corozo
03/11/2023,846,Ladonna,Jachtym,ljachtymnh@stumbleupon.com,Female,Pedro Sánchez
03/24/2023,847,Standford,Ruggier,sruggierni@spiegel.de,Male,Rząśnik
03/25/2023,848,Noach,Bodycombe,nbodycombenj@usa.gov,Male,Lewoluo
04/16/2023,849,Nicol,Danelut,ndanelutnk@exblog.jp,Female,Bamban
01/23/2023,850,Lorry,Rydeard,lrydeardnl@storify.com,Bigender,Baton Rouge
02/27/2023,851,Kylila,Graveston,kgravestonnm@ca.gov,Female,Novaya Usman’
04/04/2023,852,Wilt,Stolze,wstolzenn@arstechnica.com,Male,Melfort
02/14/2023,853,Adriaens,Kasbye,akasbyeno@com.com,Female,Lian
03/26/2023,854,Rickey,Fayerbrother,rfayerbrothernp@pen.io,Male,Baitian
01/02/2023,855,Spencer,Poulson,spoulsonnq@ihg.com,Genderfluid,Beishan
03/01/2023,856,Wadsworth,Samson,wsamsonnr@umich.edu,Male,Mahajanga
01/16/2023,857,Ardyce,Einchcombe,aeinchcombens@marriott.com,Female,El Triunfo de la Cruz
03/25/2023,858,Damiano,Gateman,dgatemannt@wired.com,Male,Bilajer
02/16/2023,859,Jocelyn,Hughes,jhughesnu@java.com,Female,Ustupo
02/02/2023,860,Sheffie,Cuesta,scuestanv@ow.ly,Male,Riyom
01/09/2023,861,Gertruda,Potte,gpottenw@seattletimes.com,Female,Malinta
01/22/2023,862,Alyosha,Parysowna,aparysownanx@flavors.me,Male,Kisii
03/30/2023,863,Collen,Finnis,cfinnisny@github.io,Female,Sawangan
01/29/2023,864,Maud,Leveridge,mleveridgenz@tinyurl.com,Female,Tuba
02/27/2023,865,Fransisco,Borrel,fborrelo0@netscape.com,Male,Hohhot
01/17/2023,866,Guenna,McCrohon,gmccrohono1@nasa.gov,Female,Abadou
03/17/2023,867,Farand,Beddis,fbeddiso2@networkadvertising.org,Female,Victoria
02/08/2023,868,Tonye,Jurisch,tjurischo3@tripadvisor.com,Female,Cerro Colorado
02/25/2023,869,Gert,Srutton,gsruttono4@ted.com,Female,Duowa
02/14/2023,870,Saxe,Grason,sgrasono5@narod.ru,Male,Huanggang
04/15/2023,871,Lucina,Adess,ladesso6@amazonaws.com,Female,Kolonnawa
01/27/2023,872,Verene,Carlsson,vcarlssono7@photobucket.com,Female,Jāsim
03/21/2023,873,Ailene,Spaice,aspaiceo8@bizjournals.com,Female,Carquefou
03/25/2023,874,Lorraine,Petracco,lpetraccoo9@nasa.gov,Female,Kongjiafang
02/05/2023,875,Harriet,Wilber,hwilberoa@mlb.com,Female,Toshkivka
03/26/2023,876,Amaleta,MacAleese,amacaleeseob@cmu.edu,Female,Gœsdorf
01/18/2023,877,Janith,MacCheyne,jmaccheyneoc@wordpress.com,Female,Kurmanayevka
04/11/2023,878,Whitaker,Anthill,wanthillod@comsenz.com,Male,Amirdzhan
01/12/2023,879,Dayle,Froude,dfroudeoe@zdnet.com,Female,Solomenskoye
02/25/2023,880,Stanley,Habron,shabronof@amazon.co.uk,Male,Siem Reap
03/27/2023,881,Francisca,Saunders,fsaundersog@java.com,Bigender,Arboga
02/18/2023,882,Hale,Deniso,hdenisooh@ihg.com,Male,Hà Tĩnh
01/12/2023,883,Gregory,Dunham,gdunhamoi@google.ru,Genderqueer,Magsaysay
03/02/2023,884,Lucky,Gallyhaock,lgallyhaockoj@wikia.com,Female,Khuma
03/05/2023,885,Alan,Eldred,aeldredok@fotki.com,Male,Niitsu-honchō
01/02/2023,886,Oates,Esplin,oesplinol@shop-pro.jp,Male,Tuchów
01/01/2023,887,Vikky,Tregenza,vtregenzaom@kickstarter.com,Female,Zushi
02/11/2023,888,Sherrie,Gammons,sgammonson@plala.or.jp,Female,Gaopai
01/28/2023,889,Ruddy,Brigstock,rbrigstockoo@mac.com,Male,Wates
04/08/2023,890,Katuscha,Ratt,krattop@nyu.edu,Female,Bugojno
01/28/2023,891,Samuel,Reddan,sreddanoq@dailymail.co.uk,Male,Barat
01/11/2023,892,Terese,Henlon,thenlonor@webnode.com,Female,Gourma Rharous
03/20/2023,893,Florry,Dufaire,fdufaireos@ox.ac.uk,Female,Hwangju-ŭp
02/20/2023,894,Adam,Biasioni,abiasioniot@indiegogo.com,Male,Thị Trấn Mường Khến
01/11/2023,895,Lira,Sowrah,lsowrahou@hubpages.com,Female,Zoushi
02/08/2023,896,Titus,Mapston,tmapstonov@sogou.com,Male,Kota Kinabalu
04/04/2023,897,Korie,Hitzmann,khitzmannow@disqus.com,Female,Juntas
02/27/2023,898,Elene,Meharg,emehargox@merriam-webster.com,Female,Garoua Boulaï
02/09/2023,899,Rene,Kilius,rkiliusoy@g.co,Male,Baní
04/09/2023,900,Rodney,Cuffley,rcuffleyoz@shinystat.com,Male,Lhasa
02/22/2023,901,Elisha,Nutton,enuttonp0@wordpress.org,Male,Alençon
03/24/2023,902,Dew,Colyer,dcolyerp1@sakura.ne.jp,Male,Juiz de Fora
02/26/2023,903,Jordon,Rowlson,jrowlsonp2@php.net,Male,Bicas
04/05/2023,904,Shandie,Martinello,smartinellop3@netvibes.com,Female,Qianjin
02/10/2023,905,Sheppard,Verecker,svereckerp4@nyu.edu,Male,Arnhem
02/07/2023,906,Leigh,Andrewartha,landrewarthap5@cbsnews.com,Agender,Barotac Nuevo
02/24/2023,907,Hughie,Lombard,hlombardp6@huffingtonpost.com,Male,Wilmington
01/26/2023,908,Sharai,Veld,sveldp7@nasa.gov,Female,Zhanxu
02/24/2023,909,Bent,Larrosa,blarrosap8@indiatimes.com,Male,‘Afula ‘Illit
01/26/2023,910,Peder,Hartle,phartlep9@wordpress.org,Male,Tyszowce
01/15/2023,911,Franny,Daud,fdaudpa@youtu.be,Female,Belfast
03/23/2023,912,Aguste,Blaiklock,ablaiklockpb@ucla.edu,Male,Bondoboghila
03/28/2023,913,Daisey,Monelle,dmonellepc@cornell.edu,Female,Varniai
03/28/2023,914,Emily,Claisse,eclaissepd@opera.com,Female,Mörön
03/20/2023,915,Fay,Cutajar,fcutajarpe@reuters.com,Female,Sharan
04/12/2023,916,Dalia,Gumary,dgumarypf@odnoklassniki.ru,Female,Port Maria
02/26/2023,917,Cristen,Eagles,ceaglespg@cdbaby.com,Female,Rancharia
02/16/2023,918,Alford,Thrussell,athrussellph@who.int,Male,Labruge
01/24/2023,919,Mellicent,Arr,marrpi@toplist.cz,Female,La Libertad
02/08/2023,920,Rasia,Upward,rupwardpj@fc2.com,Female,Yingtou
01/17/2023,921,Mireielle,Byfford,mbyffordpk@earthlink.net,Female,Besançon
01/20/2023,922,Rowen,Sanderson,rsandersonpl@digg.com,Male,Hodošan
03/27/2023,923,Neila,Geraldini,ngeraldinipm@cpanel.net,Female,Cruz de Pau
01/29/2023,924,Evin,O'Leahy,eoleahypn@ebay.co.uk,Male,At-Bashi
03/19/2023,925,Tove,Baiyle,tbaiylepo@examiner.com,Female,Beigong
01/24/2023,926,Holly,Krinks,hkrinkspp@un.org,Non-binary,Jarabacoa
03/14/2023,927,Nata,Peter,npeterpq@yellowbook.com,Female,Qarah Bāgh Bāzār
03/09/2023,928,Guenevere,Locard,glocardpr@java.com,Female,May Pen
01/06/2023,929,Artur,Ridulfo,aridulfops@theatlantic.com,Male,Sunbu
04/02/2023,930,Bonita,Krook,bkrookpt@bigcartel.com,Female,Ambatofinandrahana
03/08/2023,931,Mil,Littrell,mlittrellpu@disqus.com,Female,Rawaglagah
01/07/2023,932,Harriett,Wagstaffe,hwagstaffepv@virginia.edu,Agender,Baita
03/22/2023,933,Susy,Edgeller,sedgellerpw@gnu.org,Female,Haarlem
01/12/2023,934,Mahalia,Shatford,mshatfordpx@independent.co.uk,Female,Aomori Shi
03/12/2023,935,Elyn,Seabourne,eseabournepy@washington.edu,Female,Comrat
03/14/2023,936,Tersina,Jeroch,tjerochpz@tinypic.com,Female,Maputsoe
03/29/2023,937,Chrotoem,Ronchi,cronchiq0@slashdot.org,Male,Stockholm
01/06/2023,938,Norry,Tandey,ntandeyq1@fotki.com,Female,Baguinge
02/16/2023,939,Dorelle,Springett,dspringettq2@theatlantic.com,Female,Vilar
03/07/2023,940,Celeste,Simmons,csimmonsq3@microsoft.com,Female,Facatativá
03/21/2023,941,Cornelius,McIlenna,cmcilennaq4@uol.com.br,Male,Yanjiatai
02/12/2023,942,Packston,Boaler,pboalerq5@stanford.edu,Male,Yinyang
01/07/2023,943,Bobinette,Hosby,bhosbyq6@woothemes.com,Female,Nastola
03/24/2023,944,Lind,Bampford,lbampfordq7@domainmarket.com,Male,Wielgie
03/10/2023,945,Gussie,Gorger,ggorgerq8@hc360.com,Female,Gading
04/16/2023,946,Harley,Jolin,hjolinq9@ibm.com,Female,Gongnong
03/02/2023,947,Garner,Dunseath,gdunseathqa@tumblr.com,Male,Alhos Vedros
02/23/2023,948,Evelin,Weinmann,eweinmannqb@columbia.edu,Male,Yuzui
03/01/2023,949,Pen,McGovern,pmcgovernqc@bluehost.com,Female,Cagwait
01/01/2023,950,Claudio,Vertey,cverteyqd@printfriendly.com,Male,Kiuruvesi
01/22/2023,951,Enoch,Congreve,econgreveqe@imdb.com,Male,Maymana
02/18/2023,952,Meredeth,Carnaman,mcarnamanqf@arstechnica.com,Male,Tomay Kichwa
01/05/2023,953,Trent,Pedrocco,tpedroccoqg@washington.edu,Male,Kachar
01/29/2023,954,Tamiko,Burder,tburderqh@wisc.edu,Genderqueer,Campamento
01/20/2023,955,Efrem,MacCole,emaccoleqi@google.ca,Male,Mitake
02/17/2023,956,Kalina,Drewe,kdreweqj@wufoo.com,Female,Sukakarya
01/01/2023,957,Alberta,Copper,acopperqk@mozilla.org,Female,Huayucachi
01/24/2023,958,Lyndsey,McKeon,lmckeonql@hud.gov,Female,Zhushan Chengguanzhen
02/19/2023,959,Emmit,Corpe,ecorpeqm@hibu.com,Male,Liushi
01/02/2023,960,Reggy,Cannell,rcannellqn@skyrock.com,Male,Schellenberg
04/13/2023,961,Lucina,Birtley,lbirtleyqo@tinypic.com,Female,Sukatani
04/11/2023,962,Jecho,Luggar,jluggarqp@google.com.au,Genderqueer,Frederiksberg
02/22/2023,963,Dollie,Varren,dvarrenqq@admin.ch,Female,Tugela Ferry
01/11/2023,964,Rhys,Mardle,rmardleqr@eepurl.com,Male,Sibbo
01/19/2023,965,Jillayne,Beadle,jbeadleqs@deviantart.com,Female,Daniëlskuil
03/14/2023,966,Rickert,Gwyneth,rgwynethqt@newyorker.com,Male,Sacramento
04/14/2023,967,Moses,Kamena,mkamenaqu@netlog.com,Male,Khoroshëvo-Mnevniki
02/27/2023,968,Paolo,Gerholz,pgerholzqv@live.com,Male,Tanggung
04/12/2023,969,Harwilll,Eglin,heglinqw@about.me,Male,Guimarães
02/03/2023,970,Mitch,Bradock,mbradockqx@i2i.jp,Male,Wangji
02/26/2023,971,Ronnica,Ginity,rginityqy@plala.or.jp,Agender,Bandong
04/03/2023,972,Nadeen,Hattigan,nhattiganqz@free.fr,Female,Tiantai
02/23/2023,973,Petra,Tchaikovsky,ptchaikovskyr0@webs.com,Female,Huangqiao
03/26/2023,974,Zack,Vogeller,zvogellerr1@stanford.edu,Male,Wuxi
04/08/2023,975,Bili,Jannings,bjanningsr2@un.org,Female,Xiamao
03/06/2023,976,Sophia,Ivy,sivyr3@wisc.edu,Female,Lantian
02/04/2023,977,Giraldo,Mallindine,gmallindiner4@yellowbook.com,Male,Viga
03/27/2023,978,Odie,MacFadzean,omacfadzeanr5@unblog.fr,Male,Pokrovskoye
03/06/2023,979,Fan,Slimme,fslimmer6@mapquest.com,Female,Manūjān
02/13/2023,980,Hercule,Jouanet,hjouanetr7@wiley.com,Male,Cungapmimbo
03/22/2023,981,Eddie,McCroft,emccroftr8@domainmarket.com,Male,Narimanov
01/22/2023,982,Shelton,Shorie,sshorier9@imdb.com,Male,Ḩājī Khēl
02/06/2023,983,Rance,Stanton,rstantonra@sciencedaily.com,Male,Tutnae
02/16/2023,984,Aurelie,Merrick,amerrickrb@yellowbook.com,Female,Kizhinga
01/22/2023,985,Lida,Jachtym,ljachtymrc@ezinearticles.com,Female,Pendolo
04/16/2023,986,Worth,Hurle,whurlerd@4shared.com,Male,Shangju
01/23/2023,987,Ingemar,Halfhead,ihalfheadre@oracle.com,Male,Balekersukamaju
04/06/2023,988,Willow,Sabbins,wsabbinsrf@skype.com,Genderqueer,Nanding
03/01/2023,989,Farleigh,Fasham,ffashamrg@amazon.com,Male,Hukvaldy
04/11/2023,990,Lemar,Bougen,lbougenrh@behance.net,Male,General Galarza
02/27/2023,991,Sydney,Zanutti,szanuttiri@ucsd.edu,Female,Yelizavetinskoye
01/14/2023,992,Haven,Checo,hchecorj@cam.ac.uk,Male,Ciudad Ojeda
02/21/2023,993,Beryl,Stapleford,bstaplefordrk@sourceforge.net,Female,Sirari
02/07/2023,994,Westleigh,Cosgry,wcosgryrl@reuters.com,Male,Le Pontet
03/02/2023,995,Ase,Snoddon,asnoddonrm@zdnet.com,Male,Bang Mun Nak
02/17/2023,996,Gerta,Eborall,geborallrn@paypal.com,Female,Xinxi
03/17/2023,997,Major,Ruffli,mruffliro@state.gov,Male,Powidz
02/05/2023,998,Ethe,Girsch,egirschrp@walmart.com,Male,Karlovy Vary
03/04/2023,999,Baldwin,Isson,bissonrq@blinklist.com,Male,Mizoch
01/15/2023,1000,Brynna,Alker,balkerrr@dedecms.com,Female,Kalāleh
